...1,gene_name,baseMean,log2FoldChange,lfcSE,stat,pvalue,padj
4,EMC10,1348.32988168787,-0.898985937272588,0.0600521666968623,-14.9700832912588,1.15176914999386e-50,5.89043537535611e-47
5,PKM,36580.7426731461,-0.62943310758654,0.0427546664199274,-14.7219744718478,4.658571890164749e-49,1.82726230805656e-45
16,SPATS2L,945.128624136202,-1.07375086212329,0.0836018036253382,-12.8436327394957,9.33872887445144e-38,1.19401485365408e-34
28,KRT8,15282.4482887995,-0.882962485333415,0.0759482989283631,-11.6258362305949,3.0459598843909097e-31,2.2254000483923197e-28
31,PRKAR1B,449.099336916563,-1.00505226843166,0.0874457425203538,-11.4934385536006,1.42331455557929e-30,9.3924986656405e-28
32,ARHGAP18,1110.82431838326,-1.54209106609696,0.134587963753346,-11.4578675766511,2.14736787453732e-30,1.37277201904406e-27
42,MYO1B,3528.53422628173,-0.590513239122442,0.0535138345644832,-11.0347771548848,2.5969448018519e-28,1.2648976145591498e-25
58,MISP,1037.15797536511,-0.958602799381896,0.0938688256949152,-10.2121528876634,1.74939490529031e-24,6.17023647888341e-22
63,RHOD,738.437468447173,-0.712918180934119,0.070492916009111,-10.1133308323063,4.82165504697844e-24,1.56566027454028e-21
64,PFKFB4,299.256167627085,-1.0608352162589,0.105052825513067,-10.0981121743075,5.6315829176903e-24,1.80008268354985e-21
69,GAPDH,27141.5421458868,-0.520579943916637,0.0521927222181872,-9.97418647259664,1.9771502855450198e-23,5.7780804844849404e-21
71,ANO1,402.813368480904,-2.29380166496188,0.230369841944553,-9.9570397131842,2.3495459511687798e-23,6.7696706370506604e-21
72,ZW10,509.725599806024,-0.558125478538504,0.0560762072118204,-9.95298195597037,2.4473771117268198e-23,6.953610218693821e-21
79,S100A10,3321.29712509761,-0.813814726259337,0.08258744415576,-9.85397640741227,6.58845723658268e-23,1.70607683150344e-20
81,LASP1,3449.13607215856,-0.494089821886299,0.0503282496964572,-9.81734562330865,9.48070027953974e-23,2.39440352615487e-20
89,RNPEP,1449.32110480127,-0.429166061267666,0.0444859530824579,-9.6472264058764,5.050318200899279e-22,1.1608354992786098e-19
90,IFT22,270.240535382979,-0.726739435389703,0.0753744776944415,-9.64171769568755,5.3288708195331595e-22,1.21125233727989e-19
91,CPVL,363.04367886506,-1.04863528547858,0.109136658147165,-9.60846065182385,7.36416569448488e-22,1.6554806330997499e-19
93,SLC1A3,571.311507773542,-2.00508132753174,0.209261504187691,-9.58170178177317,9.54588885055663e-22,2.0997876152240498e-19
97,C15orf39,501.228373521496,-0.643402241143077,0.0680253688835832,-9.45826905024474,3.1308282434948902e-21,6.602819935791239e-19
98,ALDH1A1,32.5158977993861,-3.59990189498512,0.381936592530446,-9.42539145342078,4.28504189471619e-21,8.944806330633579e-19
102,ADAM10,2975.25476651775,-0.323544255447626,0.0344701148036986,-9.38622506162671,6.21892307115156e-21,1.24725989477007e-18
103,DPY19L1,1026.41116120654,-0.49288907212292,0.052682151372225997,-9.35590250748132,8.28890016903036e-21,1.6462721432801399e-18
107,IDH1,1808.65404997169,-0.527835560346924,0.0565280019766519,-9.33759449988944,9.85475340876667e-21,1.88409991105738e-18
113,PTTG1IP,2848.81004762839,-0.354851961170091,0.0388249744189592,-9.13978609080055,6.257598198821379e-20,1.13284678188751e-17
116,VOPP1,397.257837695541,-0.540258436273559,0.0594959969900528,-9.08058463771749,1.0799319590280299e-19,1.904497248779e-17
129,SAMD9,1668.35780017817,-1.45861771381818,0.163000865041788,-8.94852744152151,3.6025589719511395e-19,5.71298828598484e-17
133,PAFAH1B2,2271.73280026022,-0.345100733282771,0.0389658064294109,-8.85650176156225,8.256458375342389e-19,1.2699426239427e-16
139,KRT18,6295.60350267734,-0.795081143538017,0.090581605574812707,-8.77751215042603,1.6713045647477e-18,2.4597034159024297e-16
152,TPM3,5375.1474360254,-0.396785491692723,0.0459924618784042,-8.62718531444898,6.28802480643245e-18,8.46277128060451e-16
161,AGPAT2,924.579538080458,-0.72927284624913,0.0848806990184858,-8.59173940226747,8.56625014078296e-18,1.0884458331055702e-15
177,ATP6V0E1,1130.10029753726,-0.550364275476539,0.065127836391888,-8.45052294021993,2.90000924313138e-17,3.3517225472733704e-15
178,OLA1,2050.82808769314,-0.427014098786226,0.0505446933385079,-8.44824788878285,2.9570699725736904e-17,3.3984708106146102e-15
219,SDC1,1466.09733328053,-0.6264164199801,0.0762530166679712,-8.21497230342646,2.12213232621148e-16,1.98230415512823e-14
232,AKAP1,1489.41191007326,-0.522525491035166,0.0645842292065063,-8.09060505103196,5.93690700841629e-16,5.23497011513673e-14
233,REEP5,2197.66071923104,-0.355159405458877,0.0439601860469921,-8.07911515841226,6.52383987847593e-16,5.72781941605074e-14
234,SEPTIN9,4684.95147432466,-0.472728896722879,0.058570064720367,-8.07116910284878,6.96282015500084e-16,6.08711162012189e-14
241,UBR3,948.655982731569,-0.531966719616,0.0667870039491494,-7.96512327489689,1.6505914551162402e-15,1.4010850372329e-13
244,PGAM1,966.36956676169,-0.505276527877212,0.0635536979545722,-7.95038753273461,1.8592896824144003e-15,1.5588315177520998e-13
246,DNAJC15,288.277950229193,-0.664193635049602,0.0836299373733053,-7.94205587031341,1.9885732402951102e-15,1.65366840555761e-13
247,ECHS1,1277.58734221481,-0.363052804564388,0.0457250150279766,-7.93991657175523,2.0231728981641802e-15,1.67562947278318e-13
249,VWA1,322.754194033013,-0.797251998980807,0.100496569964212,-7.9331264665522,2.1369661983124e-15,1.7556593381075e-13
252,APLP2,9631.13269912806,-0.341061888180691,0.0430391757682512,-7.9244521321034,2.29154402764304e-15,1.86024270529736e-13
254,ATPSCKMT,531.445977762345,-0.680333751608098,0.0859453278736024,-7.91588988535418,2.4549081876151704e-15,1.97716759031668e-13
260,MSX2,67.8907021607198,-1.21282682485808,0.153729649612718,-7.88934878804108,3.03767445138481e-15,2.39006562507612e-13
264,ACTR3,2999.78589598593,-0.361666463606808,0.0460153966877785,-7.85968370675517,3.851046412203131e-15,2.98412335054695e-13
273,PRPF19,2627.79474434691,-0.436285130320154,0.0558641221054402,-7.8097554186333,5.72990677604245e-15,4.29365212152016e-13
281,GTF3C6,500.588247539116,-0.399505208208374,0.0515396350112727,-7.75141710105232,9.08726620040222e-15,6.61559447194406e-13
289,SLC52A3,245.252192939828,-0.736625621560868,0.0955495073786763,-7.70936074679606,1.26449511583248e-14,8.931530976687309e-13
300,BAD,218.476977457931,-0.492527691468123,0.0641352464862615,-7.67951662232448,1.5968999519360402e-14,1.08892607722519e-12
301,FDX1,326.052405458515,-0.480845225511571,0.0626381537805407,-7.67655488691865,1.63424050643808e-14,1.1106863136280299e-12
304,MB21D2,46.7940871439576,-1.26270819771688,0.16534364912168,-7.63687147601069,2.2256346913126102e-14,1.4976910815849299e-12
319,SUSD1,301.526352771736,-0.54037899252221,0.0712932396246169,-7.57966667481362,3.46443871450232e-14,2.2216935041559198e-12
321,SRD5A1,1070.27441316424,-0.394323611406422,0.0520519021225891,-7.57558504735789,3.5751281125442404e-14,2.27839239247095e-12
329,TRIP6,1522.22124123662,-0.455985406205338,0.0604726352375861,-7.54035944380219,4.68677814078469e-14,2.9109161763027498e-12
331,SEPTIN7,3012.52745911643,-0.351602773464453,0.0466457067945893,-7.53773064288176,4.7822034427186e-14,2.9555751005345697e-12
338,EIF2AK1,2969.77702056832,-0.386750892792671,0.051529882608137,-7.50537112094254,6.125481014831741e-14,3.70736583196488e-12
340,PGRMC1,2384.39485195492,-0.250281266313229,0.0334073866223913,-7.49179422928816,6.79383786009762e-14,4.08769238541227e-12
345,LNPK,749.453723766056,-0.496836285375898,0.0665898806691625,-7.46113794443216,8.5778386536528e-14,5.08628537210943e-12
347,EEF1A2,3580.23069828652,-0.618368561954265,0.0829630462880797,-7.45354214462004,9.086695331658111e-14,5.35696041497781e-12
351,ANP32A,2777.00253809185,-0.261255220528311,0.0351921204989657,-7.4236850983728,1.13905794434719e-13,6.6364708107424896e-12
353,TPGS2,1474.50888052505,-0.41027099142961,0.0552914502502668,-7.42015247515832,1.16985578120096e-13,6.77952966459718e-12
355,SPOCK1,524.423348529462,-1.90249410890918,0.256577717613853,-7.41488437344513,1.21730962960043e-13,7.01478960358761e-12
356,DNAAF5,977.728782285387,-0.453127800562189,0.0611423227944053,-7.41103346835313,1.25318949984047e-13,7.20126337029113e-12
362,TMEM109,1063.99840497362,-0.540284031712437,0.0733265906942849,-7.3681869918786,1.72964071666084e-13,9.77438125434554e-12
370,CCDC47,2025.08330536811,-0.413933713301961,0.0563203753493591,-7.34962632500764,1.98761728249736e-13,1.0989374796769898e-11
376,LGALS3BP,5720.12861752966,-0.932191634622245,0.12719926625312,-7.32859286127664,2.32581779850419e-13,1.2654057102127698e-11
377,PSMD1,2807.81058449004,-0.381019996564542,0.0520933531344606,-7.31417683137182,2.58963938101322e-13,1.4014881697721598e-11
393,YWHAQ,4857.24709295353,-0.299336771069179,0.0412939640072369,-7.24892313599922,4.20098192128854e-13,2.18675539856997e-11
395,JPT1,2939.61576656319,-0.430560184710523,0.0594451323761908,-7.24298470707036,4.38916419330313e-13,2.27314257980765e-11
399,RIDA,365.126805510717,-0.414595946943923,0.0573690423741056,-7.2268235582586,4.94421784434666e-13,2.5349339459097697e-11
402,CTBP2,1231.5958489931,-0.434975413204393,0.0602405217111261,-7.22064485580402,5.174162031128819e-13,2.63303066345279e-11
407,FES,33.1481748453053,-1.67240079188911,0.23193066233865,-7.21077918299212,5.56326083715415e-13,2.7962561903111196e-11
408,DPP3,1220.46320806689,-0.424449044166162,0.0588816726481632,-7.208508608483,5.65679962024485e-13,2.8363026919448298e-11
414,LRRC42,1044.15959941158,-0.296362766749001,0.0412374187643752,-7.18674387556545,6.6354716319754e-13,3.2787884824956696e-11
419,EIF3B,4834.54856330956,-0.433417535945077,0.0605202444525299,-7.16152982965948,7.978164878439299e-13,3.89521047537548e-11
425,RAD23B,4340.39607806173,-0.367509864757439,0.0515663564488491,-7.12693100824349,1.02631501318949e-12,4.9400767587805596e-11
458,MAPRE2,439.419080753462,-0.548265254300315,0.0781370903039103,-7.01670937793901,2.2715440410626e-12,1.01460647266414e-10
463,PSMA7,3704.90892283119,-0.291572360356748,0.0417821220878889,-6.97839998991492,2.98560630275952e-12,1.31914790789528e-10
464,NEFL,56.9703209079864,-2.89311071809858,0.414609334026948,-6.97791988906488,2.99582391639351e-12,1.32080969520824e-10
472,PSMC3,1992.55933288963,-0.501302852728664,0.0721769448643935,-6.9454706578467,3.77200623507206e-12,1.63482905828112e-10
480,GSTP1,10274.7492263947,-0.310305867886219,0.0448976362836972,-6.91140767245455,4.79867812497509e-12,2.04513663338782e-10
486,CCNYL1,351.958084678854,-0.669098834411291,0.0969987449247453,-6.89801538082167,5.27340384150066e-12,2.21515446376959e-10
489,AGPAT3,2207.36370483111,-0.373671259095474,0.054348190562026,-6.87550505787334,6.177061521947e-12,2.58413389681942e-10
495,ELOA,1031.85914043837,-0.369386692995533,0.0537981025543686,-6.86616582103856,6.595041031020299e-12,2.7255505933653e-10
497,DHX9,6079.67142555105,-0.396194956743938,0.0577779917253908,-6.85719501340557,7.0225737900021295e-12,2.88475485988099e-10
515,ATP5MC3,2405.86616645187,-0.319139321974972,0.0469548895223934,-6.79672181579238,1.0702647060768899e-11,4.25134079460484e-10
517,PGD,2136.22106404372,-0.527203977034534,0.0776465014065543,-6.78979693204866,1.12291488737462e-11,4.44322434255756e-10
527,SHTN1,1525.8914351364199,-0.325253211774867,0.0482006899430154,-6.74789535501241,1.50005067005757e-11,5.82287221202424e-10
529,PSME3,2975.06778048256,-0.349633246511771,0.0518225786884221,-6.74673579278841,1.51208250415581e-11,5.84738597117493e-10
535,ARF3,2566.69504300229,-0.410224336548558,0.0609393336427646,-6.73168398842944,1.67710582800525e-11,6.412813817477261e-10
536,S100A14,1208.1667091803,-1.32010214587897,0.196242529466273,-6.72689120686172,1.7332623155551397e-11,6.6151767144238e-10
543,FKBP1A,2328.02275233494,-0.230511708238052,0.0343629805348578,-6.7081406982209,1.97119827658612e-11,7.41718026161095e-10
545,DBNL,1231.73909168873,-0.529826807851621,0.0790427749574296,-6.70303905874979,2.0412887224069e-11,7.662136402619801e-10
555,CDK2AP1,3244.35648852755,-0.381430692635762,0.0571531896108472,-6.6738303711989,2.4921165568913797e-11,9.18580691969856e-10
559,WWOX,275.772927131033,-0.537908033903558,0.0807225651775516,-6.6636637812539,2.67084095552583e-11,9.76631220414646e-10
562,CFL1,15184.1134296907,-0.407964221375019,0.0612525079825705,-6.66036762920967,2.7314348066689398e-11,9.9425199003606e-10
613,CYB561,951.251559201922,-0.519548982722244,0.0801435896427639,-6.48272662901809,9.007962789055039e-11,3.00123607126546e-9
617,FRMD4B,102.534058481449,-1.41272547044026,0.218482338721467,-6.46608544520059,1.00574223095705e-10,3.3345978636448e-9
618,NR3C1,1860.436660881,-0.554363300409963,0.08573806136345,-6.46577834387899,1.00778712209986e-10,3.3359710609703505e-9
622,KIFBP,740.13434259102,-0.325437603568885,0.0503940634456754,-6.45785597185878,1.0619673652030101e-10,3.4927116382569e-9
634,POR,1151.04328249142,-0.335882112163849,0.0522552991064357,-6.42771389519196,1.29537252029934e-10,4.17972171100374e-9
636,DDX18,2023.64467038211,-0.290567436536417,0.0452247447594358,-6.42496575894532,1.31899203879257e-10,4.24255033609743e-9
639,TNKS1BP1,2162.50127878889,-0.307341218480744,0.0478575349799185,-6.42200269215093,1.3449304341954401e-10,4.305671657642591e-9
642,G6PD,2217.08339432152,-0.443673539000362,0.0692273988823868,-6.40892979027186,1.46544655209872e-10,4.669570111570631e-9
645,ZKSCAN5,375.210862797052,-0.459319534872993,0.071697869381753307,-6.40632056201501,1.49073367353559e-10,4.723055646355291e-9
651,CLDN1,1876.95356236057,-1.45290877979692,0.227407461095753,-6.38901104122152,1.66962005144493e-10,5.24660789437927e-9
656,RBM45,216.529949140725,-0.433438706479888,0.0679838759647639,-6.37561039774401,1.82235659928969e-10,5.674269246829401e-9
659,HTR7,107.857855266005,-2.17525036089066,0.341250575389286,-6.37434928398058,1.8374140583673101e-10,5.7037904995478e-9
665,PPM1G,2530.94178774066,-0.467135681137521,0.073442974391932,-6.36052236453046,2.01068776302868e-10,6.1853593335756e-9
668,CFAP251,57.7965081894127,-1.15671762886846,0.181989698155063,-6.3559511367665,2.07140869263235e-10,6.348208088752011e-9
681,CALM3,3389.17904842714,-0.364054599507302,0.0575372247709206,-6.32728813314778,2.49507198975957e-10,7.495108325185251e-9
682,MCFD2,1635.47626825647,-0.331700839751917,0.0524282283378828,-6.32676041643471,2.50361613495368e-10,7.50974710744097e-9
694,EI24,2483.78274983281,-0.379337164985164,0.06038796140302,-6.28166866659938,3.34958130530979e-10,9.87354247301476e-9
696,MTMR2,999.616590950848,-0.279797116893548,0.044564806334901,-6.27843224069898,3.4200401733119303e-10,1.00522646300923e-8
704,ATP6V0D1,2063.54007802783,-0.450056281370447,0.0718304376606146,-6.26553722945248,3.71542217305295e-10,1.07963624139409e-8
707,PSMD2,6529.38600500719,-0.302277452543654,0.0482623650711827,-6.2632125901377,3.77125916436286e-10,1.09121143883127e-8
710,LYPLA2,1030.5179705305,-0.292531209774564,0.0467352164407617,-6.25933144324593,3.86631368441249e-10,1.11398843721164e-8
716,SLCO3A1,276.52396496975,-0.832310101510201,0.133320844053841,-6.24291053223515,4.29502600692176e-10,1.22448970161785e-8
718,MUC1,631.320340793562,-1.56175464798674,0.250142963247885,-6.24344825738345,4.28027947648001e-10,1.22448970161785e-8
730,MT1E,180.905472850407,-1.37638360263272,0.221026838761871,-6.2272238536407,4.74772538931741e-10,1.33046874368858e-8
736,HMBS,617.341276013438,-0.360962196321923,0.0582100721863166,-6.20102643347648,5.60960900719477e-10,1.55918167744814e-8
739,DDX1,2127.22632739846,-0.310188464340665,0.0500518997360693,-6.19733648425599,5.74266474591644e-10,1.5875783620521e-8
740,CHMP3,924.178350246019,-0.370778406576847,0.0598287113471004,-6.19733232136241,5.74281658072324e-10,1.5875783620521e-8
747,MRPL11,1239.67372134171,-0.354320446891563,0.0573423609090596,-6.1790348579035,6.44946561545512e-10,1.76622112577464e-8
763,AIMP2,293.331774514962,-0.39491947845115,0.0643858121427145,-6.13364133041904,8.58900443194543e-10,2.30178155364716e-8
767,PAICS,6253.18835638168,-0.203497116987841,0.0331987332228546,-6.12966511769642,8.806423753195761e-10,2.34880066126631e-8
772,MTHFD1,4455.3027267426,-0.337075828196497,0.0550798821199711,-6.11976306453057,9.37145979364861e-10,2.4830589017891e-8
808,SYPL1,1956.15419786867,-0.504771311248392,0.083413537201178,-6.05143155637887,1.4356427940671702e-9,3.63477037601883e-8
816,CALM1,6908.68630778288,-0.261675005546608,0.0433452378015918,-6.0369954998147,1.5701010008781102e-9,3.93622011948083e-8
818,RARS1,1835.93285947202,-0.307983143454873,0.0510410700722323,-6.03402599159895,1.5992432469152702e-9,3.999476662854e-8
833,ENSA,1876.9999040093,-0.210440644386535,0.0353287125833741,-5.95664627998842,2.57466663431184e-9,6.32292381009813e-8
849,YWHAZ,12695.6875704355,-0.246439914314685,0.0414820053950814,-5.94088718632454,2.8348365779451404e-9,6.82261786764986e-8
854,GORASP2,1738.02707575984,-0.316321267189534,0.0533658760695797,-5.92740699650666,3.0775554468310802e-9,7.37207866227441e-8
866,SPINT1,1320.64156685351,-0.39404401648297,0.0668622723314427,-5.89336860299416,3.78401016445815e-9,8.93874087001391e-8
870,FZD1,241.257443829641,-0.63046321759665,0.107193091730804,-5.88156575593459,4.06403428682711e-9,9.55608613857727e-8
875,ST3GAL4,373.200921247922,-0.467711724552304,0.0796501251116577,-5.87207771358352,4.30366899901617e-9,1.0061732195757e-7
883,SORCS2,173.11522217814,-1.15513535336806,0.19730046862308,-5.85470151910696,4.778674607338711e-9,1.10710471622116e-7
894,GNAI2,2754.02105498665,-0.338925873840086,0.0580162144312363,-5.84191638773325,5.16037068616452e-9,1.1801819042484e-7
905,SERPINB5,764.387436507409,-0.844067112417984,0.144962497563883,-5.82265845720554,5.7918841543871105e-9,1.30922181377124e-7
915,SUMO1,1279.02139257212,-0.258881951049915,0.0446827650840067,-5.79377642729136,6.882106168878291e-9,1.53865842510102e-7
916,SUPT6H,3150.76527521162,-0.328222225957413,0.056668768942791,-5.79194205345741,6.9577150043716705e-9,1.55386436511388e-7
935,SH2D4A,569.334098672306,-0.500778765765677,0.0869711187557803,-5.75798923746044,8.512178093214671e-9,1.86240269890018e-7
940,ZNF385A,770.655845319631,-0.833254279799639,0.144869838905763,-5.7517443664838,8.83272903323683e-9,1.92224614715879e-7
943,CHCHD2,2905.2095349512,-0.349889560962358,0.0609014344669024,-5.74517766330298,9.182452220204961e-9,1.99199814494945e-7
958,CAPN1,3340.71140332645,-0.497774946357549,0.0868532083864479,-5.73122116736012,9.971015282550321e-9,2.13131544265547e-7
963,SLC16A2,121.00404801943,-0.750457013303808,0.131238332642336,-5.71827604171893,1.07610227099465e-8,2.28596304857087e-7
968,CDC123,1058.53117876248,-0.248755008603935,0.0435892680386398,-5.70679480975513,1.15123425328731e-8,2.43293379333663e-7
974,IMP3,363.534088230435,-0.392616474171379,0.0688897483143268,-5.69920029871451,1.2037073372467e-8,2.52815615996465e-7
981,PPP1CA,2319.0062236382,-0.360935212567457,0.0634667826663923,-5.68699400542614,1.29294993301149e-8,2.69621577773863e-7
983,KTN1,7263.18723371957,-0.237775552462256,0.0418271370467457,-5.6847197597225,1.31027337022651e-8,2.72678151930049e-7
993,LDAH,187.867061917283,-1.12116744573924,0.197606947595295,-5.67372483297207,1.39725507672189e-8,2.87851431062434e-7
1017,SNX17,1080.56827244319,-0.310774938233804,0.0549660551091379,-5.65394292198602,1.56808302782654e-8,3.15420594889357e-7
1020,NME1,1317.49959951477,-0.330683228137718,0.0585275038065541,-5.65004838119692,1.60402685270933e-8,3.21701738488969e-7
1039,CPTP,369.163272198223,-0.329625632971449,0.0586115081543322,-5.62390635135168,1.86686882651198e-8,3.67570121116031e-7
1040,ELF1,1024.01015087513,-0.334605675453978,0.0595382206447791,-5.62001470366951,1.90941207862672e-8,3.7558502781218e-7
1043,VASP,1610.51509121493,-0.293977239234667,0.0523620629888856,-5.61431735982341,1.97339739805395e-8,3.87054559654742e-7
1051,BCAP31,1660.98568378149,-0.299452137383808,0.0534799121266214,-5.59933862035548,2.15171133323165e-8,4.18815972825117e-7
1058,SET,7916.16339571024,-0.32840457739591,0.0586917533388824,-5.59541262125402,2.20097677304215e-8,4.25570716882072e-7
1060,ARPC3,1986.03127752079,-0.253767361621654,0.0453629050129352,-5.5941602846928,2.21692080679203e-8,4.27844801363628e-7
1066,SRPX,130.891306061044,-0.679745421383253,0.121864678260539,-5.57787072583904,2.43480485477199e-8,4.67249558293345e-7
1068,PRADC1,141.606419639625,-0.560574760255127,0.100601629505623,-5.57222346208411,2.51508525023676e-8,4.81751862959676e-7
1072,PDGFC,113.160596724754,-0.706940595353393,0.127185635612905,-5.55833677244023,2.72357494518326e-8,5.19740416544906e-7
1073,PGK1,7577.62319604745,-0.363451252491831,0.0653960086162559,-5.5576977889364,2.73356145549086e-8,5.21159987837619e-7
1075,TSC22D4,995.779581363756,-0.497333781900426,0.0895577125107327,-5.55322113481656,2.80452919000444e-8,5.33695382696937e-7
1078,PSMC2,1650.0418490711,-0.44834494432213,0.0807924808256199,-5.54933998486597,2.8675006537307e-8,5.44160119419007e-7
1089,MTDH,3613.29854548632,-0.279446080833676,0.050510760915877403,-5.53240687264792,3.15866155394107e-8,5.93358488603971e-7
1090,DHCR24,6119.43415369721,-0.372379945757127,0.0673149984099031,-5.53190157547926,3.16777650425274e-8,5.94524806857783e-7
1094,PSMD14,1716.27182748609,-0.232281971961363,0.0420454816157639,-5.52454064111077,3.30348764945592e-8,6.17728033317366e-7
1118,HOXA1,75.1298516810261,-0.810787171346438,0.147736499224272,-5.48806270355451,4.06365825575946e-8,7.43562226637489e-7
1137,EPHB3,110.195204135217,-0.921341913254812,0.16883428091188,-5.45707843382641,4.84032580241352e-8,8.70875505188859e-7
1140,HDAC1,2614.80296351529,-0.268138571388883,0.0492908381047176,-5.43992720958054,5.33023448922192e-8,9.56496552158007e-7
1144,BABAM2,237.148492243705,-0.510823996481458,0.0940662094564828,-5.43047284920923,5.62049303345159e-8,1.00505617120034e-6
1147,CUX1,1555.03950953456,-0.446125538852202,0.0821955198210346,-5.42761381427548,5.71124475765874e-8,1.01935033377574e-6
1169,GPX2,305.866098095369,-1.09133737808658,0.202423947471623,-5.39134520257082,6.99321860978389e-8,1.22378334559751e-6
1181,CDK8,394.915593505576,-0.327849119368227,0.0609286564215799,-5.38086901342056,7.41271191578146e-8,1.28195903838944e-6
1182,PDLIM1,1419.87251011016,-0.673057292812244,0.125083765426599,-5.38085250725207,7.4133917114665e-8,1.28195903838944e-6
1190,VPS37B,569.878030545836,-0.303470949549093,0.0565034725501614,-5.3708371512863,7.83719596889575e-8,1.34727325996387e-6
1194,RPUSD4,681.227271840966,-0.320140130622769,0.0596890221735107,-5.36346750148042,8.16393456710567e-8,1.39874044756516e-6
1196,SNX12,940.792820972589,-0.309496627983492,0.0577190407337096,-5.36212355661582,8.22492474024653e-8,1.40565819056995e-6
1199,MRPL21,595.590768358104,-0.325111621229455,0.0606696853536034,-5.35871612543553,8.38154295021584e-8,1.43003523046343e-6
1202,TFDP1,3731.5801460261,-0.294456524384783,0.0549817055136811,-5.35553638494378,8.53029782124946e-8,1.45178288293927e-6
1207,TP53I3,244.547540808993,-0.784761194269375,0.146704426220944,-5.34926732944982,8.83110141817724e-8,1.49675096695652e-6
1231,SMIM3,433.039985573606,-0.768645158892165,0.144110132437554,-5.33373431757296,9.62132678934487e-8,1.59889100024068e-6
1232,LPCAT2,520.888168088013,-0.629111057477881,0.117956555310284,-5.33341327086916,9.63836087079383e-8,1.60042165855381e-6
1235,ECD,702.231360618465,-0.248667822530895,0.0466568646463597,-5.32971566811651,9.83666460645674e-8,1.62938176400231e-6
1236,UNC93B1,728.550927105458,-0.676671980896672,0.12706116372584,-5.32556102159373,1.00641921430617e-7,1.66572151028004e-6
1240,CYP2S1,272.119928084074,-0.645927484314748,0.121562304754534,-5.31355082168807,1.07509433816183e-7,1.77364555449811e-6
1268,SRSF9,1581.24542891868,-0.191484015102696,0.0363256660511319,-5.27131463558475,1.35450040917877e-7,2.18525353868849e-6
1278,BCAT1,240.98563505515,-1.50259213720448,0.285432105194078,-5.26427164240267,1.40746219093259e-7,2.25116919780359e-6
1280,MED20,286.965750104517,-0.49296977011042,0.0936620613450571,-5.26328123715201,1.41506861460518e-7,2.26156708195141e-6
1287,HS6ST1,461.260221172692,-0.570278377038433,0.108678847957942,-5.24737230614672,1.54283914168096e-7,2.45235899932925e-6
1297,LAMTOR1,1236.01158764247,-0.292118903433136,0.0558401966201803,-5.23133730026241,1.68288115600953e-7,2.65433306156414e-6
1299,TSPAN6,464.839403658676,-0.490417267033789,0.0937595581063309,-5.23058424057008,1.68975153210118e-7,2.66106598092332e-6
1306,EIF4G1,11380.7112927698,-0.339466620981092,0.0650250231836987,-5.22055363243906,1.78389034767115e-7,2.7942607076806e-6
1312,KPNB1,8423.15251265219,-0.297300256475985,0.0570963584453187,-5.20699155902754,1.91926820186219e-7,2.99256628090662e-6
1314,PRDX3,4161.24033360188,-0.172526541263028,0.0331414825286384,-5.20575810433174,1.93206193480802e-7,3.00792929987578e-6
1322,JOSD2,190.961421587872,-0.637459972248932,0.122694257941846,-5.19551593482942,2.04152847140509e-7,3.15929070196416e-6
1335,NFE2L1,3282.98594166215,-0.327985561958913,0.0633750276457502,-5.17531232952302,2.27530035031688e-7,3.48657822220467e-6
1336,BSG,7991.28647153039,-0.326559563358226,0.063103540112507,-5.17498008473067,2.2793529234826e-7,3.49017385895835e-6
1337,POLE4,389.669132432938,-0.312077039493279,0.0603250594412243,-5.17325705741477,2.30048176077271e-7,3.51989195064528e-6
1340,ANXA1,4417.63863492615,-0.679907876303881,0.131493558595907,-5.17065538087158,2.3327441475456e-7,3.56334538464572e-6
1348,POP7,465.291462036677,-0.443613443009489,0.0859560589027266,-5.16093279138716,2.45722391392159e-7,3.72903780468056e-6
1353,SKA2,1319.29850099401,-0.353013056121827,0.0684656028840972,-5.1560643776033,2.52194220961552e-7,3.81310951826347e-6
1354,CAPNS1,4665.06992077049,-0.407834331541635,0.0791422220991861,-5.15318272249812,2.5610220206771e-7,3.86933733212639e-6
1366,BLOC1S2,802.680480508941,-0.312262618855702,0.0607289860320786,-5.14190404382443,2.71968020399913e-7,4.072950068317e-6
1384,SLITRK6,9.55028470741762,-2.69147656588489,0.525131416083591,-5.12533907408895,2.97002751820344e-7,4.39001827600346e-6
1389,DDOST,4129.02344722428,-0.18902451070867,0.0369634545597121,-5.11382155591852,3.15705611510876e-7,4.64966860667962e-6
1395,ACTR2,4857.37290390734,-0.187945647345074,0.036838449382069,-5.10188812226597,3.36281533528608e-7,4.93140597232598e-6
1399,LAD1,731.459138890736,-0.520153818169664,0.102025281487319,-5.09828358801751,3.42747079420422e-7,5.01184918063158e-6
1405,SLC45A4,297.671070990959,-0.469145697283431,0.0921911500549602,-5.08883658576498,3.60266889592507e-7,5.24553719600991e-6
1406,UGGT1,2286.94836842291,-0.238632202070029,0.046899137608889,-5.08820021511014,3.61477634474061e-7,5.25942245265709e-6
1409,MPHOSPH10,746.68246138338,-0.256407513172379,0.050423473024173,-5.08508235934992,3.67466577840826e-7,5.33517656699062e-6
1425,MIPEP,366.404638020093,-0.465915817790521,0.0918654482307809,-5.0717198551088,3.94236456446405e-7,5.65957557159587e-6
1433,ANXA8L1,226.112954189477,-0.748423517410244,0.147792879802009,-5.06400253119686,4.10544192190898e-7,5.86078334937138e-6
1434,NRSN2,442.482328932084,-0.567475663000308,0.112072625241879,-5.06346364043458,4.11706933861176e-7,5.87328364435013e-6
1448,SLC25A23,625.841643065795,-0.631921822131896,0.125113990749066,-5.05076864984114,4.40035758934672e-7,6.21672066334709e-6
1452,MRPS2,1052.45046956121,-0.257049231243276,0.050916960149224,-5.04840097464446,4.45523299022226e-7,6.27258783764465e-6
1457,TSN,1665.00109496574,-0.276423056701619,0.0547847953056644,-5.04561630940399,4.52061791697878e-7,6.34717094904838e-6
1466,HSD17B10,967.400255466909,-0.333593005230207,0.0662404408929066,-5.03609276649501,4.75130363169253e-7,6.62571857483058e-6
1485,COL4A6,82.203939983381,-1.26756722158752,0.252329202644003,-5.02346620329896,5.07471582750608e-7,6.99080550055837e-6
1487,SPIN1,2625.13245344382,-0.186422916100378,0.0371204024951278,-5.02211462078967,5.11056679363347e-7,7.03072393391795e-6
1496,WDR33,1480.31735106326,-0.177105455091546,0.0353283750440616,-5.01312202643513,5.35539097515336e-7,7.3232107739781e-6
1503,OTUB1,1340.61648821818,-0.322887348743643,0.0645377004685935,-5.00308108902597,5.64211934694707e-7,7.67425767822448e-6
1506,MRPL20,778.29099273342,-0.227103271631057,0.0454223580428178,-4.99981245837074,5.73861048890413e-7,7.78479806177133e-6
1507,PDCL3,266.734502292888,-0.322046612773058,0.0644117135407232,-4.99981439819094,5.73855275570247e-7,7.78479806177133e-6
1519,SHOC2,734.762071509065,-0.294113866234315,0.0590070627706422,-4.98438411309376,6.21594871438715e-7,8.37085168593924e-6
1527,TPI1,8648.08058439803,-0.345103693079401,0.0693332768273139,-4.97746116830652,6.44237012116083e-7,8.63075085583412e-6
1528,SEPHS2,1014.40496956373,-0.383382065755619,0.0770862841519395,-4.97341479062554,6.57836959836711e-7,8.80717976922748e-6
1546,PARP4,1918.83349530974,-0.317042332406169,0.0639094185850489,-4.96080764659528,7.02006820855777e-7,9.28910319162137e-6
1556,MARCKS,1148.40957219865,-0.441436921154687,0.0891201578727998,-4.9532780427156,7.29735866471176e-7,9.59396312365093e-6
1562,FAH,296.765446425021,-0.396402398608765,0.080113782991962,-4.94799251520224,7.49827915481185e-7,9.82024946670846e-6
1563,DPYSL3,283.069720996552,-1.33255543946821,0.269329865119378,-4.94767054102066,7.51068914819915e-7,9.82396031108892e-6
1565,RAET1G,21.5845727428287,-1.16141685502068,0.234811498040924,-4.946166881565,7.56890780783363e-7,9.88742956735967e-6
1570,CNDP2,1505.24306181604,-0.31641398692782,0.0640201406251771,-4.94241318181961,7.7161469462477e-7,1.00476905206486e-5
1575,AP2M1,5726.80848276938,-0.215203133271481,0.0435756012218748,-4.93861535439814,7.86792312413481e-7,1.02193081492334e-5
1578,NT5C3A,508.21084706673,-0.374089817239633,0.0757981459919447,-4.93534257789615,8.00101940486625e-7,1.0375567890754e-5
1582,CEACAM6,86.5448700946723,-2.24901210390998,0.456042271682061,-4.93158692420058,8.15642573112482e-7,1.05482923735905e-5
1594,FIS1,579.087973225781,-0.525124460931075,0.106927189205216,-4.91104708572529,9.05913291237083e-7,1.16262661222315e-5
1604,POLR3B,333.814653584683,-0.311623022993409,0.063573585650059,-4.90176886842185,9.49775441700306e-7,1.21131896576454e-5
1605,MGST2,275.470032121085,-0.351283089218039,0.0716790842165339,-4.9007753524983,9.54591620398432e-7,1.21670285224241e-5
1615,GEMIN6,196.915802303927,-0.350253737626338,0.0716097329821118,-4.89114709747391,1.0025000646885e-6,1.2698541067079e-5
1620,ZDHHC5,2213.76233554139,-0.337214172066614,0.0689929095034899,-4.88766417438239,1.02039394830295e-6,1.28853080249589e-5
1622,MAP4K4,2410.77612914669,-0.395845311076954,0.081022294427471,-4.88563442783398,1.03096335184598e-6,1.3002723359256e-5
1623,S100A2,6650.64848909845,-0.736067596095839,0.150732427803483,-4.88327300781942,1.04339249034143e-6,1.31513741065401e-5
1627,WIPI2,1047.14528973278,-0.31205699429915,0.0639451770975234,-4.88007084292266,1.06047740136033e-6,1.33338575289664e-5
1634,PCLAF,444.446728402984,-0.65840129889507,0.135181570826228,-4.87049599195312,1.1131845949383e-6,1.39420130087757e-5
1644,PERP,5766.71832370595,-0.468971891630973,0.0965594383928496,-4.85682082908325,1.19285438112506e-6,1.484320077535e-5
1647,MRPL1,351.661648602897,-0.519367746787495,0.10699879631616,-4.85395877961905,1.21020901925744e-6,1.50207749706536e-5
1659,ICMT,2431.18069716086,-0.382627487852962,0.0789714127342738,-4.84513920423891,1.26522937380879e-6,1.55895933660501e-5
1662,ZNRD2,481.22361250812,-0.310649962155357,0.0641202409076812,-4.84480341554897,1.26737101532406e-6,1.55996443203876e-5
1676,AP2S1,1307.47875609362,-0.349715636829551,0.0724373175342457,-4.82783803616442,1.38023273863896e-6,1.6846909984688e-5
1678,ATP8B1,262.342930811343,-0.836032412438791,0.173229208159297,-4.82616310102853,1.39188533486348e-6,1.69688905216343e-5
1684,UBE2E3,625.469288311328,-0.332851879820544,0.069077545178303,-4.81852502084993,1.44623391387389e-6,1.7568650342113e-5
1694,SLC7A5,19801.19307902,-0.42873963573365,0.0892304922950161,-4.8048556575945,1.54863187219615e-6,1.87015125203758e-5
1696,ERF,1052.53267249474,-0.291509709003608,0.0607068489820493,-4.80192455862444,1.57147901959286e-6,1.89550390942282e-5
1709,MAPKAPK3,897.369459509268,-0.324064198839684,0.0676188203657699,-4.79251482186063,1.64703599540745e-6,1.97152810755121e-5
1711,SLC9A1,704.27014102151,-0.440438972716265,0.0919537460930231,-4.78978825148357,1.66957402371875e-6,1.99500442775785e-5
1712,CRYBG1,1339.62934611516,-0.462102374994544,0.0964754485490604,-4.7898442758683,1.6691079534911e-6,1.99500442775785e-5
1718,CASP8,510.695718406315,-0.295680036070002,0.0618118900704473,-4.78354626808878,1.72229223882817e-6,2.04961793657404e-5
1740,PDSS1,198.944718878519,-0.38446524928634,0.08063193652069,-4.7681510066137,1.85924406492177e-6,2.18589401356924e-5
1749,NPTN,2477.53883670295,-0.483509462296075,0.10172468975669299,-4.75311808227227,2.00303282846543e-6,2.34282690519825e-5
1752,BPNT1,602.028124914196,-0.245351304268557,0.051628410892879,-4.75225365308304,2.01161788012993e-6,2.34883943914487e-5
1759,PLXNA2,431.624777742702,-0.744846161621284,0.156896121291787,-4.74738416404865,2.06064333672825e-6,2.39650828535814e-5
1763,MBD2,1025.1195004311,-0.207256151516933,0.0436833291217581,-4.74451365506621,2.09007880729065e-6,2.4252264413355e-5
1764,TIMM10,393.751612052199,-0.368445723644669,0.0776807650344904,-4.7430753736923,2.10497903912136e-6,2.44113130404227e-5
1767,CAVIN1,3933.43206193876,-0.27019810242423,0.0570691096719849,-4.73457714650259,2.19512265985681e-6,2.54134828821114e-5
1769,P2RY2,222.370951419659,-1.11876395433835,0.23640982865463,-4.73230728479037,2.21982023597819e-6,2.56759294555491e-5
1776,NETO2,1990.21362591088,-0.268044499439016,0.0567694151486084,-4.72163573884531,2.33955411293029e-6,2.69483437433642e-5
1798,RAN,8301.56958512332,-0.23493913852956,0.049969666390484,-4.70163512186867,2.58086387492922e-6,2.93641447660885e-5
1801,ALYREF,1576.71968768848,-0.465230070527567,0.0990760391888983,-4.6956870130886,2.65712136797524e-6,3.0181416893209e-5
1808,TWF1,1475.03170875256,-0.237306106432631,0.050610669816454,-4.68885528077876,2.74737592533212e-6,3.10857684206412e-5
1818,TRAF4,1168.10835724088,-0.405317206766416,0.0866535344076059,-4.6774457561057,2.90470377660528e-6,3.26851073476426e-5
1823,PLS1,589.044282344436,-0.523242830223144,0.11194495420593,-4.67410821626319,2.9523363878888e-6,3.31118122187725e-5
1833,GRB2,2774.78926721805,-0.20940277619893,0.044860644365665,-4.66785038779338,3.04367399306543e-6,3.39685973137695e-5
1835,RAB5C,720.878568060376,-0.279137074167377,0.0598299783925311,-4.66550518096498,3.07859738263775e-6,3.43209082597386e-5
1840,PCTP,201.548398539401,-0.408128901556895,0.0875508474013755,-4.66162137398664,3.13727960804064e-6,3.48800700770041e-5
1847,YBX1,12607.0660063631,-0.182590298479642,0.0392266409629493,-4.65475233151123,3.24370372768593e-6,3.59266091809805e-5
1862,WDR54,267.6028085044,-0.485823247086336,0.104722888589286,-4.63913146047461,3.49876453878135e-6,3.84474261221862e-5
1870,RAC1,3591.04961609123,-0.272208085409863,0.0587824125348036,-4.63077430258064,3.64300807698363e-6,3.98529498560718e-5
1876,ADAM15,2784.30988018591,-0.469838339248854,0.101588769090019,-4.62490434186208,3.74771320167377e-6,4.086725424661e-5
1883,LEO1,596.860771821683,-0.314436641741093,0.0681027714324909,-4.61709024650764,3.89158062308458e-6,4.22593638447478e-5
1897,PDPN,90.4315473062736,-1.80870453133101,0.392738197672829,-4.60536953636924,4.11734051456608e-6,4.44008618378905e-5
1900,YKT6,1591.53342484188,-0.235169476869862,0.0510836979007893,-4.60361106446502,4.15227594596236e-6,4.47068994876589e-5
1913,TLR2,27.371839894277,-1.21583523081664,0.264904313025187,-4.58971474239849,4.4385216204397e-6,4.74641070514036e-5
1915,PRELID1,519.07309347376,-0.28486560804913,0.0620832855395836,-4.58844285661239,4.4656450825393e-6,4.77042827433454e-5
1917,PHAX,692.56898490635194,-0.298776435574634,0.0651403991635456,-4.58665343490614,4.50407419784764e-6,4.80646039986276e-5
1942,RAB38,38.0609117333795,-0.804116121735918,0.176252945499193,-4.56228472924783,5.05999632712055e-6,5.33019283542251e-5
1993,ASCC1,595.23331067739,-0.380695005626588,0.0842114142695371,-4.52070552345897,6.163387457694e-6,6.32425479702925e-5
1995,C1orf53,29.7099128555489,-0.776009103629824,0.171714277337229,-4.51918801198936,6.20772507563949e-6,6.36548530688506e-5
2008,ITGA6,1868.92191543358,-0.851717691807937,0.189136768856071,-4.50318410830034,6.69428425716511e-6,6.819968777332e-5
2012,PPP1R14B,853.188102261916,-0.488792090621455,0.108632163435377,-4.49951538443057,6.81085509291424e-6,6.92493353060371e-5
2027,PSMD12,2040.29115414355,-0.225012407743482,0.0501266844864217,-4.48887473905108,7.16003814280074e-6,7.22609276207571e-5
2030,TIMM17A,1423.06655050261,-0.185139471566827,0.0412659798328811,-4.48649159226569,7.24055732384663e-6,7.29655572285372e-5
2037,AASDHPPT,978.824184143755,-0.254637495099595,0.0568516955426064,-4.47897802641194,7.50012529571019e-6,7.53215823143561e-5
2039,PCDHGC3,208.503920541517,-0.333911679868981,0.0745759400265501,-4.47747195342229,7.55321468430376e-6,7.57803397728308e-5
2052,RAB11A,2174.72236534995,-0.192062409725043,0.043063066228296,-4.46002634152518,8.1949580151316e-6,8.16979805631321e-5
2060,INSIG2,289.795711285588,-0.394305538173594,0.0885285762221097,-4.45399163750606,8.42883846194995e-6,8.37032759301505e-5
2063,TMEM14A,453.271719587284,-0.298901546691498,0.0671409186590476,-4.45185369311624,8.51321652585514e-6,8.4418260043344e-5
2078,DSG3,389.354957557792,-0.64803037916978,0.14580080561827,-4.44462824757243,8.80439753715099e-6,8.66754381219912e-5
2080,NIFK,528.028376453572,-0.363596641116063,0.0818198895576588,-4.44386619294854,8.83565680616591e-6,8.68995342710269e-5
2117,TES,1326.3871873021899,-0.591572933730359,0.13425406894774,-4.40636874820261,1.05117954274986e-5,1.0157760938136e-4
2125,IL1RL2,16.3466458238842,-1.22609430221874,0.278799827336884,-4.3977584704068,1.09374595316506e-5,1.0529299277128e-4
2131,DDX56,1737.00535998849,-0.242175661600261,0.0551244460343976,-4.39325342968786,1.11666825362664e-5,1.0706784456257e-4
2135,CTNND1,308.177330487985,-0.406267039862319,0.0924931648669003,-4.39240067573584,1.121058501488e-5,1.0741683262267e-4
2137,ADAMTS15,32.3353328202646,-0.839456300528768,0.191157892103257,-4.3914289454255,1.12608136408021e-5,1.0779712898918e-4
2141,PCDH1,566.847409015535,-1.39033735814665,0.31689695182479,-4.38734847445095,1.14740876295483e-5,1.0963354069951e-4
2146,GMPR,97.5154997302783,-1.14622132760259,0.261334196389263,-4.38603651355015,1.15434752092094e-5,1.1003954909356e-4
2151,PDAP1,1772.90973260539,-0.291127819782107,0.0664104276803682,-4.38376667566874,1.1664470367674e-5,1.1088293230088e-4
2161,VEGFC,111.705515138689,-0.739522711882616,0.168880358779439,-4.37897406914233,1.19239317493537e-5,1.1296427315438e-4
2164,RAB2A,1366.23911382527,-0.217124749217027,0.0496270502005092,-4.37512905441232,1.21360656405887e-5,1.1472619908018e-4
2165,EIF6,1240.28932781786,-0.289753824233095,0.0662329665640135,-4.37476741968143,1.21562017090649e-5,1.1486347268468e-4
2166,ATP13A2,366.373729029363,-0.395882951118927,0.0905022301330431,-4.3742894571433,1.21828639115992e-5,1.1506225625096e-4
2170,GALNT7,609.094075923197,-1.67184805995554,0.382420445149176,-4.37175386714322,1.23252427217932e-5,1.1619239187084e-4
2193,TMEM9B,783.608959281985,-0.301890519761608,0.0693770804148632,-4.35144456867244,1.35243515300242e-5,1.2615944334231e-4
2196,VPS26A,1366.23812620731,-0.196537604499215,0.0451894165445766,-4.34919544281663,1.3663789876037e-5,1.2728604257472e-4
2197,MYCBP,507.565403755061,-0.339140982705253,0.0780192947241332,-4.34688603510727,1.38083918758039e-5,1.2857454374297e-4
2201,CCND3,684.962938409652,-0.566848713238074,0.130473304590689,-4.3445570342251,1.39556982783894e-5,1.2971000439846e-4
2232,TXNL1,770.688340148752,-0.181152866338394,0.0419731231311012,-4.31592535472214,1.5893568469043e-5,1.4566968197634e-4
2239,UROD,956.472681309143,-0.305164905959491,0.0708267444727947,-4.30861122067679,1.64282857606204e-5,1.500997953573e-4
2245,PPIA,10409.8689663627,-0.230200789097283,0.0534535376655604,-4.30655853944723,1.65814062912778e-5,1.5109391024528e-4
2254,NOL10,796.684444479535,-0.229967278789125,0.0534395990968274,-4.30331220061075,1.68263480550682e-5,1.5271366555569e-4
2258,EHD3,39.1373574144454,-0.849188922328908,0.197513268417218,-4.29940190415523,1.7125965746635e-5,1.5515760906949e-4
2260,CLTC,9792.38983798754,-0.210276785451994,0.0489221459635634,-4.29819218495863,1.72196828325617e-5,1.5586860694943e-4
2283,MINPP1,536.625402570177,-0.258072763498854,0.0602784963244131,-4.28134043208262,1.85770908545105e-5,1.6646147508135e-4
2293,HYLS1,260.28819365359,-0.609253703398764,0.142471931044345,-4.27630691135315,1.90019217326553e-5,1.6952564888134e-4
2301,FNDC10,240.233543358143,-0.47450228953689,0.111085707655681,-4.27149720293133,1.9416496324277e-5,1.7262201882039e-4
2308,MAIP1,285.438421625602,-0.288234109333424,0.0675900350229519,-4.26444681136128,2.00398072618921e-5,1.7762319634164e-4
2316,YWHAB,7603.43074631484,-0.178369078940611,0.0418868598572894,-4.2583540410602,2.05937613567287e-5,1.8190266669887e-4
2322,PPA1,2396.22515095349,-0.334486930621542,0.0786481614330198,-4.25295295563147,2.10969909896594e-5,1.8586612604455e-4
2340,INF2,2207.4387352487,-0.218263533115896,0.0515608892741229,-4.23312196877561,2.30469430336948e-5,2.0140143550203e-4
2343,ATP5F1C,2014.59273876397,-0.133677004065558,0.0316041303565427,-4.22973208113871,2.3396979290895e-5,2.0428169242588e-4
2347,COMMD1,153.447457173908,-0.362295041489135,0.0857322600315301,-4.22588931349637,2.37998963728756e-5,2.0756662793778e-4
2349,CANX,381.146609532431,-0.285294845145219,0.067522452265306,-4.22518489145287,2.38744679956269e-5,2.0791825959409e-4
2362,CLDN4,1065.92504865333,-0.448332643825117,0.106460643018434,-4.21125245079994,2.53958746673252e-5,2.1995063847141e-4
2365,FKRP,311.45630757315803,-0.314148290789498,0.0746445703333608,-4.20858864062744,2.56970721513598e-5,2.2227695771685e-4
2367,MOCS3,252.974799111453,-0.358120895009982,0.085102503188077,-4.20811235385794,2.57512827946711e-5,2.2255766460945e-4
2370,IFITM2,582.637821875774,-0.630216270707411,0.149830685286414,-4.20618960330255,2.59712368843582e-5,2.2417451179042e-4
2389,EHD2,2646.9879860466,-0.220928435612449,0.0527548827059057,-4.18782915022417,2.81635396744138e-5,2.4116430771012e-4
2392,ACSL3,2669.55386549304,-0.359104262244345,0.085788835054535,-4.18590906399494,2.84027050786723e-5,2.429072482418e-4
2400,LAPTM4A,1983.44800016015,-0.332220214270396,0.07947699137503,-4.18008040468896,2.91406041781337e-5,2.4838722486336e-4
2411,TK1,2637.71531421207,-0.551140089957253,0.132088626880698,-4.17250222803088,3.01272652534318e-5,2.5562565959745e-4
2425,TAF6,824.39962430345,-0.221837120311915,0.0533336132621926,-4.15942417441971,3.19050913243348e-5,2.6914740339048e-4
2434,MB,32.4388671861034,-2.06109298408409,0.496387248965755,-4.15218760832085,3.29312115546254e-5,2.7677641527238e-4
2441,CPSF3,915.529133751317,-0.250805623627086,0.0604644960099964,-4.1479817112115,3.35419186358275e-5,2.811007904683e-4
2443,SF1,4997.51615687283,-0.193728509971914,0.046735510411886,-4.14521010393511,3.39502271188072e-5,2.8428972417905e-4
2488,DDX21,5694.33792749915,-0.204174040035778,0.0496338049176835,-4.11360846452121,3.89521890626688e-5,3.2014661778024e-4
2492,NFU1,275.381289432521,-0.374250060762157,0.0910547433734532,-4.11016545538108,3.95375717009176e-5,3.245666550103e-4
2493,B4GALT5,3469.91161282561,-0.334284929224094,0.0813439486488684,-4.10952424583023,3.96475087769936e-5,3.2533858285237e-4
2496,GNB2,3159.57805705721,-0.320241838608464,0.0779436327625924,-4.10863373001724,3.98006713991287e-5,3.2620285849838e-4
2498,DNAJB12,762.911631563345,-0.2500019964993,0.0608551280611656,-4.10815003540907,3.98840987232356e-5,3.2662490295485e-4
2500,USP14,2188.08608644074,-0.155978816265014,0.0379913069076675,-4.10564492145791,4.03188413215645e-5,3.2992101476609e-4
2505,GPD2,1369.44318108224,-0.365076061351172,0.0889884597073721,-4.10251017437183,4.0869187738643e-5,3.3362369256561e-4
2531,MRPL49,1210.69289993406,-0.287370438923731,0.0704622885720254,-4.07835800890835,4.5354888649983e-5,3.6658433706546e-4
2534,HELLS,2580.55950411229,-0.343869101117307,0.084404845825969,-4.07404453799154,4.62036395993841e-5,3.7300231068847e-4
2537,PSMC5,1888.57371612097,-0.304804458237565,0.0748666546926444,-4.07129795619828,4.6751902937395e-5,3.7698213574705e-4
2540,EMP1,1131.15072095188,-0.779638069880497,0.191562492063235,-4.06988895103296,4.70355523065668e-5,3.7882281760779e-4
2548,DIAPH1,5302.37963334623,-0.226119629794664,0.05562480333667,-4.06508636850492,4.80146779890435e-5,3.8549304066792e-4
2564,COMTD1,173.531466655406,-0.726094585525379,0.179067642398099,-4.05486203873251,5.0163900708568e-5,4.0011028385553e-4
2575,ARF5,1355.6144206133,-0.328579675654578,0.0811897041850521,-4.04706087985813,5.18647554717131e-5,4.1203778745042e-4
2577,SLFN11,646.04391579011,-1.03792311728162,0.25657814374009,-4.04525148616331,5.22669851190068e-5,4.149110262241e-4
2581,TALDO1,2147.91436908548,-0.2491934565779,0.061621291566822,-4.04395056062197,5.25580067318024e-5,4.165746391757e-4
2588,DNAJC30,205.370318378214,-0.534967813863226,0.132348714874034,-4.04210811092798,5.29727975383449e-5,4.1872663030986e-4
2593,MARK2,1016.39653440011,-0.467954265937816,0.115859699348944,-4.03897359105378,5.36856085378434e-5,4.2340520636217e-4
2595,RPS6KA4,1267.99388811783,-0.380649412946627,0.0942501279113066,-4.03871508062922,5.37447994609746e-5,4.2368299135767e-4
2602,CHMP4B,1570.58211026359,-0.229491731074413,0.0569210763654071,-4.03175318753955,5.53623111352614e-5,4.3526010718449e-4
2605,MCCC1,809.138972833667,-0.313335766951138,0.0777388390223576,-4.03062061244603,5.56297738019992e-5,4.3685922559213e-4
2618,UXS1,809.962114925462,-0.249686137553496,0.0620914215810061,-4.02126624251546,5.78861334526072e-5,4.523210970359e-4
2624,LIMK2,623.3052110197,-0.376045147308446,0.0935725319091955,-4.01875571426631,5.85062901862676e-5,4.5612163808707e-4
2626,CDC42,99.0791786986493,-0.671044606823804,0.167009405653029,-4.01800487942539,5.86929821275852e-5,4.5722861210358e-4
2636,EPB41L1,1551.46555633888,-0.609982806653017,0.151932009709222,-4.01484063707474,5.94859742397545e-5,4.616481695837e-4
2645,ASL,342.743907067455,-0.229063555571096,0.057177459097867,-4.00618633960321,6.17069747931731e-5,4.7725504096179e-4
2649,TXNDC17,762.686426091034,-0.241298692875205,0.0602508681826915,-4.00489984880457,6.20437618000625e-5,4.7895442835618e-4
2653,ZMPSTE24,1729.55477648506,-0.404472940876414,0.101037350292478,-4.00320217924923,6.24908541666084e-5,4.8186031047354e-4
2660,USP40,868.609032933932,-0.312878365934054,0.0782171474891578,-4.00012498509261,6.33090384610048e-5,4.8688458638976e-4
2690,CLCA2,10.2717820082395,-1.51724028281066,0.38065850615981,-3.98583049704316,6.72445054209237e-5,5.1138321464529e-4
2694,NUDT1,205.966053411308,-0.370352031495579,0.0929907125349785,-3.98267763951449,6.81431560339323e-5,5.1744786302381e-4
2715,HADHB,1602.02271223457,-0.209580842557728,0.0527577271582865,-3.9725146219611,7.11178692073088e-5,5.3550179096642e-4
2736,C1QBP,3653.47788883569,-0.206244838882145,0.0521265686250805,-3.95661644957983,7.60188391431578e-5,5.6839085977762e-4
2744,CDC73,1015.3826340936,-0.200105528253975,0.0506568709601143,-3.95021493553228,7.80810437723624e-5,5.8210783981458e-4
2750,BAIAP2,618.975189039866,-0.391157469008518,0.0991323039715857,-3.94581234710973,7.95298827007426e-5,5.9161556742148e-4
2761,GEMIN5,1117.35322677387,-0.231651196603352,0.0588256936809166,-3.93792545583701,8.21891175659993e-5,6.0896152772461e-4
2763,SH3PXD2A-AS1,15.103903573463,-1.2904267139413,0.327743516699806,-3.93730660772538,8.24012931199122e-5,6.1009165883244e-4
2765,TSPAN15,296.271742945408,-0.604734324774309,0.153618814846607,-3.93659022417374,8.2647555740939e-5,6.1147235001533e-4
2775,LINC02541,20.2878138553095,-1.25055532228271,0.31813077516359,-3.93094733334004,8.46118071716681e-5,6.2391412888226e-4
2794,CDK9,1094.38434929963,-0.231345976079327,0.0590735590081957,-3.91623562154484,8.99423474022729e-5,6.5853636392566e-4
2805,SPR,624.24818596411,-0.546072677267531,0.139625634472072,-3.91097723088061,9.19234386204108e-5,6.7040206198137e-4
2809,CLTB,824.24580703236,-0.350503904245017,0.089767781162288,-3.90456241322656,9.43960293417593e-5,6.872098121866e-4
2811,FSCN1,2412.38769540141,-0.304755292954749,0.0780577544996077,-3.90422828466429,9.45265247849507e-5,6.8791501868578e-4
2832,AGPS,1588.06491358803,-0.20646314383398,0.0530561121489992,-3.89141110178151,9.96629049215094e-5,7.199166829023e-4
2835,EGFL7,414.386458113976,-1.00145468895669,0.257467868958759,-3.88962977402474,1.0039726938705e-4,7.2431927398326e-4
2846,CDIPT,890.542876851219,-0.269603888859579,0.0694140251777496,-3.88399733582947,1.0275303361789e-4,7.3858707263568e-4
2848,LARP1,6233.170988464,-0.214981779483403,0.0553677063968345,-3.88280088654159,1.0326012131465e-4,7.4180440954311e-4
2850,PDCD10,1086.78660053701,-0.179337424420119,0.0461925530982496,-3.88238822908697,1.0343556386083e-4,7.4244958943896e-4
2858,GNG11,19.1826391614071,-1.20342809972312,0.310435675142304,-3.8765779711738,1.0593587227252e-4,7.5826806825717e-4
2868,SLC20A1,2051.58455558743,-0.245255529904959,0.0633600005626991,-3.87082587952729,1.0846724942689e-4,7.7368009816108e-4
2869,POLR2J,380.449625397617,-0.288360293511737,0.0745060869396101,-3.87029174871931,1.0870518313403e-4,7.7510698200523e-4
2874,NCEH1,1363.9518300753,-0.537507841163926,0.138939772378522,-3.86863913739227,1.0944447740792e-4,7.7902076351211e-4
2876,SUMF2,1427.46771692271,-0.482636575363904,0.124812668153311,-3.86688773267042,1.1023314281514e-4,7.8408880478771e-4
2882,POMP,1395.53628776391,-0.256980339848261,0.0665764404030618,-3.8599291024343,1.1341992718082e-4,8.05076839118e-4
2885,NET1,1353.67913341552,-0.28526190470971,0.073954319828132,-3.85727169653715,1.1465968978352e-4,8.1303059753956e-4
2888,CBX3,4821.15321074694,-0.270249672099481,0.0700949760275204,-3.85547848669463,1.1550348840194e-4,8.1816304094133e-4
2918,PDZD8,1213.05388437784,-0.354177689398579,0.0922999470553063,-3.83724693998313,1.244213423745e-4,8.7255370282224e-4
2954,CNOT11,986.040926706905,-0.169703599554946,0.0444951963950779,-3.81397573904672,1.3674889856504e-4,9.4701158359686e-4
2977,YWHAG,6339.60229061426,-0.343890197182229,0.090444401599837,-3.80222756853144,1.4340091475261e-4,9.8540561407263e-4
2979,DSTN,4109.78550258129,-0.193195384822715,0.0508231886455099,-3.80132356846491,1.4392520481314e-4,9.8834438229693e-4
2982,PSMC1,726.339864045068,-0.291461856490621,0.0766960202054684,-3.80022138971221,1.4456687411967e-4,9.9175202678276e-4
2986,TUBB,128.710987356493,-0.799857931949925,0.210550198148186,-3.79889422562777,1.4534310097974e-4,9.9574139877514e-4
2987,TMEM59,2343.3505039754,-0.17531100369351,0.0461498760326639,-3.79873184425085,1.4543834302068e-4,9.9606032245534e-4
2990,PKP3,2059.26630175106,-0.473677503723526,0.12480647346509,-3.79529595358706,1.4746743711541e-4,0.0010089435990201
3002,ACOT7,1003.3068000423,-0.333674574647106,0.0880763945054352,-3.78846768786062,1.5157930240254e-4,0.00103288559521547
3021,ANXA2,12024.5131717221,-0.392430838302476,0.103770181100217,-3.78173030192057,1.5574204418092e-4,0.00105357638816442
3029,CENPB,1185.47274536255,-0.248521817993447,0.0657491294275721,-3.77984956085562,1.5692314336369e-4,0.00105974960847871
3041,FADD,281.470295539249,-0.333575034184656,0.0884876515240384,-3.76973542002115,1.6342069705935e-4,0.00109934140077053
3044,F2RL1,1408.51638227476,-0.512176177471288,0.135898616823536,-3.76881081973298,1.6402714324427e-4,0.00110233353132331
3047,PSMB2,2725.28030361544,-0.207329036498353,0.0550392353141362,-3.76693163186267,1.6526623515423e-4,0.0011095672374631
3053,RFFL,266.387862168336,-0.314712451495296,0.083654204600923,-3.76206375993471,1.6851707164692e-4,0.00112916925472686
3055,RAET1L,11.3389846765449,-1.52935689665185,0.406608122834877,-3.76125515149366,1.6906286375589e-4,0.00113215136280277
3060,POLDIP2,2368.68736943531,-0.180738524809581,0.0480724999100493,-3.75970721613748,1.7011232600171e-4,0.00113725093235849
3061,ADAT1,1203.62272881754,-0.242402567948682,0.0645110277371569,-3.75753691192651,1.7159406135912e-4,0.00114678200366661
3064,RAB10,2178.49695661445,-0.174820574370223,0.046533867240805,-3.75684602927058,1.7206829034869e-4,0.00114882539675696
3066,CNPY4,117.259464708473,-0.399143553434459,0.106262678762683,-3.75619698357001,1.7251492475345e-4,0.00115105603903501
3078,EXT2,1479.5979513652,-0.289370247829822,0.0772741201846705,-3.74472394041216,1.8059223525612e-4,0.00120025190274025
3081,MRPL24,655.30938517938,-0.245421126065815,0.0655561158775598,-3.74368009422937,1.8134451448291e-4,0.00120407813462415
3088,VPS35,3059.80810013727,-0.196474080292451,0.052517032564852,-3.74114969366996,1.8318036962594e-4,0.0012131177796821
3091,TDRD7,525.599655779725,-0.375318391046307,0.100353496459308,-3.73996327271458,1.8404714489677e-4,0.00121767543439631
3092,BNIP3,365.469090687709,-0.589649991957937,0.157659945208088,-3.7400113971858,1.8401191122888e-4,0.00121767543439631
3102,ARPC2,3801.80400423293,-0.267851154767336,0.0717805572830783,-3.73152793605407,1.9032189935618e-4,0.00125513059159557
3104,FOXN3-AS1,26.8302021207637,-0.735854665892441,0.197257171767318,-3.73043301442263,1.9115096139548e-4,0.00125978583030525
3115,RAB3GAP1,1515.61804983832,-0.193606444105802,0.0519767964135648,-3.72486296703109,1.9542134810444e-4,0.00128338186779219
3119,TM9SF2,3200.77733385583,-0.179895849725798,0.048344696415420003,-3.72110827173214,1.9835036740169e-4,0.00130094692719991
3124,CCT6A,7076.28752183703,-0.255042506841745,0.0685982374111336,-3.71791632652578,2.0087277544196e-4,0.00131538231985157
3139,TXN2,1066.90430432984,-0.154160302415525,0.0415296509299514,-3.7120538931461,2.0558419777628e-4,0.00133980118952197
3145,KCNS3,81.0094172043336,-1.15964136702915,0.312742673363017,-3.70797293045804,2.0892498321088e-4,0.00135897563801117
3157,MRPL58,435.983235914728,-0.302397177947834,0.0816711045798036,-3.70262138002984,2.1338321367446e-4,0.00138226105197547
3166,RCN1,806.868499825374,-0.249964285379572,0.0676277261439064,-3.69618054062128,2.188673575417e-4,0.00141420389552451
3167,SLC25A1,1269.43001780542,-0.250408519918652,0.0677583755750107,-3.69560984592144,2.1935961302105e-4,0.00141693703933427
3168,P4HB,8768.21720507929,-0.305733088742176,0.0827358364165169,-3.69529217306784,2.1963407342118e-4,0.00141808026631747
3169,TIMM8B,318.362487235728,-0.510391493121416,0.138121167642607,-3.69524455832918,2.1967523898714e-4,0.00141808026631747
3177,KLK7,104.330262193641,-0.671496884959093,0.181989203909985,-3.68976219760391,2.2446377604295e-4,0.00144534323780634
3189,ANXA11,2498.93374351868,-0.344487357032872,0.0935516292746617,-3.68232343684234,2.3111793051561e-4,0.00148258999829348
3193,TAGLN2,5165.44373549872,-0.458652688070687,0.124606052631553,-3.6808219053923,2.3248335040593e-4,0.00148948070756472
3195,SEC61B,896.611336208736,-0.15591597624492,0.0423846007818855,-3.6785996179904,2.3451809008438e-4,0.00150157639087833
3198,EIF4H,3705.87977418661,-0.238930618361908,0.0649866335948335,-3.67661171451884,2.3635237519829e-4,0.0015119013569204
3201,NEO1,1515.83387891246,-0.330890911375838,0.0900365115289818,-3.67507476418972,2.377797736815e-4,0.00151960663236565
3212,FTH1,7539.9365497695,-0.510867783452663,0.139214098963102,-3.66965549651739,2.4287756346867e-4,0.00154686996135701
3220,CACNB3,375.673011267025,-0.328087933801519,0.0894981115529978,-3.66586431946373,2.4650460224621e-4,0.00156606976650646
3221,ENO1,29085.2009212521,-0.329147456369188,0.0898444894043186,-3.66352414657238,2.4876875281488e-4,0.00157996348225215
3226,AKR1B10,22.6342255694488,-1.58499501133186,0.432889179711045,-3.66143365465926,2.5080781449525e-4,0.00159044496625214
3227,CCDC51,407.699087652447,-0.278002261476855,0.0759400590582239,-3.66081176291565,2.5141742510812e-4,0.00159381663013227
3240,CSTB,1765.71702336022,-0.230613291607878,0.0630974039533736,-3.65487765199171,2.573046536638e-4,0.00162459299382728
3245,ACTB,32686.2266905655,-0.236449981754504,0.0647580124455646,-3.65128534408407,2.6093113632863e-4,0.00164495169672567
3258,KDELR1,2913.17730894694,-0.148187112937026,0.0406836513612092,-3.64242411826188,2.7008260668542e-4,0.00169576876864143
3264,PTDSS1,1965.86072071587,-0.191827755647315,0.0526961112885218,-3.6402639769189,2.7235866862366e-4,0.00170699794241249
3274,CCT3,8247.31367151344,-0.178142430490949,0.0490584364256523,-3.63122927411114,2.8207445233674e-4,0.00176249146959464
3277,RCC1L,1080.91436838049,-0.276646324023922,0.0762221905728039,-3.62947223039572,2.840012798799e-4,0.0017729063724453
3297,MTA2,2210.56237204454,-0.277704950538076,0.0767469673497926,-3.61844852152097,2.9637443557376e-4,0.00183886018370625
3303,MRPL14,571.021796895555,-0.226059867615007,0.0625244612998788,-3.61554282780275,2.997189164411e-4,0.00185629726722245
3311,CCAR2,1594.94379247387,-0.177109551537586,0.0490212315400503,-3.61291517927059,3.0277376831084e-4,0.00187068649300358
3314,TPD52L2,2916.66193040196,-0.147460437904448,0.0408510379000644,-3.60971092742336,3.0653842519178e-4,0.00189166110532376
3315,DKC1,2495.44888850584,-0.154644809005487,0.0428407023568049,-3.60976362426335,3.0647615904928e-4,0.00189166110532376
3332,UQCRQ,1452.41943790634,-0.117254206528022,0.0325756317045611,-3.5994453642968,3.188966236875e-4,0.00195788362268168
3360,SFR1,258.60966035082,-0.341205380893209,0.0951835579506833,-3.58470925272614,3.3745391876594e-4,0.00205455202862946
3362,SDC4,2687.07062831382,-0.229509265082731,0.0640525698295462,-3.5831390636393,3.3948975163391e-4,0.00206571738523942
3363,LSM3,879.902265795468,-0.228667535771841,0.0638214835677198,-3.58292416579766,3.3976927026056e-4,0.00206680343791863
3391,COPZ2,72.3284732906743,-0.581985207391401,0.163002925294636,-3.57039731857225,3.5644016077604e-4,0.00215030857239619
3395,EPS8,769.714521472228,-0.23994209502902,0.0672620029832083,-3.56727549563043,3.607121908839e-4,0.00217306187547806
3399,SCPEP1,856.625387375123,-0.532616257264997,0.149328941152907,-3.56673162719085,3.614613221669e-4,0.00217650598019943
3409,LMAN2L,394.074051073909,-0.334077577208223,0.0937745392352264,-3.56256164981216,3.6725362646005e-4,0.00220384495057006
3419,CHCHD5,165.061758711229,-0.287165371997721,0.0807059359777295,-3.55816915470707,3.7344879574584e-4,0.00223495880683189
3436,WFDC2,138.623212459194,-1.55122191595988,0.436617035178154,-3.55282041463849,3.81124555302e-4,0.00226911089284435
3439,HSPD1,12193.0478100356,-0.296151508728737,0.083435638976671,-3.54946054660817,3.8602130533982e-4,0.0022962599137356
3441,MRPS35,1279.05155528945,-0.185125494142149,0.0521765141588298,-3.54806175013169,3.8807722698117e-4,0.00230580767712864
3449,TMSB4X,5184.74563262876,-0.559435655527846,0.157753178204377,-3.54627185262201,3.907229058012e-4,0.00231748868772837
3457,MRPS9,395.658484279703,-0.216666189421673,0.0611248627292624,-3.54464909608621,3.9313608844843e-4,0.00232640583204791
3475,NFE2L2,2489.39599066447,-0.267392851385392,0.0756371570147462,-3.53520494342829,4.0745900642601e-4,0.00239798299610382
3476,ARPC4,867.697566434809,-0.295319027983522,0.0835365994973989,-3.53520528439415,4.0745848063244e-4,0.00239798299610382
3480,SDC2,53.5436609624671,-0.798943058357086,0.226129435822624,-3.53312276860664,4.1068171396287e-4,0.00241417121337314
3484,LPAR5,71.3499866564732,-0.484594741331643,0.137269224060079,-3.53025045963361,4.1516644680403e-4,0.0024377324920408
3485,RIOK2,445.547640227529,-0.260635980248622,0.0738350717840322,-3.52997530781825,4.1559845237234e-4,0.00243956887810075
3487,LSM5,871.267615262094,-0.253431929958978,0.0718027192229655,-3.52955894569965,4.162529653304e-4,0.00244200943841813
3493,ADGRG6,1699.83072696845,-0.331153455199948,0.0939485080326752,-3.5248399589781,4.2373871113493e-4,0.00248165554356925
3509,RC3H2,2138.03836733984,-0.119743086688298,0.034040371561256,-3.51767860326727,4.3533927992643e-4,0.00253796969206469
3525,STARD3NL,581.649799734638,-0.28268978286450003,0.0805483130442529,-3.50956801179923,4.4883525428956e-4,0.00260477242468129
3531,NOLC1,5415.63433073226,-0.208683335330072,0.0595554355428389,-3.50401828864074,4.5829388257048e-4,0.00265514527208847
3543,GALNT2,1800.08985818432,-0.246445545220206,0.0704937149012695,-3.49599316145229,4.7230080399833e-4,0.00272702725018174
3546,UBE2D2,1602.93693723848,-0.193947817605041,0.0554955891479543,-3.49483302335912,4.7435841840358e-4,0.00273659057114554
3576,CAPNS2,4.60926773974972,-1.94454328898177,0.558803476024921,-3.47983391730916,5.0172470351781e-4,0.00286990891196956
3578,FAM234A,1443.89943261672,-0.196796813590007,0.0565602177356408,-3.47942107489444,5.0249835864881e-4,0.00287220143137156
3582,LRRFIP1,1665.95962136848,-0.183395731831318,0.0527401356771047,-3.47734660665525,5.064027179374e-4,0.00289209391425057
3587,NPL,68.6118846281062,-0.686269779527173,0.197524887663467,-3.47434587937295,5.1210045573298e-4,0.00292055729660709
3596,MRPL16,834.966706309232,-0.145582601111893,0.0419625432303973,-3.46934646721876,5.2172616770658e-4,0.00296718159932546
3599,RPP25,485.170621000201,-0.509159139044308,0.146806300247371,-3.4682376586452,5.2388375668654e-4,0.00297779661309717
3608,MRPL57,509.333829599,-0.27621796869414,0.0797814112767458,-3.46218453990485,5.3580963138019e-4,0.00303759770265125
3623,SRPRB,1099.52827511066,-0.22695977608412,0.0656915367045375,-3.45493175330823,5.5043213196251e-4,0.00310797408875439
3628,NDUFAF8,508.933349232123,-0.23098653418902,0.0669300883636364,-3.45116135114079,5.581797606616e-4,0.00314737689191135
3629,RCE1,614.353180492414,-0.217493962926042,0.0630277497586706,-3.45076515913725,5.5899974829153e-4,0.00315113195117111
3632,SRD5A3,27.706721598422,-0.627441430726013,0.181917113908152,-3.44905114888092,5.6256013060065e-4,0.00316858276203125
3647,DBN1,1866.34310464236,-0.224278534578918,0.0651427363531002,-3.44287862522749,5.7555756472202e-4,0.0032284565674577698
3648,LXN,92.0619954777844,-1.30642043987012,0.379553320299678,-3.44199449721223,5.774419961158e-4,0.00323813895683692
3666,GJB5,212.73299104247,-0.912132065977279,0.265598403538861,-3.43425281863119,5.9418971962846e-4,0.00331569533399877
3684,EIF1AD,953.834233455479,-0.222088113071277,0.0648165713582901,-3.42640945698329,6.1161763394418e-4,0.0033962708842552
3708,CCT2,6236.34223408418,-0.167454078905805,0.0490389929068838,-3.41471284338507,6.3849286258838e-4,0.00352255892394026
3714,ETHE1,184.957335534208,-0.400563947548021,0.117369976913371,-3.41283144192548,6.4291694252539e-4,0.00354123637405549
3716,TTC1,777.825028839442,-0.214625769735432,0.0628978162710753,-3.41229286578796,6.4418863341465e-4,0.00354633123621197
3718,BIK,137.528934113441,-0.520451147327883,0.152635156119773,-3.40977243092991,6.5017106034387e-4,0.00357637789229754
3730,INPP5A,241.642370323041,-0.31748893531301,0.0931881320391652,-3.40696747928776,6.5688953289883e-4,0.00360267806287172
3733,PRSS23,542.847855549226,-0.483944005224501,0.142079793981444,-3.40614236312664,6.5887812104045e-4,0.00360971336961021
3734,CAVIN3,71.1024828522716,-0.597116470842246,0.17530232585547,-3.40620963200766,6.5871578894597e-4,0.00360971336961021
3735,CBX1,1932.09700767945,-0.34565402785284,0.101491546445385,-3.40574205398324,6.5984490972064e-4,0.00361404211998799
3739,ANXA4,943.028536528826,-0.326014948670192,0.0957529369015279,-3.40475142820387,6.622430492498e-4,0.00362329661901664
3741,CCDC127,665.104009215303,-0.21292378390496,0.0625437864116796,-3.40439548228564,6.6310671219278e-4,0.00362622057922668
3747,SKA3,558.753223521797,-0.446753864982744,0.131376846868346,-3.40055249940988,6.7249820877779e-4,0.0036715494680991
3753,ITGB6,247.638632741351,-2.12910516275713,0.626855113984001,-3.39648686795505,6.8256832494361e-4,0.0037205702700164
3758,MRPL30,722.463070461793,-0.138492985729751,0.0408227935196152,-3.39254063206638,6.9247660859413e-4,0.00376955667429756
3763,ELOVL6,624.023571658897,-0.635579532630095,0.187540246179058,-3.38903006463617,7.0140319770039e-4,0.00381307606041906
3765,IL22RA1,51.2611551446687,-0.682455811872617,0.201389413710386,-3.38873726924913,7.0215252190294e-4,0.00381598969026783
3780,VWA5A,33.8449677446659,-2.18658937510515,0.646830035713084,-3.38046975925382,7.2362037483729e-4,0.00391616455239328
3788,DARS1,1574.13267629644,-0.173283870502392,0.0512904470489901,-3.37848235826216,7.2887108940913e-4,0.00393617603785942
3807,GLCE,820.288861516564,-0.405712248645917,0.120360433497254,-3.37081079601773,7.4947312563841e-4,0.00402731067275677
3815,PSMF1,1514.68092454601,-0.194191707751877,0.0577034083136209,-3.36534207297488,7.6448816801317e-4,0.00409937993526752
3823,PNPLA4,284.889354159004,-0.300973486552517,0.0895446558806143,-3.36115520901427,7.761719618906e-4,0.00415223583273956
3833,HADHA,2178.13457595243,-0.158620125077059,0.0472277505581729,-3.3586212174488,7.8332357563477e-4,0.00418065494045408
3835,NIPA2,215.902707425568,-0.315146023591339,0.0938854308706811,-3.35670849746032,7.8876224893086e-4,0.00420748613464895
3838,SPPL2A,824.680286273793,-0.219060494069376,0.0652828822283848,-3.35555794401076,7.9205062051126e-4,0.00422172473783194
3871,ARHGDIA,3318.55557242338,-0.254114583928404,0.0761072032561031,-3.33890319255723,8.4109870651949e-4,0.00444493832065855
3906,TMX2,1233.15275292495,-0.25311179959827,0.0762456839355845,-3.31968691909313,9.0118452128709e-4,0.00472075913295684
3910,BZW2,1179.11465717101,-0.441322122510622,0.133025529134281,-3.31757464437623,9.0802649392075e-4,0.00475076674837262
3911,AURKAIP1,1025.12734372107,-0.204491242084932,0.0616405426652288,-3.31747958799663,9.0833552474658e-4,0.00475116845557167
3921,NHSL1,304.019203070975,-0.448412751105142,0.135321763108912,-3.3136780130794,9.2077473978218e-4,0.00480395022997302
3926,SEC11C,291.225610103368,-0.246253595055752,0.074380120943969,-3.31074475183034,9.3048040965925e-4,0.00484840492623517
3933,EIPR1,424.965839798117,-0.326240214761179,0.0986290364009613,-3.30775019878425,9.4048659269124e-4,0.00489182156793407
3936,UFSP2,207.51747001327,-0.250666153633785,0.0758145201765434,-3.30630798757386,9.453411677651e-4,0.00491332425532795
3940,RPA3,612.479300727761,-0.245029638013434,0.0741279323228247,-3.30549673160096,9.480820979454e-4,0.00492256738011907
3955,TMEM9,996.856437669465,-0.210876664495629,0.0639252920613252,-3.29879860843389,9.7099545885662e-4,0.0050224157021062
3962,AMMECR1,547.954178926492,-0.207153593650513,0.0628310260683183,-3.29699523648187,9.7725158663623e-4,0.00504481831584897
3968,HNRNPK,10482.2986815592,-0.190585801114302,0.057870328518828,-3.29332502497019,9.900994639591e-4,0.00510445179793632
3976,MARVELD3,328.331733911708,-0.925788222033013,0.281528875024266,-3.28843079401079,0.00100747550291722,0.00518358308933037
3978,MRPL10,875.245086446108,-0.173473816902658,0.0527574976544499,-3.2881358027796,0.00100853178026296,0.00518511141411324
3988,COL10A1,10.9660670484512,-1.40800004927612,0.428564011290521,-3.28539030852418,0.00101841187824085,0.00522408520390498
3990,ATP1B1,2704.6935950488,-0.345221367049812,0.105117801577888,-3.28413800391382,0.00102294818107758,0.00524472454644212
4002,IL6,90.7783740235513,-0.52581850154891,0.160293026240909,-3.28035794120351,0.00103675461165923,0.00529957248643502
4007,MLLT10,809.858401494185,-0.175831362051032,0.0536498135503984,-3.27738999290009,0.00104771547627282,0.00534828987109252
4011,IFNAR1,1512.24928172291,-0.167168265030617,0.0510221668783314,-3.27638505493602,0.00105145102314536,0.00536263614572045
4034,HCAR2,182.702774650123,-0.756623965900337,0.23157313396423,-3.26732187343118,0.00108570164819865,0.00550575077273175
4041,GHITM,3305.34630404468,-0.183073669656626,0.0560709059110436,-3.26503855577208,0.00109449177316381,0.00554071225033704
4045,PPIB,1354.30550670308,-0.191557681934823,0.058724970077525,-3.26194601175515,0.00110650214849881,0.00559597390651176
4071,UGP2,1106.9520388835,-0.183577260809425,0.0564153910331091,-3.25402797796238,0.0011378107331278,0.00571615770324054
4072,KRT10-AS1,161.522580530152,-0.468109490855542,0.143853223703124,-3.25407716841715,0.00113761372707588,0.00571615770324054
4073,PAM,2575.44777373115,-0.390391190124108,0.119990155887698,-3.25352681839571,0.00113981965785222,0.00572484427711339
4083,CAB39,1794.31250463062,-0.238374391183657,0.0733741617571059,-3.24875113357696,0.00115912840244829,0.00580756544915126
4090,CAV1,11139.3813681163,-0.375730883864333,0.115819844933562,-3.24409762489203,0.00117823356137572,0.0058931843435362
4091,CAPZA2,1603.17433961091,-0.272550095123986,0.0840352502484986,-3.24328295944898,0.00118160798011649,0.00590861756275801
4103,SEC23IP,1728.56762897816,-0.134739614800846,0.0415877822300628,-3.23988459051432,0.00119578087611086,0.00596200082442112
4141,UBA1,7634.93671845377,-0.120834920698371,0.0374425882073887,-3.22720534245883,0.00125005716077311,0.00617393030853101
4144,PPIF,1601.34322338444,-0.208491754596274,0.0646293265904031,-3.22596204533614,0.00125550005086308,0.0061978196285005
4146,KCNJ15,67.9250007049471,-1.73624025244107,0.538322298201393,-3.22528020526381,0.00125849428396655,0.00620960385120689
4158,PRDX5,1478.14268167467,-0.325042699613799,0.100940137483352,-3.22015312954581,0.00128122138995559,0.00630046778228884
4163,PYM1,370.396943966697,-0.247362472317341,0.0768711413770505,-3.21788473393463,0.00129139703673156,0.00634593062224779
4169,RNF26,672.385432084827,-0.354592044417644,0.110361819926392,-3.21299562343342,0.00131358291210112,0.00644566218106324
4174,SUMO2,2221.68412140764,-0.159554273898281,0.049686295371138,-3.2112330514173,0.0013216670187269,0.00647756162005182
4183,MESD,1250.85073076122,-0.265859979144176,0.0829193759368283,-3.20624674438843,0.00134478621435183,0.00657668935859319
4195,FAM136A,1284.30523073766,-0.307547166281116,0.0960303242857107,-3.20260468314256,0.00136190791613612,0.00664137073668573
4213,MZT2A,555.309951590537,-0.194832724232999,0.0609970645829071,-3.19413279254091,0.00140251586901447,0.00681017496615928
4219,ATP6V1F,668.110891824825,-0.291057064743042,0.0912152433860289,-3.19088185196491,0.00141839269935714,0.0068760595033179
4222,TRAPPC2L,961.000669846819,-0.18333156984714,0.0574622253798299,-3.19047110750244,0.0014204104266754,0.00688236288453309
4224,GALNT14,136.20626913255,-0.695104202047417,0.217886668812892,-3.190209873025,0.00142169508249338,0.00688532582920621
4231,PSMD11,3146.42948976833,-0.185968579107243,0.0583482600379395,-3.18721721926792,0.00143648847820875,0.00694546083637827
4258,TWIST1,57.1817294529037,-0.724298576738774,0.228134390918818,-3.17487676374281,0.00149900149098348,0.00720175516699134
4263,TMEM222,488.58442849319,-0.178992241860689,0.0564096445216417,-3.17307870628432,0.00150831629263103,0.00723800759989513
4273,GATB,353.303076675317,-0.287004799475159,0.0905973375831551,-3.16791648774149,0.00153535617519752,0.00735149522948886
4276,DERA,646.766349326997,-0.248027509170251,0.0783316622591696,-3.16637617557027,0.00154351044735085,0.00738437633803935
4277,PSMB7,2102.66809586233,-0.144600448827887,0.045674790132421,-3.16587002170474,0.00154619867392734,0.00739392940002388
4283,HERC6,477.580236628444,-0.589167743108695,0.18627985464913,-3.16280976393518,0.00156254401840803,0.00746321806784336
4288,SLC3A2,6025.86371977887,-0.325321789681966,0.102898824358503,-3.16156954863288,0.00156921340431239,0.00748451564948641
4290,SPC25,18.7756416014155,-0.709459268209291,0.224402808128812,-3.16154362828671,0.00156935307286333,0.00748451564948641
4306,EIF5B,2731.305050112,-0.185449066854641,0.0588240597776007,-3.15260571194471,0.00161820217646404,0.00768719051727649
4311,RWDD1,501.409052033652,-0.161266772022304,0.0511786270567132,-3.15105701924355,0.00162680728030444,0.00771969300236324
4320,SLC7A1,2939.61701120661,-0.189470366766714,0.0601998456742118,-3.14735635357084,0.00164754035741535,0.00779998451553943
4325,BZW1,2644.28022842229,-0.27269262900995,0.0867398169993777,-3.14379991154358,0.00166769426782308,0.00788733396072563
4345,ZNHIT1,621.829258905233,-0.309079276690792,0.0985982170385646,-3.13473494728513,0.00172009450666397,0.00809849788787683
4347,HM13,2989.24353754529,-0.171104137878301,0.0546090934324713,-3.1332535869669,0.00172880009798094,0.00813574041969086
4353,MAGEF1,814.682260711242,-0.181466711270878,0.0579340728279035,-3.13229680588719,0.00173444438212032,0.00815105185505062
4356,COG4,1627.60004857006,-0.346995602755309,0.110797732087325,-3.13179336993853,0.00173742107233152,0.00815990515203278
4363,BOLA3,183.930317377583,-0.250634065340907,0.0800547643088032,-3.13078262742878,0.00174341152664582,0.00817441430222175
4364,RAP2B,991.465960366506,-0.204248835584795,0.0652573817185685,-3.12989626929327,0.00174868040492418,0.00819723992748255
4378,TM9SF3,3582.83008593228,-0.0965743357900886,0.0309283997501986,-3.12251317785909,0.0017931407784465,0.00837877590330744
4393,DHX32,908.550501170509,-0.262405098911188,0.0841473968660147,-3.11839829494675,0.00181836887885857,0.00846742827953451
4399,LTBR,2568.29281442031,-0.241088055074563,0.0773710925857184,-3.11599651778815,0.00183324437243431,0.00852527395473714
4402,NSD1,3565.72587190438,-0.171737810624479,0.05515239104311,-3.11387788228872,0.00184645895451606,0.00858087479157998
4405,SLIRP,1139.81074679227,-0.138796363513677,0.0445811988172273,-3.11333851928724,0.00184983707523681,0.00859071896665595
4427,ERGIC1,1868.75616361745,-0.152520248978575,0.0491222526210843,-3.10491153887169,0.00190335940039743,0.0087953519886899
4436,ZNHIT2,95.3643299325389,-0.369969813816426,0.119268400672638,-3.10199358530766,0.00192222123641466,0.00886357066847956
4439,PXN,2447.06142055865,-0.22483793882108,0.0725056875476078,-3.10096968149499,0.00192888039228913,0.00888918814711845
4443,VDR,592.6262418196,-0.383537460340439,0.12376600793891,-3.09889174521772,0.00194245981333359,0.00894370929582832
4457,SCAMP2,1551.8217766884,-0.200616307228535,0.0648410533669255,-3.09397051422466,0.00197497113614585,0.00906483835138787
4473,LAPTM4B,4333.15927961491,-0.19396311651333,0.0628075725487416,-3.08821227508523,0.0020136457906549,0.00920928950132514
4480,TACSTD2,5527.0631029042,-0.487101318165041,0.157835326890777,-3.08613621399295,0.00202775905999783,0.00925727897575889
4482,RRS1,526.563200554644,-0.19839374371369,0.064288502894721,-3.08599103697562,0.00202874937531096,0.00925973359454178
4506,COX5A,1685.9042903334,-0.155290913754128,0.0504829364958192,-3.07610698848687,0.0020972257767548,0.00952129332336284
4511,SUMO3,2162.92322559227,-0.234536524728011,0.0762816792062038,-3.07461145544547,0.00210776949478505,0.00955855476719527
4515,RBM17,1489.17339974511,-0.127615682666073,0.0415195587601419,-3.07362810388491,0.002114728729229,0.00957509834055144
4528,RNF8,466.625245722612,-0.17699193334639,0.0576642007363694,-3.06935552884129,0.0021452113299491,0.00969182601077047
4533,CD9,3440.7881527533,-0.34957628531335,0.113971459936265,-3.06722652766613,0.00216055055898628,0.00975098855961446
4538,RAB1B,2019.15645261724,-0.263331705451391,0.0859207684912853,-3.06482018347054,0.00217800903058346,0.00981831880534284
4539,EZR,9635.6963290354,-0.212685761959254,0.0694107314558156,-3.06416252211148,0.00218280293558585,0.0098364638446611
4548,SDCBP,2767.90694387901,-0.206718878292922,0.0675160691740582,-3.06177300932605,0.00220030238893407,0.00989594608969737
4555,APOBEC3C,1238.23051224252,-0.201116223368447,0.0657434049641665,-3.0591087193927,0.00221996570633912,0.00997010723481437
4556,CCSER2,612.743918277779,-0.196911886194236,0.0644125656704734,-3.05704149717638,0.00223533327735718,0.0100369211709605
4559,ASNSD1,298.000698746435,-0.190396552683414,0.0622909441785138,-3.05656873875237,0.00223886139501389,0.0100461477424434
4577,NRBP1,1798.65667843772,-0.123205630540309,0.0404189662622879,-3.04821330018188,0.00230206461850247,0.0102891273543161
4581,MRPL40,557.810599978975,-0.356131079628541,0.116878955368653,-3.04700772269269,0.00231131771460973,0.0103223966656629
4589,PBDC1,226.558502263192,-0.402323312915155,0.132093443264813,-3.04574779013522,0.0023210243911354,0.0103467413313264
4603,PPP4R3B,1596.16455925772,-0.156970995295907,0.0516214268865867,-3.04081085632863,0.00235941996727785,0.0104836347242839
4611,GPS1,2220.08178232623,-0.286763473142249,0.0943842220668202,-3.03825646768833,0.00237951347251397,0.0105568655621814
4629,CD81,3026.95266479329,-0.180706982876821,0.0595831861772374,-3.03285195825693,0.00242254413397111,0.0107059808487032
4631,RNF40,1199.6420458634,-0.224074898456177,0.0739080113566659,-3.03180797782306,0.00243093792717761,0.010738436013015
4634,NPEPPS,2156.11454676584,-0.142216019269442,0.046927107384206,-3.03057288626545,0.00244090265691555,0.0107693500510833
4643,DTNBP1,169.814893648456,-0.26228313662892,0.0866661471966854,-3.02636202384396,0.00247515756574173,0.0109055133151795
4644,SNHG7,781.050827463301,-0.241987471758415,0.0799627167146403,-3.02625375550941,0.0024760440886209,0.0109070701810762
4663,ITFG1,994.085526548086,-0.157680228574165,0.0522389487275634,-3.01844184109637,0.00254078164875078,0.0111466373983476
4673,REXO2,628.567584829532,-0.199532921107327,0.0661513995022375,-3.0163068749676,0.00255874156211614,0.0112014072621891
4697,SDHAF3,263.489560966388,-0.237142291944209,0.0788961917759031,-3.00575080502984,0.00264926013759424,0.0115384106099139
4701,GLRX3,1106.6613131198,-0.131178328030086,0.0436759277079377,-3.00344686224594,0.00266940160078089,0.0116162409162252
4710,IMP4,1207.86968280669,-0.150089649105551,0.0500185870603338,-3.00067750663386,0.00269379694904547,0.0116984086351145
4729,EFNB2,132.010004169021,-0.616390245126686,0.206029694946851,-2.99175439387849,0.00277379323679743,0.0119990459389226
4741,SARAF,1624.41456308297,-0.172968473931407,0.0579124170848533,-2.98672517291022,0.00281983091456532,0.0121673235644933
4744,NSRP1,692.081102655268,-0.168408618034747,0.0564292943149904,-2.98441828981033,0.00284118074303709,0.0122516936046184
4752,TUBA1A,343.545203928216,-0.5068121608309,0.170018688802375,-2.98092030000305,0.00287383575512242,0.0123716452109721
4755,AAMP,1522.966629207,-0.132829643082698,0.0445787086779256,-2.97966556282219,0.00288563242877508,0.0124145915027238
4758,PSMA1,680.506894728395,-0.169498264965727,0.0569032318674069,-2.97871068836096,0.00289463948126402,0.0124454896738583
4778,DCUN1D5,816.003519449597,-0.207171211782662,0.0698028954945729,-2.96794581821851,0.00299797171845542,0.012835811520394
4779,FAM120A,4599.73534053185,-0.127357645064227,0.04292997879457,-2.96663657053415,0.00301076613224737,0.0128825021475391
4785,MFSD5,422.66677878922,-0.259178590267203,0.0873992602501639,-2.96545519407548,0.00302235367407798,0.012921272541403
4806,PLAAT4,26.2522846507836,-1.28809261410926,0.435369459996531,-2.95861959201163,0.00309020309513664,0.0131536172944674
4824,BAIAP2L1,1033.56522153043,-0.362066416540033,0.122683271363473,-2.95122890444729,0.00316512255266042,0.0134222454518603
4832,TLE3,1820.09851093224,-0.339694513976882,0.115228562005644,-2.9480061893009,0.00319830661264166,0.0135405129086942
4838,PDIA6,2699.72670067491,-0.188931668783299,0.0641233560786307,-2.94637836097697,0.00321518848545223,0.013596557392487
4885,HSPA9,8834.66923142135,-0.130892354386391,0.0447058595933659,-2.92785678604454,0.00341307216479038,0.0142929820419891
4896,PPCDC,209.400856480626,-0.362945457085586,0.124119469826875,-2.9241621607942,0.00345384767398208,0.0144312422113258
4910,CENPX,1122.82477985616,-0.351382671892671,0.120341569453736,-2.91987775701859,0.00350168713158566,0.0145894121488489
4919,HSPBP1,735.874857635557,-0.238226789459451,0.0816934196190819,-2.91610744868129,0.00354428417073559,0.0147398701526201
4942,SLC16A3,3078.20074063733,-0.532003551895896,0.182973217730904,-2.90754875764554,0.00364273552522666,0.0150788022338247
4955,ATP6V1D,940.7015262564,-0.136928661020421,0.047169328341272,-2.90291733708262,0.00369704206646686,0.0152634489513043
4959,WWC1,1424.69935513129,-0.27066319196169,0.0932626960220386,-2.90215920733978,0.00370600142963997,0.0152850143641421
4964,ACTR1A,1774.35191076332,-0.164882060668918,0.0568347498984497,-2.90107831852034,0.00371880920259149,0.0153254794233308
4977,GLG1,5042.01770109009,-0.216355040978671,0.0747354864254124,-2.8949439058592,0.00379226293091994,0.0155873664411953
4994,BCL7B,866.598335922994,-0.336282269941899,0.116428393965903,-2.88831837739154,0.00387307628287104,0.0158653427149966
5013,ZDHHC4,513.234272761754,-0.190548744034875,0.0661800242685734,-2.8792486273741,0.00398623937377074,0.0162653915291736
5026,WWP2,1456.81141818181,-0.237157817313951,0.0825100326338163,-2.87429067403803,0.00404936094623077,0.0164775021524006
5030,KDF1,213.173213517111,-0.761844732940419,0.265068717266183,-2.87414049005025,0.00405128707501211,0.0164782802616558
5031,POLR1D,1341.84444264615,-0.199660386312804,0.0694755693296936,-2.87382152084747,0.00405538065472795,0.01648994674096
5034,TMCC3,144.811256861065,-1.27766043391393,0.444821528124497,-2.87229900787611,0.00407497202595971,0.0165597343534084
5039,SLC25A13,672.984346282063,-0.364675790181738,0.127052874229463,-2.87026792894993,0.00410124124660434,0.0166499488354406
5055,GOT2,4451.84363945734,-0.186566476234286,0.0651864531801703,-2.86204367828743,0.00420918895213938,0.0170332342972405
5058,MDH2,3260.87317838388,-0.241500512267104,0.0844053297920876,-2.86119979463362,0.00422040991837379,0.0170693803282271
5064,ISYNA1,1779.71381694167,-0.265940839372763,0.0929904622514549,-2.85987221628852,0.00423811741032221,0.017120688756509
5068,LRWD1,554.422643516753,-0.216232759226487,0.0756736983772974,-2.85743612197178,0.00427078586545238,0.0172390423144355
5071,MPC1,209.779858593578,-0.337332050573106,0.118081649196275,-2.85676947154078,0.00427976547500274,0.0172650684918421
5081,AGA,111.289692487232,-0.316167151178594,0.110772095514184,-2.85421296501618,0.00431435989901435,0.0173703720634002
5105,ALDH9A1,968.734089224632,-0.155538327345896,0.0547241006466681,-2.84222719986109,0.00447995528649467,0.0179522909492305
5110,ATP5PF,1087.15561855943,-0.187088776140595,0.0658649090172847,-2.84049244023851,0.00450439405776071,0.0180325614950315
5111,POLR1B,1153.44832257982,-0.231978859321987,0.0816913311093414,-2.8396998331621,0.00451560021530857,0.0180632838491528
5121,RANBP1,2710.63694003903,-0.187048312664738,0.0659275569430122,-2.83717949425038,0.00455140169816288,0.0181812579223862
5122,MORN2,127.219441427074,-0.377063555996839,0.132903476931204,-2.83712333720225,0.00455220233066736,0.0181812579223862
5124,RAB20,146.082534904448,-0.379623605540632,0.133828790394024,-2.8366363054088,0.00455915130841435,0.0182019044333006
5127,COPS2,1772.1281413493,-0.188547986700584,0.0664846296972291,-2.83596355366994,0.00456876594430426,0.0182296167198424
5133,SCRN1,2646.20497398703,-0.226353916144078,0.0798746864877618,-2.833862968323,0.0045989047830534,0.0183248529697942
5146,SART1,1844.25154184728,-0.125783292418333,0.0444490091649334,-2.82983343794231,0.00465722427585146,0.0185033826424429
5162,CDC27,2132.85195435768,-0.172759072500525,0.0612157732262102,-2.82213330642953,0.00477053429381806,0.0189056218614173
5166,USP43,233.784520703605,-0.206851428804985,0.0733290371282592,-2.82086656126662,0.00478941204797803,0.0189609345126162
5174,TIAM1,692.082035519543,-0.63581321295475,0.225863538996985,-2.8150325447758,0.00487722944510131,0.0192836263545492
5175,HMGN2,2734.05295748795,-0.234769870455149,0.0834131722786924,-2.81454192475449,0.00488468057040988,0.0193093483857151
5181,TBC1D7,250.593201046882,-0.241565026150342,0.0858931312697218,-2.81239049711413,0.00491747638294391,0.0194156310448686
5187,HPSE,232.338374909465,-0.289644777396943,0.103023748692755,-2.81143698489115,0.00493207507164386,0.0194462272619439
5210,UFD1,1108.13217259485,-0.140589686576089,0.0501413675572617,-2.80386621716161,0.00504938519877359,0.019826347986816
5212,MTMR6,589.884157635595,-0.230287676058945,0.0821507146608901,-2.8032339950973,0.00505929478766056,0.0198576349714451
5219,MAP1B,375.049664253767,-0.465015513028114,0.166012962734217,-2.80107953842491,0.00509319639903366,0.0199638855595002
5220,PPP2R1A,3542.94357046189,-0.132903933346954,0.04745787228357,-2.80046127126869,0.00510296303400111,0.0199983361660078
5230,RAC3,544.181726265995,-0.374448721423007,0.133898579881732,-2.79651002836435,0.00516578077873112,0.0202058082964632
5254,COQ4,868.220933092319,-0.150670818681582,0.0540395082553615,-2.78816043198605,0.00530082858707022,0.0206393320147879
5279,COX6A1,805.482352407325,-0.16884491632846,0.0607510285132108,-2.77929313232522,0.00544773400345888,0.021110872231248
5298,COL5A1,1457.122700295,-1.14289757474727,0.412154853779824,-2.77298099067837,0.00555453653103967,0.0214484575918099
5302,POP4,486.436535631106,-0.150791063716879,0.05439774594369,-2.7720094114372,0.00557114257829792,0.0214954477035535
5313,THY1,2.99595946208697,-1.80357472082026,0.651448249633043,-2.76856177269062,0.00563043109718421,0.0216792262290791
5331,FIBP,1855.16819885822,-0.200770937757285,0.0727320549441297,-2.76041888148919,0.00577272920314413,0.0221424106646058
5343,INAVA,173.737282509569,-0.302356793098047,0.109649168629812,-2.75749280068723,0.00582464959065243,0.022301114856069
5346,WDR45B,2922.83586842929,-0.16155281732939,0.0586127675484053,-2.75627348932077,0.00584640904277037,0.0223676809029275
5350,SRM,1423.92565161418,-0.240212923954107,0.0871857525745509,-2.75518553044209,0.00586588625226361,0.0224296140303844
5354,APOD,10.2003397655107,-1.21423818883814,0.440987398105129,-2.75345325978833,0.00589701899695356,0.0225318112851474
5357,MED27,456.126444548385,-0.199824600154059,0.0725993461769211,-2.75242974870732,0.00591548367667955,0.0225897049792484
5373,N4BP1,1026.27252652925,-0.182616982944762,0.0665022132482119,-2.74602865115429,0.00603214954167683,0.0229666263119455
5382,MBOAT7,16.8002059419414,-0.732143372971499,0.266915468181556,-2.74297843418162,0.00608846839420257,0.0231434060411173
5390,ORC5,456.751133516217,-0.326046066952112,0.118926714040183,-2.74157130787242,0.00611460869659228,0.023204884493861
5420,MRPS18A,186.56528852735,-0.212898732296518,0.077932127932536,-2.73184805733547,0.00629801786072186,0.0237665654633439
5423,HSPH1,4777.63961719462,-0.349109443735232,0.127833422314897,-2.73097158327857,0.00631479162735958,0.0238210754786825
5425,CMBL,1085.82369317775,-0.250230162536702,0.0916343350313535,-2.730746749579,0.00631910092005745,0.0238285433219567
5430,TGFBI,2735.64480592315,-0.692765756705282,0.253818652778173,-2.72937291693345,0.00634549013687223,0.0239060205764264
5437,SP110,352.314519263643,-0.538517292541604,0.197410497955303,-2.72790605423392,0.00637377576074317,0.0239816683350236
5441,STAMBP,1066.34390669349,-0.114678584135571,0.0420725643302983,-2.72573316984593,0.00641588419629687,0.0241223567365641
5452,ILF2,4440.19421019466,-0.181226132038364,0.0665911779997687,-2.72147358677141,0.00649915786380533,0.0243861468121544
5456,ARPC1A,451.06143834027,-0.297608589714622,0.109401831447419,-2.72032548063566,0.00652176873661009,0.0244530467457538
5467,PPDPF,1376.27883224003,-0.186502916461024,0.0686201810082856,-2.71790184346067,0.00656973247687625,0.024583321251044
5473,PSMB5,2169.63019530553,-0.212308073401486,0.0781782299701267,-2.71569301943282,0.00661372111348043,0.0247195137964816
5501,PPP4R1,1811.29804289164,-0.125292435743022,0.0463007853668528,-2.70605422241326,0.00680879276194423,0.0253203914799297
5514,TSPAN17,1066.48417947234,-0.149800976502847,0.0554299932893769,-2.7025256113743,0.0068814882663059,0.0255303963481719
5516,CDKN2AIPNL,388.271702747681,-0.242592505401665,0.0897935807881954,-2.70166868580385,0.00689924731915964,0.0255870018868834
5537,PFKP,2574.07773983767,-0.162687345400419,0.0605010244725415,-2.68900149739208,0.00716660977310708,0.0264777562088589
5551,MRPL12,439.644408062942,-0.169392237632624,0.0630749530337787,-2.68557057096672,0.00724060822573902,0.0266805937409934
5586,TMCO1,1476.44807749752,-0.199033534776935,0.074440528236885,-2.67372544890559,0.00750138361823677,0.0274665839767799
5587,TAX1BP1,1892.61579976353,-0.236088883494346,0.088299440615584,-2.67373022805626,0.0075012767265021,0.0274665839767799
5592,SEM1,1079.69953240472,-0.225166006157621,0.0842845610300262,-2.67149764329206,0.00755136027490005,0.0276150010453793
5597,NCL,15397.3917473529,-0.203797589589421,0.0763035051666566,-2.67088109706495,0.00756524397811583,0.0276509194318948
5605,PPP2R1B,720.388429617319,-0.275092973436635,0.103087967000846,-2.66852651613913,0.00761847646656457,0.027805018517885
5613,DPCD,239.751446559972,-0.359212258920819,0.134777948001432,-2.66521537274778,0.00769390306419591,0.0280410074798247
5616,AIFM2,606.691992702719,-0.20970995123237,0.0787285877788057,-2.6637077731099,0.00772846681642082,0.028154641592372
5622,SNX10,268.766298565086,-0.288082287318924,0.108284136774672,-2.66042927338834,0.00780411157531216,0.0283971381174246
5628,IGFBP6,856.215449284588,-1.01880130444364,0.383252990793251,-2.65829968432847,0.00785360225632728,0.0285489567320382
5636,SLC35B1,910.495899973889,-0.150872799117847,0.056821429894147,-2.65520947640546,0.00792591730607048,0.0287687172339042
5645,GPX8,590.140502408098,-0.410810274484701,0.154892317512449,-2.65223144105701,0.0079961710658394,0.028977444020173
5655,EPCAM,2466.89562267508,-1.13460706076591,0.428304609204434,-2.64906572654778,0.00807146324512211,0.0291985718135213
5662,CDH3,2680.92801143775,-1.51312512545175,0.572085746884633,-2.64492715242718,0.00817085055624858,0.0295215630217551
5666,FIGNL1,884.783013228605,-0.1806074876624,0.0683237529332136,-2.6434070130624,0.00820763064898331,0.0296335157406021
5670,EMC4,569.672923845885,-0.164206228524169,0.0621676076871041,-2.64134707178432,0.0082577077703011,0.0297880317152265
5684,SDHAF2,125.571770897187,-0.244516017157336,0.0926784001303577,-2.63832799026968,0.00833159557197115,0.0299858287501432
5690,MFSD9,241.783056183801,-0.182338952827508,0.069123938833440507,-2.63785536392635,0.00834321583002532,0.0299990195054541
5697,IFITM3,3776.18039416346,-0.240968440853887,0.0913947682506111,-2.63656711939062,0.00837496298893372,0.0300731293425693
5698,CD109,2654.58015985142,-0.180034281913012,0.0683021879321853,-2.63584941219981,0.00839269680693762,0.0301274376273985
5700,TMEM258,693.792936908552,-0.172720045380139,0.0655323538022567,-2.63564537756908,0.00839774442383696,0.0301390627506022
5707,POSTN,5.57412382113709,-2.13130695856249,0.809628192345129,-2.63245151134011,0.00847711224517938,0.0303865928157762
5714,FYTTD1,1611.77449824036,-0.159196041339218,0.0605261176661943,-2.63020407515967,0.00853336259648248,0.0305507522989573
5718,PHACTR2,473.592728228262,-0.369645369555608,0.140576087939059,-2.6295038862929,0.0085509554522364,0.0305923217359916
5726,C9orf78,975.540042589016,-0.1344705068662,0.0511872766137217,-2.62702991372182,0.00861337616597035,0.0307714350497992
5727,USP12,1004.73458070192,-0.177184363311956,0.0674478469628357,-2.62698323653809,0.00861455778120937,0.0307714350497992
5756,RHOC,1277.71020238393,-0.184652085258842,0.0705275163113484,-2.61815664178054,0.00884062124195235,0.0314198382117129
5776,ZC3H15,1313.23868348544,-0.136062642913807,0.0521367961410988,-2.609723899136,0.00906153257253989,0.0320878954191533
5779,ULBP3,205.652871051903,-0.422817646622123,0.162039477400072,-2.60934960668994,0.00907145110608295,0.0321119008958538
5790,AHNAK,12507.3250907433,-0.253959626006371,0.0974289729793758,-2.60661298421087,0.00914426501592037,0.0323081570692026
5795,COX8A,948.401813883446,-0.221630257925182,0.0850528666995012,-2.60579409637325,0.00916615452504287,0.0323575536011738
5806,MOSPD3,189.622503175676,-0.294337128659591,0.113102997201726,-2.60238133331358,0.00925788480791369,0.0326194539296401
5807,STN1,172.34723773586,-0.261514075142103,0.100534627976112,-2.60123382765429,0.00928891167454679,0.0327231386475295
5808,LAMTOR2,363.479531327074,-0.172050199389063,0.0661478785795607,-2.60099345713902,0.0092954226814692,0.0327404376368484
5809,MGST3,712.952402957816,-0.203308730635006,0.0781833959948677,-2.60040802843038,0.00931129745004892,0.0327891087696729
5822,GGCT,512.424999851158,-0.1247628337838,0.0480341593730433,-2.59737727093059,0.00939386834149143,0.0330076201755222
5830,FASN,16918.0852380538,-0.213967170951242,0.0824427580424753,-2.59534222327938,0.00944967773419658,0.0331581573599416
5831,HSPE1,982.548359263431,-0.203801338048361,0.0785331652196884,-2.59509899388682,0.00945636783310294,0.0331759418216064
5833,TTPAL,1288.70427546105,-0.205059407847112,0.079038287014692,-2.59443132679475,0.00947475393999708,0.0332233529911759
5838,CTSL,753.492430664643,-0.199353925361826,0.0768840704940193,-2.59291585475217,0.00951660512434417,0.0333415295476466
5851,TMEM69,826.209119559505,-0.145067571045298,0.0560650900385302,-2.58748484922796,0.0096679447226926,0.0338018228842992
5854,SRSF3,6147.41010380191,-0.117891744468942,0.0455824202312828,-2.58634236336653,0.00970005286656932,0.0338971611703807
5855,SOD1,3462.79599398601,-0.141688514041719,0.054792971379243,-2.58588849035106,0.00971283476075716,0.0339244426670325
5861,JTB,257.055667443926,-0.198685665552833,0.0768627349117409,-2.58494139950885,0.00973955492928841,0.0339945530094614
5872,PSMA4,3559.99308270695,-0.145488480092758,0.0563742369281814,-2.58076185187402,0.0098582561770305,0.0343444050772331
5881,DCPS,534.108248857118,-0.200020234171175,0.0776146688100786,-2.57709318660651,0.00996350859323979,0.0346579655316964
5893,NUDT22,224.708732973257,-0.250574129093436,0.0973501455346313,-2.57394714427311,0.0100545632043878,0.0349034786139761
5896,NIBAN2,4015.32022347226,-0.250257812371111,0.0972659866885761,-2.5729221580035,0.0100843886061225,0.034985906022402
5915,ADM,427.542737032747,-0.914671732942004,0.356354190948698,-2.56674891491225,0.010265691631544,0.0355038467804726
5916,TBC1D2,558.668307689502,-0.290599530557528,0.113240166501422,-2.56622309499942,0.010281267803191,0.0355517064654966
5921,ADGRF4,69.670463743615,-1.7819029368306,0.695208939629498,-2.56311856084624,0.0103736617634511,0.0358409050320754
5932,DNAJC7,1359.72958544661,-0.103297971155338,0.0403621048071156,-2.55928107934368,0.0104888896017827,0.036165719633182
5933,RNF149,874.81050223028706,-0.228015981965279,0.0890926634042905,-2.55931266675207,0.0104879364994698,0.036165719633182
5949,PPME1,1611.56341090163,-0.338963674248392,0.132694761290594,-2.55446161515059,0.0106352155274193,0.0365654796713304
5958,STRBP,666.481074366021,-0.18751519784895,0.0734847467225238,-2.5517567415317,0.0107181323162116,0.0368010796899531
5965,DLX3,49.9132552719624,-0.421396281296691,0.165331190957436,-2.54880085757791,0.0108094005410505,0.0370708980500034
5968,ARCN1,3162.76593592907,-0.120350693254481,0.0472447330883935,-2.54738857407255,0.0108532507263324,0.0372025720691322
5969,PPP1CC,4352.18785115786,-0.108990501891717,0.0427925375294559,-2.54695113176438,0.0108668649675249,0.0372429982644758
5982,SRPX2,66.9178550297474,-0.5573296266827,0.219045262975214,-2.54435827149462,0.0109478729864752,0.0374390902180414
5985,SPP1,2.98997419424652,-1.64815333816556,0.648030459609969,-2.54332695897897,0.0109802428813825,0.0375309655178685
6008,SYT7,563.435442214075,-0.510602773877647,0.201624132916536,-2.53244870289914,0.0113268941807884,0.0385719046238085
6023,LSR,1757.41550485446,-1.25616460792054,0.496728210143595,-2.52887712489171,0.0114428079938231,0.0388735717195306
6028,VDAC2,994.494596785558,-0.129617897940825,0.0512672654582275,-2.52827797196317,0.0114623560018642,0.0388929203400458
6031,CHST14,423.474277114193,-0.266864418908147,0.105581929756408,-2.52755769404707,0.0114858950722631,0.0389598666047564
6043,CLCN3,1640.41144168388,-0.150303324714021,0.059570436155193,-2.52311942659695,0.0116318889962122,0.0393702106544527
6066,IL1R2,10.2335447767503,-1.39398451060747,0.553423125935371,-2.51884036875297,0.0117742023076046,0.0397073617881088
6075,KIAA2013,938.816699278779,-0.192682362889685,0.0766040721631756,-2.51530182989814,0.0118930517069114,0.0400487504145328
6105,RHBDD2,986.84805615711,-0.258226603604093,0.102994694275826,-2.50718355367459,0.0121697496390191,0.0407791266773816
6131,PRMT5,1289.4451124132,-0.144761524006899,0.0579273235566758,-2.49901972193251,0.0124537380068625,0.0415402117081993
6142,CNNM4,445.066474245427,-0.231905999826193,0.0929035992620443,-2.4962003804834,0.0125531667269292,0.0418105066318446
6158,TMEM203,645.924563724791,-0.148313185373995,0.0595501280125794,-2.49056031151882,0.0127541847074348,0.042366426598394
6165,EIF3J,1802.29233499783,-0.159559187131905,0.0640974188115816,-2.48932312861053,0.012798658332585,0.0424691246568844
6172,PSMD3,3208.64116497877,-0.172747805538892,0.0694710407678298,-2.48661605799473,0.012896449695474,0.0427447635489818
6185,DCTN4,1580.86365395185,-0.119622242134398,0.0481802637934737,-2.48280587767561,0.013035210174594,0.0431141947520887
6188,MLKL,523.204812943633,-0.521072974982838,0.209942274858536,-2.4819821321549,0.0130653826604159,0.043193040252768
6189,NFE2L3,261.167475848021,-0.214325623212895,0.0863587058056981,-2.4818067989012502,0.0130718128051972,0.0432073153265341
6211,CERS6,926.048751295833,-0.275358315431498,0.111251157739909,-2.47510516767161,0.0133196947201495,0.0438707124279662
6221,CDK2AP2,813.496500574648,-0.266521448500529,0.107918125600933,-2.46966343249965,0.0135240226385461,0.0444702138055027
6223,ADORA2B,533.2856997497,-0.335870202774792,0.13603671202454,-2.46896736753094,0.0135503574707078,0.0445443777564307
6234,DGCR2,1881.20907001337,-0.200212608000967,0.0812262620010376,-2.46487531333659,0.0137060937589279,0.0449768302897637
6245,PATL1,1954.75508650689,-0.131438998790255,0.0534246593378565,-2.46026835583615,0.0138833162660556,0.0454781426508726
6247,YAE1,213.633182622195,-0.235188127184248,0.0956133256105175,-2.45978398599261,0.0139020662532678,0.0455176967578584
6268,XRCC6,12146.2868294461,-0.165907634359303,0.0675747457454658,-2.45517215831235,0.0140817131775694,0.0459587757615727
6270,UBE2E1,420.367670949244,-0.187466600319254,0.0763750856231441,-2.45455175322836,0.0141060358209538,0.0460234728531502
6273,NDUFB3,476.67649229439,-0.161747168226411,0.0659213360007829,-2.45363911047691,0.0141418828660841,0.0461110133553527
6279,AKIP1,333.584368900801,-0.261686361613066,0.106742061362194,-2.45157680368491,0.0142231829523617,0.046339170832372
6314,METTL9,39.865835193036,-0.387269642432872,0.158453474016695,-2.44405902007594,0.0145230504726819,0.0470538554829988
6324,HEXIM1,1426.05832168134,-0.130991195846485,0.0536634569727917,-2.44097572604948,0.0146476392894341,0.0473824726350336
6327,DDR1,30.8877461770103,-0.659266711199753,0.270224340363897,-2.43970143589565,0.0146994049677139,0.0475273790776867
6329,PREP,878.521163067753,-0.16446909055824,0.0674278098044627,-2.43918779262136,0.0147203163306918,0.0475799512050818
6335,SERINC2,1815.28003220089,-0.368833895510465,0.151347980225744,-2.43699251856766,0.0148099857696413,0.0478244481277903
6340,CHIC2,90.0589108487471,-0.244307205260225,0.100316043636898,-2.43537520423468,0.0148763551303782,0.0480008827921368
6356,WRNIP1,977.361576853849,-0.11060686310307,0.0455018162087817,-2.43082303782246,0.0150645702876819,0.0484858266795325
6361,MRPS34,1323.58253474299,-0.159548081005689,0.0656507921124607,-2.43025370862823,0.0150882568793903,0.0485238910519867
6362,TENT4B,693.137997605544,-0.139053575488457,0.0572229021957332,-2.43003360809662,0.0150974228149982,0.0485457369579407
6377,PC,878.030479331085,-0.388227702565961,0.160031410181756,-2.42594689458169,0.0152685043247146,0.0489726862606909
6397,C1GALT1,752.900454851774,-0.157051972857695,0.0648556592980858,-2.42156158086161,0.0154539824026903,0.0494203717386019
6421,SPTLC1,2206.14520434786,-0.0748895147024044,0.0310051040969232,-2.4153931065123,0.0157182353613912,0.050077548791151
6431,GNA12,858.426163936691,-0.194657804193026,0.0806534791462068,-2.41350783938477,0.0157997879948797,0.0502662689747703
6434,FUCA2,1400.28455440532,-0.208237258653603,0.0863125831412248,-2.41259444538793,0.0158394331296256,0.0503603569305942
6436,MYADM,375.724112808707,-0.462799411420351,0.191863467590275,-2.41212888119306,0.0158596742113126,0.0504025719031881
6437,TGFA,566.877913867816,-0.600226999129906,0.248833786117436,-2.41216037619036,0.0158583042034077,0.0504025719031881
6445,VANGL1,1215.14928062862,-0.285297443604423,0.118346688159052,-2.41069224701073,0.0159222774423229,0.050538716778526
6450,PTK6,170.355269124406,-0.405417364713603,0.168291410685631,-2.40901994380999,0.0159954238578512,0.0507315326914826
6451,FAM204A,652.125698207906,-0.110479524233846,0.0458805668779638,-2.40798080214891,0.0160410245167307,0.0508549628240177
6456,CCDC86,741.843699526168,-0.232381725852782,0.0965650119573427,-2.40647954308167,0.0161071060914092,0.0510230652918668
6462,GLS,5833.39438150762,-0.23252954786783,0.0966812818914059,-2.40511444737578,0.0161674016983296,0.051180617559246
6474,SLC49A4,358.68986169845,-0.195997700737033,0.0816140388855362,-2.40151943726153,0.0163271416418897,0.0515916491455264
6484,SNRPC,1240.66904198845,-0.124519868737919,0.0519223993123158,-2.39819173202929,0.016476238426423,0.0519824814141481
6485,BEX3,1450.89733999107,-0.122273256065244,0.0509888349549422,-2.39803980956408,0.0164830737193094,0.0519960276138647
6494,NAA40,990.357594148806,-0.227494809700072,0.0950562662184333,-2.39326473414497,0.0166991871243733,0.052604753773222
6497,SEC61A1,5790.31400364218,-0.151777561651576,0.0634461946757096,-2.39222482021738,0.0167465807767053,0.052729691080354
6504,WDR43,1853.75184437814,-0.186508567103021,0.078004742122034,-2.39099011200164,0.0168030054069572,0.0528504123016794
6507,APP,14346.9369899602,-0.215282403875351,0.0900762536715221,-2.3900017496333,0.0168482925349435,0.0529684217592346
6523,LCLAT1,551.340618546856,-0.18557566295305,0.0777807055373801,-2.38588299850102,0.0170381707424156,0.0534109175931005
6549,KCNK5,329.828402117447,-0.386805199603328,0.162631863525735,-2.37840968687,0.0173874956409865,0.054311093293505
6554,TYRO3,610.520900014585,-0.238579351193509,0.100393527622101,-2.37644155798135,0.017480530259948,0.0545619785669448
6564,SLC43A3,236.935647605684,-0.269210946937607,0.113370165989199,-2.37461897130198,0.0175670739431292,0.0547485727688291
6571,PRKAR1A,3988.52714024045,-0.130433161899945,0.0549851654524134,-2.3721518490806,0.0176848209516805,0.0550568227375633
6574,ISG20L2,991.767786161247,-0.137013200046809,0.0577762196744646,-2.37144625970336,0.0177186231830024,0.0551249488529516
6575,MRPL41,465.909815501074,-0.157590582533883,0.066454272619134,-2.37141385080044,0.0177201771353087,0.0551249488529516
6590,SLX9,263.110289464325,-0.16452889756785,0.0694795865649844,-2.36801779777382,0.0178836755808924,0.0555091160428514
6617,LRRC8C,614.902561278676,-0.193076938727313,0.0817582331071348,-2.36155958109207,0.0181982473838362,0.0562581612921925
6639,HIBCH,371.389222963675,-0.17799338531136,0.0756132354804747,-2.35399773836318,0.0185727240866418,0.0572149643252353
6641,SHCBP1,1195.01326178681,-0.2820846417558,0.119832731517337,-2.35398657932611,0.0185732816488343,0.0572149643252353
6653,PCBD1,672.725489778771,-0.42202347868345,0.179487137087571,-2.35127422238367,0.0187092399721127,0.057528171067114
6656,ATP6V1H,910.495662097444,-0.197711735623672,0.0841319336670949,-2.35002010539787,0.0187723970489428,0.0576963531295406
6718,NIPAL1,304.148202135966,-0.385085981189393,0.165131880063156,-2.33199053412409,0.019701189137469,0.059992144415779
6729,MINDY3,241.879928101949,-0.336523186963486,0.144401050964455,-2.33047602296415,0.0197810058386753,0.0601367270681796
6742,HOXB7,340.159399057006,-0.320202867334676,0.137679589630726,-2.3257105006886,0.0200339999286443,0.0607794062791454
6765,ATP5F1E,3467.39030160746,-0.0854284311066687,0.0368575539289104,-2.31779979950488,0.0204602040156598,0.0618700874128063
6792,MAGOHB,422.941641203938,-0.192171336438066,0.083107709118394,-2.31231661270197,0.0207602418568636,0.0625214173642674
6816,PIN4,224.672967365033,-0.227552769175043,0.0986476382899076,-2.30672292940564,0.0210702711442137,0.0632386350934829
6819,TMED7,2008.57913837192,-0.220320717952282,0.0955234955026898,-2.30645577606693,0.0210851784920528,0.0632555354761583
6823,AP1S1,795.267379751029,-0.250376704833084,0.108614409264876,-2.3051886626064,0.0211560095523596,0.0634339843955612
6826,TMEM179B,208.234741912401,-0.276887553757912,0.120126588471502,-2.30496476492878,0.0211685468558495,0.0634405161192665
6837,PIGV,307.351283008671,-0.19241562787022,0.0835678078666707,-2.30250897782567,0.0213064857159912,0.0637418511687674
6842,NOP58,1537.48266953561,-0.129757854347989,0.0563776227966852,-2.30158435051323,0.0213586235116029,0.0638604737177523
6843,PFN2,1937.16637268198,-0.326549639402749,0.141885680987835,-2.30149820002448,0.0213634870107311,0.0638656808093711
6866,CAPZB,2382.47513784377,-0.116094136493039,0.0505853590799462,-2.29501457743061,0.0217322888978927,0.064750572965947
6874,ISCA1,468.126918245236,-0.130324233818138,0.0568066773773593,-2.29417103472557,0.0217806763840608,0.0648091773322802
6884,DENR,2906.05207270099,-0.114057575650057,0.0497689316591413,-2.29174249572438,0.0219205066710524,0.065140587590023
6885,FKBP10,1810.38087024075,-0.149465326263006,0.0652230053644979,-2.29160440289007,0.0219284811891724,0.0651548205790706
6887,CDKN2AIP,314.146975952447,-0.19071050323167,0.0832334530840838,-2.29127227292867,0.0219476712058864,0.0651929010975488
6890,AP3B1,1567.48575079207,-0.140708303260333,0.0614252652082092,-2.29072357739741,0.0219794060942158,0.0652595300372074
6897,TUBB6,2647.84326418938,-0.155763836898738,0.0680589930515087,-2.28865914576274,0.0220991644924443,0.0655390832853822
6902,ASCC3,2230.92359743797,-0.124456168832969,0.0543989453368126,-2.28784157601577,0.0221467486615833,0.0656412688162865
6903,VAMP8,578.579426246748,-0.285870835401098,0.124967678197746,-2.28755818723577,0.0221632632316091,0.0656807005546903
6921,ARFIP1,592.977176332326,-0.115020519387987,0.0503632703887774,-2.28381752217618,0.0223822574487467,0.0661571796892085
6955,PRKCZ,282.557741238677,-0.151589600382214,0.0666533754798049,-2.27429742741451,0.022948109743365,0.0674981281121521
6962,EPHB2,519.04344125318,-0.221231796372334,0.0973569815403945,-2.2723773156478,0.023063730623091,0.0677699996203064
6965,FHL3,238.487014799331,-0.239810091032735,0.105567960036772,-2.27161812115346,0.0231095854251099,0.0678754901710658
6967,TRMT1L,582.364940473227,-0.161732597980626,0.071222383791166,-2.27081135693027,0.0231584001509185,0.0679993385800687
6985,SDHD,851.958371068157,-0.143346389231328,0.0632398454758251,-2.26670998565493,0.0234079480099311,0.068545146355448
6991,PSMG3,577.023932025388,-0.139952352678261,0.0617702798017248,-2.26569076791446,0.023470323190155,0.0686786441855244
7014,TMEM177,256.24895789939,-0.151567805017655,0.0670417524187885,-2.26079718308762,0.0237718191215511,0.069332777839973
7065,TMED3,1345.0184287794,-0.163864282074264,0.072833006805859,-2.24986292974358,0.0244576477763803,0.0708164071162948
7073,NAMPT,1331.56072639226,-0.240283714220113,0.106935481615354,-2.24699707328584,0.0246402141543743,0.0712660626263305
7081,TXNDC9,419.461881960701,-0.206702383649705,0.0920646679551023,-2.24518686963069,0.0247561386711783,0.0715204531558105
7106,BAHD1,488.845504159168,-0.138285581925919,0.0617816685850123,-2.23829470930583,0.025201842910196198,0.0725601603885778
7110,TMED2,5242.6452817519,-0.114490436596249,0.0511806537825386,-2.23698659815303,0.0252872159700846,0.0727567618987371
7121,PTPRU,777.085804950507,-0.286389679650897,0.128269118056647,-2.23272510164465,0.0255670780767544,0.073448352228080993
7125,PLOD1,2931.59855859103,-0.300691974359664,0.134751408421025,-2.23145700577886,0.0256508724126298,0.0736477048344096
7131,THOC7,735.374389947718,-0.122590521550795,0.0549707307744417,-2.23010536377647,0.0257404488252466,0.0738427095243402
7136,SNX3,1748.63987474634,-0.135378174013802,0.0607462716501085,-2.22858408156413,0.0258415911724567,0.074070538127357
7141,SLC35C1,514.945418538717,-0.276568422880904,0.124253360953982,-2.22584259095682,0.026024726858836,0.0745536811862777
7145,PSMB6,1758.76032832092,-0.19293015556908,0.0867264358258615,-2.22458300899699,0.0261092443131508,0.0747539273497728
7148,NDUFS3,435.008588979734,-0.163051395675095,0.0733362505354197,-2.22333967832654,0.0261929038939061,0.0749619802682761
7162,G3BP1,5656.14766642643,-0.111223884974299,0.0501164735549542,-2.21930788590579,0.026465785483964,0.0755948860158409
7163,STK24,1512.38989779793,-0.173795253028852,0.0783132777361993,-2.21923099189241,0.0264710136379592,0.0755992637151656
7165,BAK1,229.775105404523,-0.167182720469015,0.0753472358486378,-2.21883017453835,0.0264982803373856,0.0756560112856799
7170,GPRC5A,6763.29247292056,-0.402472452917483,0.181578327741246,-2.21652252184532,0.0266557371886869,0.0760524986986008
7172,RGS19,303.271034369263,-0.155325732802496,0.0701062699955594,-2.21557548008666,0.0267205896843802,0.0762162720542898
7178,CDR2L,704.179511982606,-0.279674329764431,0.126280464870382,-2.21470779388956,0.0267801275590532,0.0763222442846964
7182,RARA,484.719691329694,-0.195325587255929,0.0882402858559835,-2.21356476082499,0.026858733692,0.076502155202783
7198,QPCT,14.0500180330149,-0.904602991241022,0.409141000772041,-2.21098102985048,0.0270371507435922,0.0768406491750022
7210,ARHGEF35,27.0534017111642,-0.485074604914033,0.219679956435947,-2.20809678217261,0.0272375272801006,0.0772812892606128
7220,B3GNT5,439.140414344347,-0.184638622758961,0.0837195603617438,-2.20544185804555,0.0274231035068839,0.077700059340765
7229,KCTD3,1668.58498186468,-0.172736887297214,0.0784032941666482,-2.20318405155347,0.0275817789230423,0.078052351836862
7241,CREM,137.390344718888,-0.224783500737973,0.102195327536149,-2.19954773038388,0.0278389991559256,0.0786605425753686
7244,PWWP2B,161.909877855661,-0.238579813473304,0.108513719732065,-2.19861427718438,0.0279053609156823,0.0788017921213167
7251,HAT1,81.0878544253457,-0.224394031394617,0.102103520480227,-2.19771101269787,0.0279697062662337,0.0789099822215339
7264,TINAGL1,2918.81873878735,-0.800052444076079,0.364669755573973,-2.19390950811601,0.0282419157167367,0.0795353620343176
7272,KDM3B,2252.71346065817,-0.0780075201452363,0.0355900388190089,-2.19183577016982,0.028391367250736,0.0798682893080728
7281,GLIS2,31.7062225646435,-0.398777271094128,0.182133994401223,-2.18947194566909,0.028562555445707,0.0802498753796303
7294,MRTO4,1248.35039629824,-0.143390522527761,0.0655689788440844,-2.18686526853998,0.0287523610383736,0.0806398477874977
7310,HMMR,1006.13421451684,-0.345329315143908,0.158291829119983,-2.18159912020571,0.0291391318784463,0.0815457210447847
7312,MIR1244-2,42.3698164180931,-0.588388193638937,0.26979429386323,-2.18087708681198,0.0291925088968529,0.0816727508893489
7313,SRP14,2676.66301030077,-0.135931132737416,0.0623312719839107,-2.18078547751286,0.0291992872142074,0.0816805440367893
7345,CDCA5,1243.19028727518,-0.231255483134413,0.106384398476377,-2.17377253099536,0.0297222224392332,0.0827761491477675
7346,SPINT2,1478.70160170978,-0.336838997906198,0.154958092039244,-2.17374254853945,0.0297244753208926,0.0827761491477675
7353,STIP1,4511.74053187505,-0.193944932118959,0.0893151769994298,-2.17146669395501,0.0298959121632177,0.083174306422269
7361,PPP2R2D,549.732364937507,-0.114871960125758,0.0529574676709528,-2.1691361988739,0.0300723451821081,0.083573549344674
7362,HMGB1,3834.34082997909,-0.200462269386057,0.0924178675726992,-2.16908563950976,0.0300761827382065,0.083573549344674
7372,LMNA,4682.41693225378,-0.205444696342529,0.0948117018499617,-2.16687067454651,0.0302447165888204,0.0839278577397583
7378,OAF,467.544286523385,-0.386547184976044,0.178593753891692,-2.16439363949125,0.0304341515689072,0.0843848520798503
7393,IKBIP,607.905541054408,-0.299514169355242,0.138638784945317,-2.16039234239812,0.0307423097532754,0.0850663371598479
7395,TNNT1,513.296828527075,-0.539781375365859,0.249980914906594,-2.15929034249495,0.0308276489122215,0.0852794068691433
7406,RITA1,465.47797420222,-0.178772950253577,0.0828574046405238,-2.15759775519378,0.030959119388677,0.0855158932398279
7421,EHD4,817.009375755858,-0.142133920239314,0.0659881231311437,-2.15393185159758,0.0312455166513184,0.0861300315994488
7426,SIRT7,978.406492908858,-0.256652290468331,0.119208457103549,-2.15297049139218,0.0313209977273069,0.0862824738092536
7433,WASHC3,219.821123762847,-0.174538453956968,0.0811370126006654,-2.15115701653941,0.0314638084357707,0.0865942592722401
7440,SLTM,2507.12387253242,-0.106540060793702,0.049590061557404,-2.14841557860085,0.0316807563017308,0.0871093053312509
7449,CHST7,54.0971673607651,-0.362789533579149,0.169017531971652,-2.14646095790818,0.0318362204424602,0.087431005717735
7459,TMED10,4363.99347786428,-0.128363127607379,0.059872364825861,-2.14394617584796,0.0320371997283763,0.0878649946163552
7464,COPS8,908.375507501319,-0.14541169194618,0.0678726069361543,-2.14242090454791,0.0321596271927535,0.0881416791910715
7490,SERBP1,6815.87639423523,-0.0737097176518218,0.0345157843012148,-2.13553651305057,0.0327172109758491,0.0893586094703531
7491,DDB1,5480.80240528878,-0.15394277393649,0.072095862857782,-2.13525114804661,0.0327405009815845,0.0894102828167499
7503,DCTN5,1840.8368350932,-0.128034161563059,0.0600322372635816,-2.13275678867178,0.0329446826873298,0.0898120167556911
7512,CYB5R1,427.049618633255,-0.132091988236144,0.0619879469555369,-2.13093020052579,0.0330948929257094,0.0901254292573533
7514,MEAK7,916.170753649144,-0.208364773598681,0.0977928976304852,-2.13067388989736,0.0331160175646244,0.090158952797381
7543,EBNA1BP2,1747.81644781393,-0.132692306145973,0.0624544416233968,-2.12462561023464,0.0336178651460858,0.0911521502260913
7544,NBDY,479.560581983557,-0.167607747261253,0.0788849714381295,-2.12471075549175,0.0336107554470731,0.0911521502260913
7555,C5AR1,61.8824879963974,-0.445255674148743,0.210007385440157,-2.12019055051576,0.0339899789938515,0.0920361350466208
7563,NDUFB2,660.223690566408,-0.236209263670142,0.111526688984394,-2.11796177059641,0.0341783054782989,0.0924481812996907
7568,UACA,701.29984009724,-0.19097057259514,0.0902414785847377,-2.11621723834918,0.0343263357586009,0.0927872424172435
7581,MCC,611.72159233016,-0.208372083214295,0.0986321959792089,-2.11261729646797,0.03463353708266,0.0934682117396429
7594,SH3GL1,1040.05064470938,-0.197322238358684,0.0935369938170201,-2.10956361014437,0.0348959615533409,0.0939916636598677
7603,ZC3H12C,361.637285307296,-0.273041785358373,0.129613268699946,-2.10658822277266,0.0351532884894713,0.0945851404220852
7606,EMP3,906.265054924719,-0.256470287924238,0.12176075783037,-2.10634602226719,0.0351743063526713,0.0946067150894266
7618,PMPCB,1298.93246707102,-0.196209029173971,0.0932961773039027,-2.10307683384326,0.0354590536530749,0.0952199869494556
7630,GYS1,1350.89007341415,-0.182868479029409,0.0870877030325418,-2.09981975252094,0.0357446999913958,0.0958360848917411
7650,GPI,4065.8571712463,-0.230341277678441,0.109898759276047,-2.09594065661709,0.0360874555357456,0.0965018885423819
7655,PAQR7,474.076607726685,-0.160837125457351,0.0767740696987394,-2.09494072788474,0.0361762617786094,0.0966763928419351
7663,SCYL1,1973.75507132682,-0.126216590155242,0.060327277491926,-2.09219768241878,0.036420835740469,0.097228374884872
7687,MUL1,582.421938309751,-0.134996018640306,0.064703271623593,-2.08638628701245,0.0369436461424462,0.098303351864727
7693,OGFR,1417.52654830785,-0.162322096679965,0.0778867495914421,-2.08407845405581,0.0371530315522954,0.0987962519778119
7712,CLBA1,300.082254192272,-0.227206014556803,0.109306085470736,-2.07862182218236,0.0376521236223119,0.0998767496034277
