"","gene_name","MDA 24h","MDA 10w"
"1972","CASP3",0.50265762717584,1.08855086814553
"9661","NF2",0.292977703152301,0.669430481017654
"11357","PPP2R5D",0.614538934218747,0.404107060544318
"13186","SAV1",0.308697127822983,0.215598579023922
"13628","SIKE1",0.399288654765725,0.444487225072069
