...1,gene_name,baseMean,log2FoldChange,lfcSE,stat,pvalue,padj
4,EMC10,1348.32988168787,-0.898985937272588,0.0600521666968623,-14.9700832912588,1.15176914999386e-50,5.89043537535611e-47
6,TTYH3,1695.12078498974,-0.774483426566964,0.0526411973852102,-14.7124963913636,5.35932631780777e-49,1.82726230805656e-45
19,DYNLL2,2821.32692641059,-0.546022529939474,0.0444410508915535,-12.2864450544137,1.07113733342302e-34,1.15327665420183e-31
24,SLC4A2,2126.80918557525,-0.883916399765425,0.0749710171522977,-11.7901081423214,4.38977003827097e-32,3.74173023637122e-29
37,IQCE,592.185733988343,-0.673800530288244,0.0596010473220737,-11.3051793645025,1.23701138631813e-29,6.839335656732399e-27
42,MYO1B,3528.53422628173,-0.590513239122442,0.0535138345644832,-11.0347771548848,2.5969448018519e-28,1.2648976145591498e-25
44,PIK3C2B,461.61188166791,-0.975013018468394,0.0887477885607525,-10.986335933328,4.44611313818332e-28,2.06713946517764e-25
56,TLN2,264.799191526979,-0.912238561133835,0.0887420929865295,-10.2796601976957,8.70339051928426e-25,3.17937964023211e-22
63,RHOD,738.437468447173,-0.712918180934119,0.070492916009111,-10.1133308323063,4.82165504697844e-24,1.56566027454028e-21
69,GAPDH,27141.5421458868,-0.520579943916637,0.0521927222181872,-9.97418647259664,1.9771502855450198e-23,5.7780804844849404e-21
75,UCN2,116.966659830702,-1.29973335695101,0.130973903804468,-9.92360553665247,3.2866447808127695e-23,8.964652304144911e-21
81,LASP1,3449.13607215856,-0.494089821886299,0.0503282496964572,-9.81734562330865,9.48070027953974e-23,2.39440352615487e-20
86,SYTL2,439.074710033077,-1.38878365836498,0.143650841137149,-9.66777254745796,4.1327488653518196e-22,9.83065622540724e-20
88,TEX261,1346.76551903689,-0.579453710955154,0.0600176373230763,-9.65472379120727,4.69422565771209e-22,1.09124743499791e-19
89,RNPEP,1449.32110480127,-0.429166061267666,0.0444859530824579,-9.6472264058764,5.050318200899279e-22,1.1608354992786098e-19
97,C15orf39,501.228373521496,-0.643402241143077,0.0680253688835832,-9.45826905024474,3.1308282434948902e-21,6.602819935791239e-19
107,IDH1,1808.65404997169,-0.527835560346924,0.0565280019766519,-9.33759449988944,9.85475340876667e-21,1.88409991105738e-18
110,SSBP3,662.995883097538,-0.62757633657484,0.0682225826034513,-9.19895308306742,3.6145407543445096e-20,6.7220600192387006e-18
113,PTTG1IP,2848.81004762839,-0.354851961170091,0.0388249744189592,-9.13978609080055,6.257598198821379e-20,1.13284678188751e-17
144,RAD51C,633.956236383401,-0.634711827276165,0.0726574777633749,-8.73567108045291,2.42213819470518e-18,3.44095007285304e-16
152,TPM3,5375.1474360254,-0.396785491692723,0.0459924618784042,-8.62718531444898,6.28802480643245e-18,8.46277128060451e-16
156,PHLDB1,1248.38818598816,-0.637258604663137,0.0739765917842404,-8.61432771222768,7.03531912817964e-18,9.22573867981864e-16
161,AGPAT2,924.579538080458,-0.72927284624913,0.0848806990184858,-8.59173940226747,8.56625014078296e-18,1.0884458331055702e-15
171,FNBP1L,1149.74964675137,-0.479402856696965,0.0564345941667066,-8.49484015568215,1.9820549549026402e-17,2.37116363815458e-15
179,SLC44A1,1670.57833862127,-0.371413701538018,0.0440058697453853,-8.44009455299919,3.17081060700006e-17,3.6237582451061506e-15
181,FAM13B,680.001472771927,-0.611882213699596,0.0725615217100102,-8.43259897642396,3.3807164751456e-17,3.82095673657755e-15
184,ALG8,713.575552347541,-0.540379566545176,0.0642472654580473,-8.41093488870804,4.06755490170943e-17,4.5222810121885806e-15
186,SH3BP4,668.941129346482,-0.629777686809922,0.0748993246905032,-8.40832263057471,4.15915772993871e-17,4.5744026710406604e-15
201,ZEB2,34.3414396392639,-2.64140060719851,0.317280693241736,-8.32512240253467,8.42416489184672e-17,8.57378811903027e-15
202,SGPL1,1044.8353972668,-0.389513455985587,0.046798499566844,-8.32320394010133,8.561695087661231e-17,8.6706235845686e-15
214,TBL1X,835.269807645206,-0.870040675756926,0.105519635420528,-8.2452964539685,1.64751248608152e-16,1.57491415550325e-14
220,G6PC3,797.692853031529,-0.538799617310855,0.0656240657682108,-8.21039676532594,2.20458782812371e-16,2.04996605454213e-14
224,ADAM12,26.6902191424628,-3.2987405061345,0.404279464347507,-8.15955495404287,3.36261263488574e-16,3.0709360121365e-14
230,NACC2,1049.45482669508,-0.472414449227727,0.0583104335370873,-8.10171388842884,5.41902683758027e-16,4.8198709572339e-14
232,AKAP1,1489.41191007326,-0.522525491035166,0.0645842292065063,-8.09060505103196,5.93690700841629e-16,5.23497011513673e-14
234,SEPTIN9,4684.95147432466,-0.472728896722879,0.058570064720367,-8.07116910284878,6.96282015500084e-16,6.08711162012189e-14
241,UBR3,948.655982731569,-0.531966719616,0.0667870039491494,-7.96512327489689,1.6505914551162402e-15,1.4010850372329e-13
244,PGAM1,966.36956676169,-0.505276527877212,0.0635536979545722,-7.95038753273461,1.8592896824144003e-15,1.5588315177520998e-13
246,DNAJC15,288.277950229193,-0.664193635049602,0.0836299373733053,-7.94205587031341,1.9885732402951102e-15,1.65366840555761e-13
247,ECHS1,1277.58734221481,-0.363052804564388,0.0457250150279766,-7.93991657175523,2.0231728981641802e-15,1.67562947278318e-13
273,PRPF19,2627.79474434691,-0.436285130320154,0.0558641221054402,-7.8097554186333,5.72990677604245e-15,4.29365212152016e-13
276,PHKB,1428.1581969426,-0.517054227493614,0.0664524355723186,-7.78081680589293,7.20577768848086e-15,5.3408910932338e-13
278,EEPD1,67.213285516921,-0.945205919911295,0.121554856671302,-7.77596178215436,7.48763119863118e-15,5.5098730730359e-13
280,RNF167,1277.1515821194,-0.39347511739622,0.050654130147023,-7.76787828068833,7.98116996458929e-15,5.83109978448583e-13
281,GTF3C6,500.588247539116,-0.399505208208374,0.0515396350112727,-7.75141710105232,9.08726620040222e-15,6.61559447194406e-13
300,BAD,218.476977457931,-0.492527691468123,0.0641352464862615,-7.67951662232448,1.5968999519360402e-14,1.08892607722519e-12
310,WNK1,5809.9770718273,-0.24873408938415,0.0327363131214023,-7.598109428564,3.00488196047057e-14,1.98293129888214e-12
312,UBFD1,2055.75257229054,-0.362712421062237,0.0477784655384133,-7.5915460443287,3.16110799092012e-14,2.07265340289272e-12
317,SLC2A1,2317.27609035055,-0.778445845949821,0.102625237742528,-7.58532562821274,3.31653073074529e-14,2.14026085674626e-12
332,MEGF8,886.598252861212,-0.460919871893641,0.0612230398946832,-7.52853619628367,5.13122944374716e-14,3.16173375694987e-12
343,NCOR2,3650.01215218094,-0.353658193050222,0.0472954117402187,-7.47764275724618,7.56675527418062e-14,4.5129187359741395e-12
345,LNPK,749.453723766056,-0.496836285375898,0.0665898806691625,-7.46113794443216,8.5778386536528e-14,5.08628537210943e-12
349,HELZ,1413.98352804993,-0.283239931169838,0.0381147332724539,-7.43124526531948,1.07580019678476e-13,6.30591536550883e-12
353,TPGS2,1474.50888052505,-0.41027099142961,0.0552914502502668,-7.42015247515832,1.16985578120096e-13,6.77952966459718e-12
356,DNAAF5,977.728782285387,-0.453127800562189,0.0611423227944053,-7.41103346835313,1.25318949984047e-13,7.20126337029113e-12
362,TMEM109,1063.99840497362,-0.540284031712437,0.0733265906942849,-7.3681869918786,1.72964071666084e-13,9.77438125434554e-12
370,CCDC47,2025.08330536811,-0.413933713301961,0.0563203753493591,-7.34962632500764,1.98761728249736e-13,1.0989374796769898e-11
377,PSMD1,2807.81058449004,-0.381019996564542,0.0520933531344606,-7.31417683137182,2.58963938101322e-13,1.4014881697721598e-11
387,PARVA,965.93048955975,-0.487846187126566,0.0670338860917836,-7.27760563453835,3.3979691598430997e-13,1.7961823024007897e-11
393,YWHAQ,4857.24709295353,-0.299336771069179,0.0412939640072369,-7.24892313599922,4.20098192128854e-13,2.18675539856997e-11
395,JPT1,2939.61576656319,-0.430560184710523,0.0594451323761908,-7.24298470707036,4.38916419330313e-13,2.27314257980765e-11
397,NECTIN1,1644.50402481129,-0.55466267169705,0.0767351484935951,-7.22827390818624,4.89171360802295e-13,2.5206495032575696e-11
402,CTBP2,1231.5958489931,-0.434975413204393,0.0602405217111261,-7.22064485580402,5.174162031128819e-13,2.63303066345279e-11
403,SRRT,3428.70686700882,-0.303987345230913,0.0421042195936624,-7.21987839139689,5.20340853772498e-13,2.64134313787196e-11
414,LRRC42,1044.15959941158,-0.296362766749001,0.0412374187643752,-7.18674387556545,6.6354716319754e-13,3.2787884824956696e-11
419,EIF3B,4834.54856330956,-0.433417535945077,0.0605202444525299,-7.16152982965948,7.978164878439299e-13,3.89521047537548e-11
425,RAD23B,4340.39607806173,-0.367509864757439,0.0515663564488491,-7.12693100824349,1.02631501318949e-12,4.9400767587805596e-11
429,RXRA,2493.38110021125,-0.489435082176715,0.0687334289993479,-7.12077207993448,1.07324142961602e-12,5.11778553045571e-11
430,ITM2C,1368.77960621671,-0.46047380170885,0.0647116145760227,-7.11578291973984,1.11279324497973e-12,5.294049165709389e-11
435,LINC01963,95.5465051588533,-1.25251276795587,0.176450010489296,-7.09840007650129,1.26209387745098e-12,5.93532286230225e-11
457,UHRF1,1024.8669194462,-0.626649219523204,0.0891907936512364,-7.02594061415797,2.12628888773376e-12,9.51805071692987e-11
467,TNRC18,1947.42118475195,-0.318641342862812,0.0457298495910218,-6.96790708284706,3.21690562161411e-12,1.40916998503982e-10
477,PCYT1A,924.35061922297,-0.377424355080121,0.054464263851047,-6.9297614324198,4.2155091086709e-12,1.80789664226584e-10
478,STIM1,523.627581386656,-0.411049291504573,0.0593326658077406,-6.92787498941177,4.2720898621686796e-12,1.82832933703734e-10
480,GSTP1,10274.7492263947,-0.310305867886219,0.0448976362836972,-6.91140767245455,4.79867812497509e-12,2.04513663338782e-10
485,ARID1B,1479.77791270612,-0.34439889776766,0.049918111285804,-6.89927741448026,5.22677141112313e-12,2.2046198506669201e-10
489,AGPAT3,2207.36370483111,-0.373671259095474,0.054348190562026,-6.87550505787334,6.177061521947e-12,2.58413389681942e-10
495,ELOA,1031.85914043837,-0.369386692995533,0.0537981025543686,-6.86616582103856,6.595041031020299e-12,2.7255505933653e-10
496,RRP36,653.321363548839,-0.365402533493304,0.0532424860449624,-6.86298782488721,6.743497614788799e-12,2.78128489326078e-10
497,DHX9,6079.67142555105,-0.396194956743938,0.0577779917253908,-6.85719501340557,7.0225737900021295e-12,2.88475485988099e-10
501,DYNC2I2,1660.67030185668,-0.523790725366553,0.0764258540702327,-6.85358026729027,7.20242080585641e-12,2.94091661527754e-10
511,FAM50B,92.4903704063495,-0.782598637968415,0.115067224257972,-6.80122982904224,1.0372978273029499e-11,4.15264220217934e-10
515,ATP5MC3,2405.86616645187,-0.319139321974972,0.0469548895223934,-6.79672181579238,1.0702647060768899e-11,4.25134079460484e-10
518,R3HDM1,1120.01101708947,-0.324651545637128,0.0479030120873595,-6.77726788964896,1.22469680337125e-11,4.83660666149916e-10
525,ATP11A,1486.09088409571,-0.31360784135814,0.0464615380939353,-6.74983769853018,1.48010629368119e-11,5.76733989520689e-10
529,PSME3,2975.06778048256,-0.349633246511771,0.0518225786884221,-6.74673579278841,1.51208250415581e-11,5.84738597117493e-10
531,POMT2,722.403082093942,-0.479607932489668,0.0711752516550973,-6.73840866504784,1.60130663998302e-11,6.169101682510861e-10
535,ARF3,2566.69504300229,-0.410224336548558,0.0609393336427646,-6.73168398842944,1.67710582800525e-11,6.412813817477261e-10
539,ILRUN,1853.43185413898,-0.259747632148016,0.0386965701773779,-6.71242001441941,1.9142273963518e-11,7.26518550040236e-10
543,FKBP1A,2328.02275233494,-0.230511708238052,0.0343629805348578,-6.7081406982209,1.97119827658612e-11,7.41718026161095e-10
559,WWOX,275.772927131033,-0.537908033903558,0.0807225651775516,-6.6636637812539,2.67084095552583e-11,9.76631220414646e-10
562,CFL1,15184.1134296907,-0.407964221375019,0.0612525079825705,-6.66036762920967,2.7314348066689398e-11,9.9425199003606e-10
564,DNAJB6,1296.15045748915,-0.511255558617185,0.0769816581397204,-6.64126456836335,3.1100321165881196e-11,1.1280483512241702e-9
568,PFN1,8438.71922104134,-0.326266003096225,0.0493638307757034,-6.60941417976035,3.8584381909500696e-11,1.3872068554001e-9
572,EEIG1,694.597563897645,-0.474348523340254,0.0719482519361411,-6.5929124137897,4.31281037594125e-11,1.5424328996613702e-9
578,POLR3H,627.601325960878,-0.453157033554919,0.068982807371637,-6.56913006038718,5.0610064958418696e-11,1.79122854473075e-9
579,ZDHHC3,738.760077535493,-0.464861208770848,0.0708559833036653,-6.56064861563781,5.3574230202659e-11,1.89286360493229e-9
589,EHMT1,1780.78516733805,-0.324781638686959,0.04980473694387,-6.52109936958383,6.979392504097669e-11,2.42088588629321e-9
595,SEPTIN11,1751.30531352527,-0.446977122638524,0.0685997650725574,-6.515723809925,7.233997291318509e-11,2.4871576905630703e-9
596,POLE3,1810.85057029208,-0.328687727181348,0.0504522728054894,-6.51482498020557,7.27744613203621e-11,2.4978979114608202e-9
597,DCTN1,1713.36290384168,-0.348344696783137,0.0535328356414736,-6.5071220795422,7.6604158100771e-11,2.62494348788521e-9
600,CHCHD3,906.444740445352,-0.672171838475052,0.103353460468714,-6.50362199220724,7.840877952778259e-11,2.67334733799975e-9
631,EPN1,2121.89233158595,-0.335869395863362,0.0521890309850523,-6.43563196181129,1.2296064696507e-10,3.986380277281181e-9
634,POR,1151.04328249142,-0.335882112163849,0.0522552991064357,-6.42771389519196,1.29537252029934e-10,4.17972171100374e-9
635,DNAJC5,1927.13534101869,-0.380786608102236,0.0592635971421763,-6.4253036680968,1.31606525680043e-10,4.23980267060887e-9
639,TNKS1BP1,2162.50127878889,-0.307341218480744,0.0478575349799185,-6.42200269215093,1.3449304341954401e-10,4.305671657642591e-9
655,LAMP1,4784.54711294004,-0.283711217250805,0.0444808452501533,-6.37827846245408,1.79089667182702e-10,5.593339422223721e-9
660,UMPS,980.821367820592,-0.255981752904223,0.0401621785425804,-6.37370188055981,1.84519108087624e-10,5.7192536274977504e-9
665,PPM1G,2530.94178774066,-0.467135681137521,0.073442974391932,-6.36052236453046,2.01068776302868e-10,6.1853593335756e-9
673,INTS4,424.534120777195,-0.345314622316519,0.0544492544012067,-6.34195318400661,2.26870265371388e-10,6.896114440865511e-9
681,CALM3,3389.17904842714,-0.364054599507302,0.0575372247709206,-6.32728813314778,2.49507198975957e-10,7.495108325185251e-9
683,CABLES1,148.225696789682,-0.665068616526827,0.105163371551698,-6.32414696023588,2.54635300681731e-10,7.626755997139331e-9
688,BCL9L,2093.09553547447,-0.520663423562871,0.0825705008291898,-6.30568324443067,2.86925307093658e-10,8.5314404174636e-9
694,EI24,2483.78274983281,-0.379337164985164,0.06038796140302,-6.28166866659938,3.34958130530979e-10,9.87354247301476e-9
696,MTMR2,999.616590950848,-0.279797116893548,0.044564806334901,-6.27843224069898,3.4200401733119303e-10,1.00522646300923e-8
700,MYO10,1995.46144879289,-0.403887041874313,0.0644393327725131,-6.26770986751422,3.66396633732676e-10,1.06858151556364e-8
704,ATP6V0D1,2063.54007802783,-0.450056281370447,0.0718304376606146,-6.26553722945248,3.71542217305295e-10,1.07963624139409e-8
707,PSMD2,6529.38600500719,-0.302277452543654,0.0482623650711827,-6.2632125901377,3.77125916436286e-10,1.09121143883127e-8
708,STARD7,2634.06413448125,-0.348536007499499,0.0556612813303202,-6.26173165923224,3.80725687682625e-10,1.10007138318128e-8
710,LYPLA2,1030.5179705305,-0.292531209774564,0.0467352164407617,-6.25933144324593,3.86631368441249e-10,1.11398843721164e-8
711,PTGES2,1158.56840843147,-0.380216243769276,0.0607742160582195,-6.25620976180167,3.9444613664259403e-10,1.13490641593496e-8
722,NARF,1230.18778446183,-0.408537630757668,0.0655000303065772,-6.23721285082588,4.45435723944059e-10,1.2603428222301e-8
731,BLTP2,3612.32767759838,-0.269666653858676,0.0433356010855536,-6.22275097387705,4.88512442193652e-10,1.36709973050007e-8
732,CLPTM1,2100.58427087527,-0.272126718317795,0.043738991242888,-6.22160481037713,4.92095254191321e-10,1.37524489275845e-8
737,GAMT,288.392600756242,-0.616808603467254,0.0995043924574802,-6.19880779364414,5.68924574116388e-10,1.5791709650880502e-08
747,MRPL11,1239.67372134171,-0.354320446891563,0.0573423609090596,-6.1790348579035,6.44946561545512e-10,1.76622112577464e-8
757,PRCC,1152.53016241312,-0.245215377685395,0.0398394744368185,-6.15508565692256,7.50369282189334e-10,2.02778129534309e-8
763,AIMP2,293.331774514962,-0.39491947845115,0.0643858121427145,-6.13364133041904,8.58900443194543e-10,2.30178155364716e-8
767,PAICS,6253.18835638168,-0.203497116987841,0.0331987332228546,-6.12966511769642,8.806423753195761e-10,2.34880066126631e-8
781,WDFY3,1024.227039861,-0.343428153686113,0.0562683296752568,-6.10340053931139,1.0383519320776301e-9,2.71631272052584e-8
798,H4C8,58.9543189039208,-1.81518603155199,0.299156987213177,-6.06767051794951,1.2977880004134601e-9,3.32692344918023e-8
807,HSPA12A,246.396348819331,-0.684617628589259,0.113121919958794,-6.05203331802219,1.4302887700943302e-9,3.62570227630976e-8
821,MORC2,835.604002925826,-0.416411054731248,0.0692078092200841,-6.01682179256738,1.7787471224649902e-9,4.43213518687776e-8
830,MPRIP,5990.72551648399,-0.377176181891631,0.063284980499122,-5.95996362670703,2.5229408375150204e-9,6.21080634332668e-8
833,ENSA,1876.9999040093,-0.210440644386535,0.0353287125833741,-5.95664627998842,2.57466663431184e-9,6.32292381009813e-8
834,PRDX2,2039.4590972658,-0.29047820536699,0.0487672141409134,-5.95642401322433,2.5781690120809804e-9,6.32393327100006e-8
849,YWHAZ,12695.6875704355,-0.246439914314685,0.0414820053950814,-5.94088718632454,2.8348365779451404e-9,6.82261786764986e-8
852,SLC24A1,179.061701617577,-0.472400534171148,0.079640017201253,-5.93169804292452,2.99817637352099e-9,7.19879038416889e-8
854,GORASP2,1738.02707575984,-0.316321267189534,0.0533658760695797,-5.92740699650666,3.0775554468310802e-9,7.37207866227441e-8
866,SPINT1,1320.64156685351,-0.39404401648297,0.0668622723314427,-5.89336860299416,3.78401016445815e-9,8.93874087001391e-8
875,ST3GAL4,373.200921247922,-0.467711724552304,0.0796501251116577,-5.87207771358352,4.30366899901617e-9,1.0061732195757e-7
889,CYP7B1,33.2561670966003,-2.59329242413608,0.443376217508196,-5.84896600613935,4.94638154699311e-9,1.13822415418265e-7
891,RAPGEF1,1554.5021531524999,-0.293977449452683,0.0502849328561842,-5.84623330995517,5.02828676227121e-9,1.15447432430732e-7
895,CNP,1662.81298679702,-0.458795327273071,0.0785351196531727,-5.84191288304144,5.16047927773301e-9,1.1801819042484e-7
912,CYB561A3,385.364525526331,-0.489126379763889,0.0843079613099159,-5.80166300031692,6.566042473810391e-9,1.47282380358267e-7
916,SUPT6H,3150.76527521162,-0.328222225957413,0.056668768942791,-5.79194205345741,6.9577150043716705e-9,1.55386436511388e-7
918,EHD1,784.201499965766,-0.435508270508532,0.0752558477532706,-5.7870356060085,7.1639397954660406e-9,1.59643481912689e-7
927,SSRP1,4742.68829611898,-0.364346217714629,0.0631498016220026,-5.76955443020242,7.94814037125087e-9,1.75399253047119e-7
930,MCM7,5813.56850468786,-0.520519354549739,0.0902624987364256,-5.7667288390686,8.082493799881681e-9,1.77788791036752e-7
934,E2F3,946.267100236504,-0.29845217829283,0.0518327175520949,-5.7579882434848,8.51222820292159e-9,1.86240269890018e-7
937,ORC1,832.183973634014,-0.505353392809467,0.087816777751974,-5.75463374705875,8.682983765728531e-9,1.89570756558707e-7
944,CASKIN2,563.642160198548,-0.772002464220601,0.134399403010778,-5.74409146861085,9.24158251463618e-9,2.00270183794399e-7
947,ADRM1,1300.18901312835,-0.340170944194013,0.0592741574146302,-5.73894187671829,9.526990709775821e-9,2.05584017879625e-7
950,URM1,863.214044808704,-0.341997120681324,0.0596019060715075,-5.73802321474438,9.57879886634067e-9,2.06266829903927e-7
958,CAPN1,3340.71140332645,-0.497774946357549,0.0868532083864479,-5.73122116736012,9.971015282550321e-9,2.13131544265547e-7
959,ZDHHC12,417.194169162668,-0.552961866910262,0.0965574462803553,-5.72676565310906,1.02363416237406e-8,2.18357498015497e-7
981,PPP1CA,2319.0062236382,-0.360935212567457,0.0634667826663923,-5.68699400542614,1.29294993301149e-8,2.69621577773863e-7
984,SASH1,648.274976325491,-0.427661720667547,0.0752403633358777,-5.68394013142173,1.31626371344397e-8,2.7364641042605e-7
1017,SNX17,1080.56827244319,-0.310774938233804,0.0549660551091379,-5.65394292198602,1.56808302782654e-8,3.15420594889357e-7
1020,NME1,1317.49959951477,-0.330683228137718,0.0585275038065541,-5.65004838119692,1.60402685270933e-8,3.21701738488969e-7
1023,BRAT1,1066.63961875493,-0.424293354823227,0.075167813067796,-5.64461486248835,1.65551425210246e-8,3.30731006399024e-7
1024,ACAA1,427.23329345265,-0.431142064789303,0.0763793455438463,-5.64474677963562,1.65424541932857e-8,3.30731006399024e-7
1029,UROS,917.493110984037,-0.32909645703137,0.058401506092504,-5.63506798112541,1.74989294107082e-8,3.47886879450785e-7
1031,RNF216P1,91.4928740135873,-0.579590309137196,0.102934778591139,-5.63065581011595,1.79525674921994e-8,3.56206493456318e-7
1039,CPTP,369.163272198223,-0.329625632971449,0.0586115081543322,-5.62390635135168,1.86686882651198e-8,3.67570121116031e-7
1041,FEN1,2096.95360379481,-0.428404992928216,0.0762845752873898,-5.61587963640447,1.95564765520298e-8,3.8431012567231e-7
1042,ABCD1,308.016125524251,-0.651534519780185,0.116035813932683,-5.61494333256597,1.96626673320763e-8,3.86026089839044e-7
1048,CCAR1,1961.10100883147,-0.289244365450922,0.0515873474362204,-5.60688579323694,2.05999491864654e-8,4.02111794377408e-7
1052,TRRAP,3081.49867560581,-0.375744942962351,0.0671248420557469,-5.5977031968328,2.17210198189594e-8,4.22382987106893e-7
1056,TSPAN10,85.8593462010778,-0.65425069707306,0.116899856534248,-5.59667664674493,2.18499681844588e-8,4.23281059800638e-7
1058,SET,7916.16339571024,-0.32840457739591,0.0586917533388824,-5.59541262125402,2.20097677304215e-8,4.25570716882072e-7
1059,DDX31,856.613299645365,-0.28546394630496,0.0510214405857257,-5.59498013046743,2.20647037497284e-8,4.26230070451551e-7
1068,PRADC1,141.606419639625,-0.560574760255127,0.100601629505623,-5.57222346208411,2.51508525023676e-8,4.81751862959676e-7
1077,ZDHHC16,671.324575556501,-0.319925783543023,0.0576312859667945,-5.55125186218047,2.83631097725118e-8,5.38741073924117e-7
1079,THRA,425.598696201399,-0.644508634048772,0.116152037206733,-5.54883624556361,2.87577370873747e-8,5.4522430731828e-7
1080,MRPL15,736.735608393441,-0.337516357019285,0.0608291266851987,-5.54859777563453,2.8796982409786e-8,5.4546284181203e-7
1083,POLR2L,1239.26385446117,-0.299830783645433,0.0541304920435717,-5.53903673005758,3.04139858049929e-8,5.74495759568549e-7
1087,DAGLA,157.50299691496,-0.923300075545202,0.16682747877271,-5.53446040387104,3.12187944561348e-8,5.87527946816145e-7
1090,DHCR24,6119.43415369721,-0.372379945757127,0.0673149984099031,-5.53190157547926,3.16777650425274e-8,5.94524806857783e-7
1092,EIF4EBP2,2011.59428358523,-0.336958087525384,0.0609446486133804,-5.52892001499545,3.22208199733508e-8,6.03609262083185e-7
1100,ELAC2,2183.99276520693,-0.158646220243802,0.0287736214463693,-5.51359934096236,3.51568445748708e-8,6.53821426789211e-7
1107,AKT1S1,1653.34350883346,-0.198428598135736,0.036079491576525,-5.49976148402386,3.80305338405783e-8,7.02791897720605e-7
1116,HOXD9,84.6378352714123,-0.921405475324354,0.167801349468616,-5.49104925700664,3.99552892512581e-8,7.3240622958153e-7
1121,SMG7,2097.71460318794,-0.220812792752644,0.0402934924109817,-5.48011054739109,4.25060168408033e-8,7.74092598055931e-7
1124,FARS2,180.076080912361,-0.48702552923391,0.0888679347016896,-5.48032910710426,4.24535399000359e-8,7.74092598055931e-7
1133,PSMG3-AS1,55.0469126078027,-0.93310462757159,0.170860383498071,-5.4612111272835,4.72897246300391e-8,8.53844569070352e-7
1134,PARD3,666.623712248775,-0.260150572702735,0.0476457557511515,-5.46009961645843,4.75867500179015e-8,8.58449863418176e-7
1138,ZNF609,1693.43163144223,-0.283265461856148,0.0519914796487961,-5.44830544869303,5.08519739332981e-8,9.14129025266678e-7
1144,BABAM2,237.148492243705,-0.510823996481458,0.0940662094564828,-5.43047284920923,5.62049303345159e-8,1.00505617120034e-6
1150,NDST1,1871.7530562005,-0.291070285583332,0.0536491729092593,-5.42543845131853,5.78124492221083e-8,1.02840806411884e-6
1180,ARHGAP35,2117.95131529138,-0.351155423238227,0.0652512198286837,-5.38159170296251,7.38300754010442e-8,1.27995072243997e-6
1185,TM7SF3,1130.83843065187,-0.346352319264873,0.0644330167456983,-5.37538573790271,7.64189014255226e-8,1.31829906588498e-6
1186,ZNF282,664.740766527408,-0.449685410840427,0.0836567592984207,-5.37536254824679,7.64287379449376e-8,1.31829906588498e-6
1190,VPS37B,569.878030545836,-0.303470949549093,0.0565034725501614,-5.3708371512863,7.83719596889575e-8,1.34727325996387e-6
1192,CHST12,320.780976402405,-0.604332470114626,0.112589495960443,-5.36757416808184,7.98026952824411e-8,1.36956689378599e-6
1194,RPUSD4,681.227271840966,-0.320140130622769,0.0596890221735107,-5.36346750148042,8.16393456710567e-8,1.39874044756516e-6
1196,SNX12,940.792820972589,-0.309496627983492,0.0577190407337096,-5.36212355661582,8.22492474024653e-8,1.40565819056995e-6
1199,MRPL21,595.590768358104,-0.325111621229455,0.0606696853536034,-5.35871612543553,8.38154295021584e-8,1.43003523046343e-6
1202,TFDP1,3731.5801460261,-0.294456524384783,0.0549817055136811,-5.35553638494378,8.53029782124946e-8,1.45178288293927e-6
1205,STXBP5,580.014217958953,-0.300849839800586,0.0561916262039104,-5.3539977417427,8.60319339785341e-8,1.46054379535176e-6
1207,TP53I3,244.547540808993,-0.784761194269375,0.146704426220944,-5.34926732944982,8.83110141817724e-8,1.49675096695652e-6
1219,SIK2,713.492441812577,-0.278419401162166,0.0521201184755212,-5.34187966769356,9.19877125839417e-8,1.54371832348621e-6
1243,DDX49,608.494663745567,-0.397902897347153,0.0750140460060003,-5.30437856018758,1.13057477238957e-7,1.86067321953126e-6
1247,SMO,243.079494224817,-0.389383622313717,0.0735109079727517,-5.29695024931606,1.17752760450487e-7,1.93171495148688e-6
1268,SRSF9,1581.24542891868,-0.191484015102696,0.0363256660511319,-5.27131463558475,1.35450040917877e-7,2.18525353868849e-6
1269,ERC1,1896.24488835737,-0.278132933441375,0.052787677822746903,-5.26889882095787,1.3724458285689e-7,2.21246054491994e-6
1280,MED20,286.965750104517,-0.49296977011042,0.0936620613450571,-5.26328123715201,1.41506861460518e-7,2.26156708195141e-6
1287,HS6ST1,461.260221172692,-0.570278377038433,0.108678847957942,-5.24737230614672,1.54283914168096e-7,2.45235899932925e-6
1289,CBX6,2378.44653693849,-0.3603507346331,0.0687420353148928,-5.24207252494648,1.58782932189747e-7,2.51995534818128e-6
1293,GALNT18,255.317252769259,-1.0113732755123,0.193178765895057,-5.23542673453932,1.64604110272563e-7,2.60425853352345e-6
1299,TSPAN6,464.839403658676,-0.490417267033789,0.0937595581063309,-5.23058424057008,1.68975153210118e-7,2.66106598092332e-6
1306,EIF4G1,11380.7112927698,-0.339466620981092,0.0650250231836987,-5.22055363243906,1.78389034767115e-7,2.7942607076806e-6
1312,KPNB1,8423.15251265219,-0.297300256475985,0.0570963584453187,-5.20699155902754,1.91926820186219e-7,2.99256628090662e-6
1321,ZNF580,239.317813482629,-0.402793817951178,0.0775273540909648,-5.19550580145648,2.041639687147e-7,3.15929070196416e-6
1327,WIPF2,1500.7198253669,-0.234262990390491,0.0451226061654481,-5.19169902402211,2.08383672325283e-7,3.21243766748931e-6
1335,NFE2L1,3282.98594166215,-0.327985561958913,0.0633750276457502,-5.17531232952302,2.27530035031688e-7,3.48657822220467e-6
1336,BSG,7991.28647153039,-0.326559563358226,0.063103540112507,-5.17498008473067,2.2793529234826e-7,3.49017385895835e-6
1337,POLE4,389.669132432938,-0.312077039493279,0.0603250594412243,-5.17325705741477,2.30048176077271e-7,3.51989195064528e-6
1348,POP7,465.291462036677,-0.443613443009489,0.0859560589027266,-5.16093279138716,2.45722391392159e-7,3.72903780468056e-6
1350,NACC1,2162.9551394674,-0.265109098704113,0.0513919243361596,-5.15857505101401,2.48836361792089e-7,3.77070033568946e-6
1354,CAPNS1,4665.06992077049,-0.407834331541635,0.0791422220991861,-5.15318272249812,2.5610220206771e-7,3.86933733212639e-6
1357,ABCC5,1135.54257549478,-0.539743197047602,0.104781380163494,-5.15113654931271,2.58912584341229e-7,3.90315013844401e-6
1367,AMBRA1,608.967733237548,-0.319724081448533,0.0621855900013262,-5.14144967414017,2.72626682141481e-7,4.07684505597097e-6
1371,FBXL18,352.692108193361,-0.48397511307996,0.0941556606960269,-5.14015949229468,2.74505359997653e-7,4.09595634534791e-6
1372,FOXK1,1364.8129996533,-0.263005979205427,0.0511705146570367,-5.13979546557598,2.75037689344943e-7,4.10090817123141e-6
1379,ZNF777,339.176552502656,-0.468527400880123,0.0913359041616856,-5.1297176633925,2.90177068757237e-7,4.30467896705352e-6
1385,ZFAND3,857.639902131068,-0.263293636281737,0.0514571664566131,-5.11675349445712,3.10839433588415e-7,4.59122187214311e-6
1389,DDOST,4129.02344722428,-0.18902451070867,0.0369634545597121,-5.11382155591852,3.15705611510876e-7,4.64966860667962e-6
1403,VANGL2,296.704712624819,-1.2486386416276,0.245212693031252,-5.09206365377041,3.54187144368844e-7,5.16436665171307e-6
1405,SLC45A4,297.671070990959,-0.469145697283431,0.0921911500549602,-5.08883658576498,3.60266889592507e-7,5.24553719600991e-6
1410,ZNF664,3487.44531820114,-0.253043759020017,0.049767946506072,-5.08447257290682,3.68649032117532e-7,5.3409725566773e-6
1411,ABCF2,563.464361574151,-0.397419164001992,0.0781614472260375,-5.08459321195375,3.68414806493178e-7,5.3409725566773e-6
1421,DECR1,563.932246961995,-0.395891628323998,0.0779935823345085,-5.07595133438094,3.85561975541629e-7,5.54891138217275e-6
1425,MIPEP,366.404638020093,-0.465915817790521,0.0918654482307809,-5.0717198551088,3.94236456446405e-7,5.65957557159587e-6
1432,TRO,110.398040509035,-1.04340190140027,0.206012160589484,-5.0647587910086,4.08917784427146e-7,5.84164184080037e-6
1434,NRSN2,442.482328932084,-0.567475663000308,0.112072625241879,-5.06346364043458,4.11706933861176e-7,5.87328364435013e-6
1448,SLC25A23,625.841643065795,-0.631921822131896,0.125113990749066,-5.05076864984114,4.40035758934672e-7,6.21672066334709e-6
1452,MRPS2,1052.45046956121,-0.257049231243276,0.050916960149224,-5.04840097464446,4.45523299022226e-7,6.27258783764465e-6
1457,TSN,1665.00109496574,-0.276423056701619,0.0547847953056644,-5.04561630940399,4.52061791697878e-7,6.34717094904838e-6
1466,HSD17B10,967.400255466909,-0.333593005230207,0.0662404408929066,-5.03609276649501,4.75130363169253e-7,6.62571857483058e-6
1476,DCLK1,11.4778695086964,-2.62238832918361,0.521238130323997,-5.03107538881232,4.87736299275231e-7,6.75990614788171e-6
1478,ERBB2,1836.25393875128,-0.341193183073468,0.0678462707274657,-5.02891580355271,4.93260907153338e-7,6.82722488338013e-6
1487,SPIN1,2625.13245344382,-0.186422916100378,0.0371204024951278,-5.02211462078967,5.11056679363347e-7,7.03072393391795e-6
1493,ZMYND19,1058.51676570195,-0.330913900954306,0.0659942013274104,-5.01428753281785,5.32303355027478e-7,7.28870798781601e-6
1501,MRPL37,1902.38450701008,-0.223965265044631,0.0447553071487824,-5.00421691443412,5.60895705178708e-7,7.64439936098657e-6
1503,OTUB1,1340.61648821818,-0.322887348743643,0.0645377004685935,-5.00308108902597,5.64211934694707e-7,7.67425767822448e-6
1504,PACS1,2619.60686799765,-0.370000791829161,0.073953407341419,-5.00316084316422,5.63978463631866e-7,7.67425767822448e-6
1527,TPI1,8648.08058439803,-0.345103693079401,0.0693332768273139,-4.97746116830652,6.44237012116083e-7,8.63075085583412e-6
1528,SEPHS2,1014.40496956373,-0.383382065755619,0.0770862841519395,-4.97341479062554,6.57836959836711e-7,8.80717976922748e-6
1531,NUP62,1586.31847258748,-0.328876681829407,0.066158968033338,-4.97100682803401,6.6606103429688e-7,8.8998109592497e-6
1544,INTS1,2922.92560533446,-0.264402219744894,0.0532801718946626,-4.96248811410799,6.9595826721322e-7,9.21502800801349e-6
1553,PLCD3,1086.6714903228,-0.436732113080378,0.0881575273316692,-4.95399685425942,7.2704382003269e-7,9.57265970200412e-6
1560,MYORG,325.142175493065,-0.401038816595473,0.0810422633929173,-4.94851451336096,7.47820151144587e-7,9.80288206581388e-6
1562,FAH,296.765446425021,-0.396402398608765,0.080113782991962,-4.94799251520224,7.49827915481185e-7,9.82024946670846e-6
1570,CNDP2,1505.24306181604,-0.31641398692782,0.0640201406251771,-4.94241318181961,7.7161469462477e-7,1.00476905206486e-5
1573,PCDH7,917.216635713504,-1.06071142951438,0.214683104382462,-4.94082397664934,7.77931152427759e-7,1.01170614019165e-5
1575,AP2M1,5726.80848276938,-0.215203133271481,0.0435756012218748,-4.93861535439814,7.86792312413481e-7,1.02193081492334e-5
1580,PLXNB2,4859.28607344315,-0.327042594206191,0.0663040577466812,-4.93246726249662,8.11973917357457e-7,1.05130065996085e-5
1583,STT3A,2637.5564107271,-0.349615486031846,0.0709133709817435,-4.93017721752156,8.21550551999724e-7,1.06101386630419e-5
1593,ARMH3,589.313121663229,-0.453495686989971,0.0923348454213821,-4.91142520378287,9.0416777509076e-7,1.161114888577e-5
1598,SLX4IP,220.372297214339,-0.510275818630407,0.103990618697781,-4.90694088582528,9.2507899575245e-7,1.18425162804179e-5
1599,SAC3D1,236.55060537767,-0.434563249066615,0.0885911743539137,-4.90526570209549,9.33009526686363e-7,1.19365702860681e-5
1604,POLR3B,333.814653584683,-0.311623022993409,0.063573585650059,-4.90176886842185,9.49775441700306e-7,1.21131896576454e-5
1611,TOMM40L,206.850481669397,-0.390167021543811,0.0797105800344918,-4.89479591510914,9.84077983114302e-7,1.24961410928425e-5
1620,ZDHHC5,2213.76233554139,-0.337214172066614,0.0689929095034899,-4.88766417438239,1.02039394830295e-6,1.28853080249589e-5
1621,ZC3H4,966.395661979475,-0.303508752711634,0.0621198080252091,-4.88586108618471,1.02977787840436e-6,1.29957841199988e-5
1622,MAP4K4,2410.77612914669,-0.395845311076954,0.081022294427471,-4.88563442783398,1.03096335184598e-6,1.3002723359256e-5
1627,WIPI2,1047.14528973278,-0.31205699429915,0.0639451770975234,-4.88007084292266,1.06047740136033e-6,1.33338575289664e-5
1632,CSK,1293.06013129038,-0.286524457975001,0.0588058963251541,-4.87237634115341,1.10263871880051e-6,1.3821495263788e-5
1659,ICMT,2431.18069716086,-0.382627487852962,0.0789714127342738,-4.84513920423891,1.26522937380879e-6,1.55895933660501e-5
1660,ZNF786,185.283317164364,-0.523131491439763,0.10797234220396,-4.84505087841448,1.2657923733201e-6,1.55895933660501e-5
1662,ZNRD2,481.22361250812,-0.310649962155357,0.0641202409076812,-4.84480341554897,1.26737101532406e-6,1.55996443203876e-5
1673,INPP4B,305.676502622703,-1.6187997213148,0.335154248687602,-4.83001402385232,1.36523434690382e-6,1.66937232723321e-5
1679,ZNF671,13.7959679803621,-1.65815335992896,0.343623591154331,-4.82549336720085,1.39657113005013e-6,1.70158758829276e-5
1681,PXDN,188.940646037133,-1.27772544356949,0.264961892455166,-4.82229890392894,1.41913073227609e-6,1.72701709638144e-5
1682,VPS18,516.152131744086,-0.485112510711303,0.100602350138461,-4.82207930573824,1.42069436152395e-6,1.72789206621258e-5
1693,PGAP2,436.828517509188,-0.464004882161026,0.0965298996813984,-4.80685138690184,1.53325878517155e-6,1.85268015169843e-5
1694,SLC7A5,19801.19307902,-0.42873963573365,0.0892304922950161,-4.8048556575945,1.54863187219615e-6,1.87015125203758e-5
1696,ERF,1052.53267249474,-0.291509709003608,0.0607068489820493,-4.80192455862444,1.57147901959286e-6,1.89550390942282e-5
1709,MAPKAPK3,897.369459509268,-0.324064198839684,0.0676188203657699,-4.79251482186063,1.64703599540745e-6,1.97152810755121e-5
1711,SLC9A1,704.27014102151,-0.440438972716265,0.0919537460930231,-4.78978825148357,1.66957402371875e-6,1.99500442775785e-5
1733,ZNF398,386.211205119847,-0.354275137249767,0.0742268748112715,-4.77286883154577,1.81620084120618e-6,2.14391348000893e-5
1739,UNC5B,389.669092734888,-0.761318114550399,0.159605968613143,-4.76998524031204,1.84239418279108e-6,2.16732937305102e-5
1752,BPNT1,602.028124914196,-0.245351304268557,0.051628410892879,-4.75225365308304,2.01161788012993e-6,2.34883943914487e-5
1764,TIMM10,393.751612052199,-0.368445723644669,0.0776807650344904,-4.7430753736923,2.10497903912136e-6,2.44113130404227e-5
1772,POMK,1103.35617692751,-0.420292186911486,0.0889504830834456,-4.72501297735735,2.30100661459359e-6,2.65641604484994e-5
1776,NETO2,1990.21362591088,-0.268044499439016,0.0567694151486084,-4.72163573884531,2.33955411293029e-6,2.69483437433642e-5
1782,NLRX1,373.733699586206,-0.405916730014881,0.0860582428172018,-4.71676758352013,2.39621154274319e-6,2.75080244275519e-5
1798,RAN,8301.56958512332,-0.23493913852956,0.049969666390484,-4.70163512186867,2.58086387492922e-6,2.93641447660885e-5
1815,FAM161A,252.205541248384,-0.368369676561847,0.0787151922719803,-4.67977865427857,2.87184794653406e-6,3.23688118139103e-5
1818,TRAF4,1168.10835724088,-0.405317206766416,0.0866535344076059,-4.6774457561057,2.90470377660528e-6,3.26851073476426e-5
1820,ZNF608,22.2140608156607,-1.32352108293799,0.282989064728997,-4.67693366245602,2.91196406741158e-6,3.27307961137575e-5
1826,FAM174C,393.245048091844,-0.336728224760089,0.0720603056246921,-4.67286700827849,2.97024107267957e-6,3.32761345146802e-5
1829,MPDU1,1161.88618882424,-0.312239978233209,0.066839180011739,-4.6715112031352,2.98991788219755e-6,3.34416348365857e-5
1832,DISC1,28.811168273227,-1.10860173179646,0.237468936342725,-4.66840736674915,3.03543582460084e-6,3.38951477422813e-5
1835,RAB5C,720.878568060376,-0.279137074167377,0.0598299783925311,-4.66550518096498,3.07859738263775e-6,3.43209082597386e-5
1847,YBX1,12607.0660063631,-0.182590298479642,0.0392266409629493,-4.65475233151123,3.24370372768593e-6,3.59266091809805e-5
1857,NOTCH1,1530.22057689564,-0.601143931133618,0.129481117427573,-4.64271503889265,3.43860453457749e-6,3.78802008421388e-5
1870,RAC1,3591.04961609123,-0.272208085409863,0.0587824125348036,-4.63077430258064,3.64300807698363e-6,3.98529498560718e-5
1876,ADAM15,2784.30988018591,-0.469838339248854,0.101588769090019,-4.62490434186208,3.74771320167377e-6,4.086725424661e-5
1878,CLSTN1,3730.01004173921,-0.349032711687415,0.0754785552645648,-4.62426328198782,3.75932125859067e-6,4.09501783743288e-5
1885,RARG,1937.25660553558,-0.242914253870106,0.0526176424814009,-4.61659326443541,3.90090753701164e-6,4.23122298433972e-5
1915,PRELID1,519.07309347376,-0.28486560804913,0.0620832855395836,-4.58844285661239,4.4656450825393e-6,4.77042827433454e-5
1919,DLAT,1200.55385401208,-0.240929818672272,0.0525544923927198,-4.58438104343003,4.55333221452473e-6,4.85396128778179e-5
1923,CARMIL1,737.820130951236,-0.319819680724939,0.0698323592173886,-4.57982064918269,4.6537482115158e-6,4.94811471741054e-5
1937,NDUFC2,297.972874499117,-0.352456336029782,0.0772051125288076,-4.56519425314313,4.99032028116548e-6,5.27036561651018e-5
1942,RAB38,38.0609117333795,-0.804116121735918,0.176252945499193,-4.56228472924783,5.05999632712055e-6,5.33019283542251e-5
1948,AP5Z1,621.194669071678,-0.527851879040066,0.115821184605218,-4.55747263196516,5.17728339784453e-6,5.43694489064197e-5
1955,TRIM28,6025.639975688,-0.223481024131559,0.0491056514512829,-4.55102452623546,5.33853239673967e-6,5.58620753146309e-5
1972,ZNF587B,270.287991734658,-0.421949107728731,0.0930216935592929,-4.53602908723412,5.73232776719772e-6,5.94354937321661e-5
1975,FRMD8,1462.5199793651,-0.50632564034243,0.1116558032422,-4.53470062137413,5.76852483990949e-6,5.9750234253179e-5
1977,GINS2,1034.18850254278,-0.363531499710184,0.0802055535615199,-4.53249785791136,5.82902674279666e-6,6.03158321079369e-5
1991,ARHGEF12,3448.94200933712,-0.274522627448767,0.0607105700058286,-4.52182589329027,6.13084787567358e-6,6.2992845300178e-5
1993,ASCC1,595.23331067739,-0.380695005626588,0.0842114142695371,-4.52070552345897,6.163387457694e-6,6.32425479702925e-5
1996,SNX29,396.528314052153,-0.411513187186858,0.0911403033681936,-4.51516148157204,6.32685366994333e-6,6.48439105841837e-5
2002,SIPA1L3,795.487922379136,-0.344940743496618,0.076481108145031,-4.51014311720624,6.47839042361089e-6,6.61980184294745e-5
2012,PPP1R14B,853.188102261916,-0.488792090621455,0.108632163435377,-4.49951538443057,6.81085509291424e-6,6.92493353060371e-5
2014,KDM2A,4149.27606620906,-0.351719769412254,0.0781828571962296,-4.49868145045504,6.83762224405913e-6,6.94524519596413e-5
2018,LRBA,1793.75072155045,-0.408003132941914,0.0907438844669755,-4.49620528522116,6.91769508888307e-6,7.01265056656497e-5
2026,TRUB2,764.914407798799,-0.192135236553209,0.0427952129960971,-4.48964318908125,7.13425768094329e-6,7.20362830103933e-5
2028,SLC27A4,732.537297754246,-0.376164527339891,0.0838353908924234,-4.48694189095607,7.22527706617076e-6,7.28474583256063e-5
2039,PCDHGC3,208.503920541517,-0.333911679868981,0.0745759400265501,-4.47747195342229,7.55321468430376e-6,7.57803397728308e-5
2071,FAM222A,96.6593750731582,-0.621679973916623,0.13982036057028,-4.44627643199459,8.73715053712603e-6,8.63041470487625e-5
2082,TET3,937.170327667004,-0.378548121343527,0.0851949022437606,-4.44331892371237,8.8581710379822e-6,8.7037274219021e-5
2083,CASP2,1605.19531946401,-0.443861235707363,0.0999075135309724,-4.44272127310787,8.88282054047915e-6,8.72375707136735e-5
2085,MYCBP2,1820.51691618976,-0.331385548904617,0.074642701838825,-4.43962424645579,9.011607743583e-6,8.84174866237302e-5
2087,DNMBP,816.741922983827,-0.65179783071093,0.146876751612169,-4.43771954074811,9.09169729932138e-6,8.91178014624904e-5
2108,C1orf122,407.469076809423,-0.311793659770871,0.070628174641157,-4.41457904518999,1.01206731928919e-5,9.82156601076804e-5
2110,PELI2,113.880267509715,-2.09171193077548,0.473997523067427,-4.41291742884895,1.01986900881852e-5,9.88789588312817e-5
2121,MAP7D1,1563.96009258547,-0.323739430877331,0.0735401563486426,-4.40221298065417,1.07152292133302e-5,1.033481584239e-4
2131,DDX56,1737.00535998849,-0.242175661600261,0.0551244460343976,-4.39325342968786,1.11666825362664e-5,1.0706784456257e-4
2132,ZNF512B,1387.87619533546,-0.359652555487982,0.0818624404499889,-4.39337690778592,1.1160339112501e-5,1.0706784456257e-4
2140,MCM3,4714.0026794059,-0.296512614485605,0.0675619635385272,-4.38875069574494,1.14003665528421e-5,1.0898004606144e-4
2141,PCDH1,566.847409015535,-1.39033735814665,0.31689695182479,-4.38734847445095,1.14740876295483e-5,1.0963354069951e-4
2146,GMPR,97.5154997302783,-1.14622132760259,0.261334196389263,-4.38603651355015,1.15434752092094e-5,1.1003954909356e-4
2165,EIF6,1240.28932781786,-0.289753824233095,0.0662329665640135,-4.37476741968143,1.21562017090649e-5,1.1486347268468e-4
2166,ATP13A2,366.373729029363,-0.395882951118927,0.0905022301330431,-4.3742894571433,1.21828639115992e-5,1.1506225625096e-4
2171,MCM10,830.829080306693,-0.341403404145405,0.0781184837937571,-4.37032809093881,1.24059991438425e-5,1.1684600574842e-4
2175,NT5C3B,901.069549508427,-0.191214457268173,0.0437861498362823,-4.36700778632351,1.25960238819189e-5,1.1847211979421e-4
2176,KCTD1,277.002809241502,-0.62806230673196,0.143833452707453,-4.36659410526279,1.26198929666875e-5,1.1864207280309e-4
2180,ACTMAP,565.575525533944,-0.321849486387706,0.0737654971784973,-4.36314399954353,1.28206493420562e-5,1.2030826770203e-4
2185,EFNA4,135.493069640952,-0.631001414051694,0.144775102848845,-4.35849397883351,1.30960524805822e-5,1.226114167484e-4
2186,NT5C2,827.899315657003,-0.296173995003727,0.0679798094570389,-4.35679354457297,1.31981650127279e-5,1.2351091567491e-4
2229,RNF144B,106.947441120814,-1.18384421584664,0.274185722372902,-4.31767272781832,1.57683001436536e-5,1.4471606820938e-4
2238,LNX2,440.817735804278,-0.25721436215876903,0.0596964085774462,-4.30870747986582,1.64211384533958e-5,1.500997953573e-4
2250,NEMP2,220.053946427248,-0.41569002240835,0.0965486244066753,-4.30549917166515,1.66609614078242e-5,1.5139703584822e-4
2260,CLTC,9792.38983798754,-0.210276785451994,0.0489221459635634,-4.29819218495863,1.72196828325617e-5,1.5586860694943e-4
2272,MCM2,3043.44014443037,-0.336454221357618,0.0784157759453744,-4.29064454570975,1.78155280251983e-5,1.6034332626699e-4
2273,TMUB1,545.832510055735,-0.592193730209998,0.138019919163355,-4.29063959607961,1.78159251407769e-5,1.6034332626699e-4
2277,TXNL4A,792.333769662106,-0.247318778211616,0.057680159461249,-4.28776169347748,1.80482567936612e-5,1.6214896320945e-4
2281,CLP1,265.396680706871,-0.312724136481314,0.0730397453942274,-4.2815611526766,1.85586705946412e-5,1.6644222900244e-4
2285,SAE1,2689.95126492074,-0.333329012509836,0.0778634815528885,-4.28094153847235,1.86104247483955e-5,1.6666058706997e-4
2295,UBE4B,1320.82849925141,-0.24491870690945,0.0572849463267531,-4.27544621430619,1.90754850760676e-5,1.7003363756039e-4
2301,FNDC10,240.233543358143,-0.47450228953689,0.111085707655681,-4.27149720293133,1.9416496324277e-5,1.7262201882039e-4
2302,HNRNPM,5051.41141389595,-0.343811138708432,0.0805013620246303,-4.27087356116086,1.94708780427336e-5,1.7303030066038e-4
2309,ZNF142,737.864470329281,-0.305120330830051,0.0715753186350093,-4.26292661561144,2.0176679479651e-5,1.786815290542e-4
2316,YWHAB,7603.43074631484,-0.178369078940611,0.0418868598572894,-4.2583540410602,2.05937613567287e-5,1.8190266669887e-4
2318,FOXP4,688.146675926243,-0.399851766931498,0.0939333585137964,-4.25676003986134,2.07410762423113e-5,1.8299251417963e-4
2326,MRPL44,505.807699007028,-0.267170499599067,0.0629546798284383,-4.24385447320437,2.19712866334886e-5,1.9323586012952e-4
2339,SSNA1,687.154840140393,-0.443386818796814,0.104711309742046,-4.23437372609593,2.2918952243116e-5,2.004501949711e-4
2349,CANX,381.146609532431,-0.285294845145219,0.067522452265306,-4.22518489145287,2.38744679956269e-5,2.0791825959409e-4
2357,GPR161,491.232716291186,-0.360959885873999,0.085627781546719,-4.21545296811242,2.49277340657639e-5,2.1635411785461e-4
2372,ARMC6,619.958014168959,-0.309811752608797,0.0736739244327045,-4.20517510088372,2.60880103844815e-5,2.2499259208909e-4
2378,CPSF7,3085.36446144154,-0.277841926454978,0.0661479989987366,-4.20030735110045,2.66552889746103e-5,2.2930498172985e-4
2389,EHD2,2646.9879860466,-0.220928435612449,0.0527548827059057,-4.18782915022417,2.81635396744138e-5,2.4116430771012e-4
2401,TOR2A,177.376877074147,-0.316884965091797,0.0758194358759541,-4.1794687790904,2.92190828342969e-5,2.4895242713086e-4
2405,POMGNT2,353.59084585747,-0.497683120661384,0.119125497412691,-4.17780518420201,2.94335589637513e-5,2.5036270923969e-4
2411,TK1,2637.71531421207,-0.551140089957253,0.132088626880698,-4.17250222803088,3.01272652534318e-5,2.5562565959745e-4
2415,SMG6,526.092462752731,-0.242228913147872,0.0580984586227922,-4.16928295328036,3.0555944895828e-5,2.5883352576975e-4
2423,GRK3,302.959381949314,-0.872049661534941,0.209604998083219,-4.16044306915197,3.17630789089959e-5,2.6817057583216e-4
2443,SF1,4997.51615687283,-0.193728509971914,0.046735510411886,-4.14521010393511,3.39502271188072e-5,2.8428972417905e-4
2461,ATAD3A,904.604583402741,-0.301486916747063,0.072958460170131,-4.13230920778796,3.59136843412124e-5,2.9853158901592e-4
2479,MED16,472.893048974636,-0.303305345853888,0.0736407690769309,-4.11871507665858,3.80990872789706e-5,3.1439815589588e-4
2484,INTS5,372.913131532685,-0.327976607670246,0.079696732714878,-4.11530807471883,3.86662620363429e-5,3.184362811906e-4
2485,TIMM13,710.725676573585,-0.353111036568499,0.0858073514621162,-4.11516065408914,3.86909836258484e-5,3.185116507179e-4
2496,GNB2,3159.57805705721,-0.320241838608464,0.0779436327625924,-4.10863373001724,3.98006713991287e-5,3.2620285849838e-4
2506,SELENBP1,45.7534003893095,-0.945092411176811,0.230368369068332,-4.10252681389813,4.08662477200768e-5,3.3362369256561e-4
2509,SF3A3,1849.7417242522,-0.203701725134892,0.0496824645706848,-4.10007287068215,4.1302006652581e-5,3.3675374654916e-4
2522,ZNF787,432.814997894234,-0.305855737150902,0.0748994043419663,-4.08355366558677,4.43521807066075e-5,3.5982638513023e-4
2523,ZWINT,1876.01652291378,-0.424372317481552,0.103941393337458,-4.08280381718355,4.44955840199539e-5,3.6077929540079e-4
2526,CDC42EP4,788.853564798688,-0.418709342563274,0.102595848538165,-4.08115287830109,4.4812866193116e-5,3.6297399206155e-4
2529,SNAPIN,419.781263053413,-0.20762939633383,0.0509050423378809,-4.07875893621098,4.527675470911e-5,3.6624221869682e-4
2532,XPO6,2822.25343932215,-0.191965181548224,0.0470998131616341,-4.07571004346558,4.58741524980446e-5,3.7048856598993e-4
2539,MEN1,1055.06799364671,-0.207858522070471,0.0510722945687839,-4.06988806407608,4.70357313742876e-5,3.7882281760779e-4
2540,EMP1,1131.15072095188,-0.779638069880497,0.191562492063235,-4.06988895103296,4.70355523065668e-5,3.7882281760779e-4
2560,ZFAND5,1870.6119731308,-0.195668399163941,0.0482069007080786,-4.0589292464336,4.92982465894918e-5,3.9394305878173e-4
2564,COMTD1,173.531466655406,-0.726094585525379,0.179067642398099,-4.05486203873251,5.0163900708568e-5,4.0011028385553e-4
2575,ARF5,1355.6144206133,-0.328579675654578,0.0811897041850521,-4.04706087985813,5.18647554717131e-5,4.1203778745042e-4
2586,PMVK,223.76177176741,-0.443803907881212,0.109776643584598,-4.0427899176859,5.28189420955567e-5,4.1783337140325e-4
2588,DNAJC30,205.370318378214,-0.534967813863226,0.132348714874034,-4.04210811092798,5.29727975383449e-5,4.1872663030986e-4
2593,MARK2,1016.39653440011,-0.467954265937816,0.115859699348944,-4.03897359105378,5.36856085378434e-5,4.2340520636217e-4
2595,RPS6KA4,1267.99388811783,-0.380649412946627,0.0942501279113066,-4.03871508062922,5.37447994609746e-5,4.2368299135767e-4
2597,ADCK2,307.071809944802,-0.468035962827391,0.115923126566424,-4.03746842144743,5.40311151530265e-5,4.2561206110337e-4
2598,MYL6B,508.563555501731,-0.429360170173535,0.10634883956101,-4.03728119597599,5.40742391620462e-5,4.2562397481261e-4
2604,ZBTB45,196.001304765671,-0.276288220378577,0.0685420734678507,-4.03092883538413,5.55568645973309e-5,4.3645421623179e-4
2611,PAG1,36.022708713193,-0.747520644444817,0.18555922238647,-4.02847476310249,5.61398857885523e-5,4.3985202741341e-4
2614,UBTD1,198.724891739107,-0.302200383147309,0.0751220542900554,-4.02279178868667,5.75123358554531e-5,4.4991581437667e-4
2619,CACHD1,274.021897060142,-0.596576113414754,0.148382144957388,-4.02053841172114,5.80652801654234e-5,4.5354770383507e-4
2645,ASL,342.743907067455,-0.229063555571096,0.057177459097867,-4.00618633960321,6.17069747931731e-5,4.7725504096179e-4
2650,H1-2,463.696310294017,-1.00231084001781,0.250269668485596,-4.00492335360847,6.20375929633462e-5,4.7895442835618e-4
2663,NCKAP1,4615.42009582209,-0.140412676876865,0.0351216348879793,-3.9978969465605,6.39077617702543e-5,4.9093544218328e-4
2676,MMP17,156.77429672226,-0.755089534690118,0.189171519916314,-3.99156033119656,6.56399842832219e-5,5.0179266012028e-4
2692,DNAJC9,305.188772543913,-0.334933658298953,0.0840492238916508,-3.98497026850267,6.74885752522822e-5,5.1285801780681e-4
2694,NUDT1,205.966053411308,-0.370352031495579,0.0929907125349785,-3.98267763951449,6.81431560339323e-5,5.1744786302381e-4
2701,XRCC5,7019.09344727366,-0.305761561886675,0.0768140439494706,-3.98054243945038,6.87581873105098e-5,5.2058922005754e-4
2708,ZNF395,298.245399744505,-0.703866760545128,0.176966042164836,-3.97741143970156,6.96695572386513e-5,5.2618699117088e-4
2715,HADHB,1602.02271223457,-0.209580842557728,0.0527577271582865,-3.9725146219611,7.11178692073088e-5,5.3550179096642e-4
2736,C1QBP,3653.47788883569,-0.206244838882145,0.0521265686250805,-3.95661644957983,7.60188391431578e-5,5.6839085977762e-4
2750,BAIAP2,618.975189039866,-0.391157469008518,0.0991323039715857,-3.94581234710973,7.95298827007426e-5,5.9161556742148e-4
2761,GEMIN5,1117.35322677387,-0.231651196603352,0.0588256936809166,-3.93792545583701,8.21891175659993e-5,6.0896152772461e-4
2782,PHLPP1,288.569309043791,-0.429329323060084,0.109364880570801,-3.92565987197456,8.6492300925987e-5,6.3600754854166e-4
2794,CDK9,1094.38434929963,-0.231345976079327,0.0590735590081957,-3.91623562154484,8.99423474022729e-5,6.5853636392566e-4
2800,RBM15B,1125.80464726502,-0.282911497685796,0.0722743740453572,-3.91440951820973,9.06257131067841e-5,6.6211793322338e-4
2805,SPR,624.24818596411,-0.546072677267531,0.139625634472072,-3.91097723088061,9.19234386204108e-5,6.7040206198137e-4
2809,CLTB,824.24580703236,-0.350503904245017,0.089767781162288,-3.90456241322656,9.43960293417593e-5,6.872098121866e-4
2811,FSCN1,2412.38769540141,-0.304755292954749,0.0780577544996077,-3.90422828466429,9.45265247849507e-5,6.8791501868578e-4
2819,UCK1,740.802757796321,-0.319285037470076,0.0818879858698366,-3.89904616749994,9.65723618128349e-5,7.0080908322283e-4
2825,TMEM250,981.829765852573,-0.258342253480726,0.0663026914580813,-3.8964067340171,9.76303790312813e-5,7.0692505996294e-4
2835,EGFL7,414.386458113976,-1.00145468895669,0.257467868958759,-3.88962977402474,1.0039726938705e-4,7.2431927398326e-4
2840,NCAPG2,2385.47987216877,-0.386094494855243,0.099313422051284,-3.8876366042031,1.0122502151713e-4,7.2914093844228e-4
2848,LARP1,6233.170988464,-0.214981779483403,0.0553677063968345,-3.88280088654159,1.0326012131465e-4,7.4180440954311e-4
2869,POLR2J,380.449625397617,-0.288360293511737,0.0745060869396101,-3.87029174871931,1.0870518313403e-4,7.7510698200523e-4
2891,NABP2,722.402735667243,-0.245786739369561,0.0637597235156948,-3.85489029463968,1.157815365524e-4,8.1928152654878e-4
2897,HERC2,598.19509904856,-0.28481397809374,0.0739432198909289,-3.85179301785693,1.1725611443864e-4,8.2799735349371e-4
2902,ATXN7L3,1537.19766108185,-0.252415264835614,0.0656019344133715,-3.84768021084702,1.19241560159e-4,8.4027716023866e-4
2904,SORBS3,678.587845812984,-0.58442927341914,0.151896583705687,-3.84754718744382,1.19306303019e-4,8.4044388459359e-4
2906,CDC6,1970.81354338268,-0.304530392429056,0.0791795069037874,-3.84607588929668,1.2002460211343e-4,8.4477624730223e-4
2918,PDZD8,1213.05388437784,-0.354177689398579,0.0922999470553063,-3.83724693998313,1.244213423745e-4,8.7255370282224e-4
2919,AACS,950.923405567978,-0.180775378731398,0.047120153374448,-3.83647687423335,1.2481194296054e-4,8.7470980374915e-4
2929,FH,1568.49233502663,-0.246864601181433,0.0644524735968949,-3.83018040122708,1.2804934756859e-4,8.9433441557213e-4
2934,CLASP1,1309.96917037429,-0.254123008671022,0.0663855129650278,-3.82798892892332,1.291945662155e-4,9.0059311118047e-4
2943,PTPA,2640.7955564232,-0.244805433512625,0.0640280534159621,-3.82340896610165,1.3161920002411e-4,9.1489431698716e-4
2954,CNOT11,986.040926706905,-0.169703599554946,0.0444951963950779,-3.81397573904672,1.3674889856504e-4,9.4701158359686e-4
2986,TUBB,128.710987356493,-0.799857931949925,0.210550198148186,-3.79889422562777,1.4534310097974e-4,9.9574139877514e-4
3014,MCAT,396.687151513594,-0.29874417619879,0.078963728030799,-3.78330891472433,1.547571445066e-4,0.00105003877451793
3029,CENPB,1185.47274536255,-0.248521817993447,0.0657491294275721,-3.77984956085562,1.5692314336369e-4,0.00105974960847871
3032,MEX3D,501.685860368969,-0.429954118790008,0.11379406358981,-3.7783528000182,1.5786912287496e-4,0.00106514797053204
3033,TMEM98,122.446657873806,-1.14728109264561,0.303669050853191,-3.77806394633302,1.5805230025939e-4,0.00106603228038456
3040,MLEC,4845.93686113011,-0.171106275760441,0.0453786729895767,-3.77063198387805,1.6283465514377e-4,0.00109575938824875
3041,FADD,281.470295539249,-0.333575034184656,0.0884876515240384,-3.76973542002115,1.6342069705935e-4,0.00109934140077053
3047,PSMB2,2725.28030361544,-0.207329036498353,0.0550392353141362,-3.76693163186267,1.6526623515423e-4,0.0011095672374631
3050,CCDC6,1515.0422704489,-0.292709986403992,0.0777879945142177,-3.76291982113631,1.6794105649721e-4,0.00112641645664376
3054,USP22,3980.74093535085,-0.188557409723122,0.0501317085627192,-3.76124044300664,1.6907280702754e-4,0.00113215136280277
3060,POLDIP2,2368.68736943531,-0.180738524809581,0.0480724999100493,-3.75970721613748,1.7011232600171e-4,0.00113725093235849
3061,ADAT1,1203.62272881754,-0.242402567948682,0.0645110277371569,-3.75753691192651,1.7159406135912e-4,0.00114678200366661
3073,MCM4,10084.6587501414,-0.190584922842873,0.0508059930039248,-3.75122916755411,0.00017596976690905001,0.00117134168203432
3081,MRPL24,655.30938517938,-0.245421126065815,0.0655561158775598,-3.74368009422937,1.8134451448291e-4,0.00120407813462415
3095,TEX264,594.282782110812,-0.350288127410501,0.0936903724923219,-3.7387846594292,1.8491203261522e-4,0.00122221177745059
3104,FOXN3-AS1,26.8302021207637,-0.735854665892441,0.197257171767318,-3.73043301442263,1.9115096139548e-4,0.00125978583030525
3119,TM9SF2,3200.77733385583,-0.179895849725798,0.048344696415420003,-3.72110827173214,1.9835036740169e-4,0.00130094692719991
3131,HR,970.067744478069,-0.780420812066011,0.210020339173831,-3.71592968155368,2.0245788733072e-4,0.00132279814791588
3132,MAZ,623.896406560349,-0.386204062016274,0.103956641044598,-3.71504944884272,2.0316396080405e-4,0.00132698759456214
3139,TXN2,1066.90430432984,-0.154160302415525,0.0415296509299514,-3.7120538931461,2.0558419777628e-4,0.00133980118952197
3162,STK38,1556.25748898031,-0.271743550596026,0.0734421635967535,-3.70010273782346,2.1551220154119e-4,0.00139428624507532
3167,SLC25A1,1269.43001780542,-0.250408519918652,0.0677583755750107,-3.69560984592144,2.1935961302105e-4,0.00141693703933427
3168,P4HB,8768.21720507929,-0.305733088742176,0.0827358364165169,-3.69529217306784,2.1963407342118e-4,0.00141808026631747
3174,PFKL,2996.63578157873,-0.184285153621039,0.0499294113806274,-3.69091380261177,2.2344985607554e-4,0.00144017445045285
3178,SMARCD1,1624.10599205294,-0.205546121326092,0.0557230082650637,-3.68871185755709,2.2539230245656e-4,0.00145075458233694
3189,ANXA11,2498.93374351868,-0.344487357032872,0.0935516292746617,-3.68232343684234,2.3111793051561e-4,0.00148258999829348
3190,LANCL2,451.79847159942,-0.318492847671791,0.0864981580753922,-3.68207664484822,2.3134183313905e-4,0.00148356109107389
3195,SEC61B,896.611336208736,-0.15591597624492,0.0423846007818855,-3.6785996179904,2.3451809008438e-4,0.00150157639087833
3198,EIF4H,3705.87977418661,-0.238930618361908,0.0649866335948335,-3.67661171451884,2.3635237519829e-4,0.0015119013569204
3201,NEO1,1515.83387891246,-0.330890911375838,0.0900365115289818,-3.67507476418972,2.377797736815e-4,0.00151960663236565
3202,COQ8B,503.327474932588,-0.252912576068352,0.0688389209242924,-3.67397647540844,2.3880472857425e-4,0.00152568030369877
3221,ENO1,29085.2009212521,-0.329147456369188,0.0898444894043186,-3.66352414657238,2.4876875281488e-4,0.00157996348225215
3227,CCDC51,407.699087652447,-0.278002261476855,0.0759400590582239,-3.66081176291565,2.5141742510812e-4,0.00159381663013227
3240,CSTB,1765.71702336022,-0.230613291607878,0.0630974039533736,-3.65487765199171,2.573046536638e-4,0.00162459299382728
3243,ABTB2,174.402260305025,-0.734538102301315,0.201066170558854,-3.65321575608517,2.5897644507561e-4,0.00163363587323831
3245,ACTB,32686.2266905655,-0.236449981754504,0.0647580124455646,-3.65128534408407,2.6093113632863e-4,0.00164495169672567
3250,NAV1,639.405030759446,-0.372233114477154,0.102106151931769,-3.64555031635991,2.6682020020422e-4,0.00167948948787009
3256,USP54,337.020764181077,-0.251680552689562,0.069082599972002,-3.6431829837262,2.6928725859135e-4,0.00169189479391992
3258,KDELR1,2913.17730894694,-0.148187112937026,0.0406836513612092,-3.64242411826188,2.7008260668542e-4,0.00169576876864143
3264,PTDSS1,1965.86072071587,-0.191827755647315,0.0526961112885218,-3.6402639769189,2.7235866862366e-4,0.00170699794241249
3274,CCT3,8247.31367151344,-0.178142430490949,0.0490584364256523,-3.63122927411114,2.8207445233674e-4,0.00176249146959464
3284,NUDT18,67.6382584918221,-0.412701285961667,0.113896268179739,-3.62348382925404,2.9066138379762e-4,0.00181101388120653
3285,ADGRA3,989.947176575369,-0.255889852846216,0.0706245700603437,-3.62324121233696,2.9093427404879e-4,0.00181176330113124
3296,KANSL3,1318.13199547475,-0.154808331013061,0.0427838907635253,-3.61837897980611,2.9645406882061e-4,0.00183886018370625
3303,MRPL14,571.021796895555,-0.226059867615007,0.0625244612998788,-3.61554282780275,2.997189164411e-4,0.00185629726722245
3311,CCAR2,1594.94379247387,-0.177109551537586,0.0490212315400503,-3.61291517927059,3.0277376831084e-4,0.00187068649300358
3314,TPD52L2,2916.66193040196,-0.147460437904448,0.0408510379000644,-3.60971092742336,3.0653842519178e-4,0.00189166110532376
3320,BMF,22.0929272809653,-1.00348600657368,0.278274705217585,-3.60609853414111,3.1083514844815e-4,0.00191528753969999
3321,PNPO,456.758361628102,-0.377193808098259,0.104626244598289,-3.60515480170859,3.1196691524002e-4,0.00192168238032674
3322,PHB2,3599.21616974459,-0.137443992456776,0.0381287307005035,-3.60473558735488,3.1247089265701e-4,0.00192420742055527
3332,UQCRQ,1452.41943790634,-0.117254206528022,0.0325756317045611,-3.5994453642968,3.188966236875e-4,0.00195788362268168
3335,TRAK2,646.978761376481,-0.196534458760289,0.0546537768110513,-3.59599043703323,3.2315967095099e-4,0.00198146964668954
3342,ACAA2,91.3186657825263,-0.771902642572988,0.214811757007012,-3.5933910384048,3.2640217749157e-4,0.00199837698979661
3348,WDR1,3811.78449445418,-0.207451373265162,0.0577721926884239,-3.59085164698501,3.2959921214094e-4,0.00201392206773216
3350,ROBO1,621.594770692357,-0.450902894693215,0.125613846997917,-3.58959545837881,3.3119153576772e-4,0.00202244335737325
3364,DCTPP1,866.486584759861,-0.296530517080722,0.0827712466666397,-3.58253051660555,3.4028185012882e-4,0.00206930612606579
3373,LPCAT3,406.201655481194,-0.326857191273191,0.0913650113426191,-3.57748755754515,3.4691272743872e-4,0.00210400049368929
3376,RBM4B,462.837783814209,-0.251150667718768,0.0702328933568215,-3.57596926048291,3.4893265440639e-4,0.00211434570657993
3391,COPZ2,72.3284732906743,-0.581985207391401,0.163002925294636,-3.57039731857225,3.5644016077604e-4,0.00215030857239619
3395,EPS8,769.714521472228,-0.23994209502902,0.0672620029832083,-3.56727549563043,3.607121908839e-4,0.00217306187547806
3409,LMAN2L,394.074051073909,-0.334077577208223,0.0937745392352264,-3.56256164981216,3.6725362646005e-4,0.00220384495057006
3418,CNPY3,616.762272582705,-0.270206843813455,0.075939645205157,-3.55817890751886,3.7343493281626e-4,0.00223495880683189
3419,CHCHD5,165.061758711229,-0.287165371997721,0.0807059359777295,-3.55816915470707,3.7344879574584e-4,0.00223495880683189
3422,SH3BP2,1135.29916059076,-0.202355671134305,0.0568789733875711,-3.55765336612989,3.7418263847077e-4,0.00223625375689671
3429,H2BC12,230.308371102837,-0.785058805153343,0.220773168492211,-3.55595206842828,3.7661274199828e-4,0.00224682614845695
3433,MMP2,288.573459262177,-1.79130979479848,0.503979160716469,-3.55433306458924,3.7893899055684e-4,0.00225872472625225
3434,STAT6,2490.48766100462,-0.301499134241739,0.0848370860870668,-3.55386008817317,3.7962111241842e-4,0.00226147614931385
3437,DHX8,1290.72871068584,-0.254150775323719,0.0715521523311462,-3.5519654831276,3.8236501561525e-4,0.00227583390295059
3439,HSPD1,12193.0478100356,-0.296151508728737,0.083435638976671,-3.54946054660817,3.8602130533982e-4,0.0022962599137356
3450,MCMBP,2884.67988778283,-0.178715497375263,0.0504006339407757,-3.54589780726302,3.9127791364911e-4,0.0023201079071072
3454,NAPA,483.727576264395,-0.260276783772936,0.0734121414806969,-3.54541876211817,3.9198979591595e-4,0.00232163730603726
3463,VPS51,532.775891709731,-0.363120851456579,0.102537388700478,-3.54135068250365,3.9808410438802e-4,0.00235160454041752
3473,TMEM11,457.707038931382,-0.197277084778597,0.0557877814595647,-3.53620595078843,4.0591810936303e-4,0.00239097804873009
3478,TPCN2,425.773930224129,-0.260176710843187,0.0736190294893906,-3.53409590764412,4.0917257601706e-4,0.00240668297515273
3485,RIOK2,445.547640227529,-0.260635980248622,0.0738350717840322,-3.52997530781825,4.1559845237234e-4,0.00243956887810075
3493,ADGRG6,1699.83072696845,-0.331153455199948,0.0939485080326752,-3.5248399589781,4.2373871113493e-4,0.00248165554356925
3499,WIZ,1263.73707647539,-0.192887637055006,0.0547583549688727,-3.5225243191592,4.2745782189766e-4,0.0024991439447158
3506,CNNM3,549.887878098179,-0.211194083946761,0.0600145731340927,-3.51904667346183,4.3310050655042e-4,0.00252707845479237
3509,RC3H2,2138.03836733984,-0.119743086688298,0.034040371561256,-3.51767860326727,4.3533927992643e-4,0.00253796969206469
3514,POLR1A,2353.74191932265,-0.234030795105085,0.0666011315019664,-3.5139162027326,4.4155208273119e-4,0.00257032380630867
3521,ABCC2,759.297006842518,-1.38606880329935,0.394688354318699,-3.51180567689146,4.4507330149732e-4,0.0025858746176457602
3531,NOLC1,5415.63433073226,-0.208683335330072,0.0595554355428389,-3.50401828864074,4.5829388257048e-4,0.00265514527208847
3543,GALNT2,1800.08985818432,-0.246445545220206,0.0704937149012695,-3.49599316145229,4.7230080399833e-4,0.00272702725018174
3546,UBE2D2,1602.93693723848,-0.193947817605041,0.0554955891479543,-3.49483302335912,4.7435841840358e-4,0.00273659057114554
3552,TNFSF12,63.5556493760157,-0.484287732849921,0.138748642001116,-3.49039620038967,4.8230493183861e-4,0.00277773423159417
3555,PSKH1,851.456842333709,-0.305789375760332,0.0876189675446171,-3.48999063022078,4.8303748276776e-4,0.00277978920702666
3563,GGA2,1687.87973380322,-0.12639575946727,0.0362526797957384,-3.48652182899119,4.8934544594148e-4,0.00280958175347318
3573,NVL,507.638507842253,-0.209969078730628,0.0603154677730618,-3.48118130361918,4.9920745913839e-4,0.00285818275723316
3578,FAM234A,1443.89943261672,-0.196796813590007,0.0565602177356408,-3.47942107489444,5.0249835864881e-4,0.00287220143137156
3580,TP53I11,1156.08377457974,-0.470840027933784,0.135334866676708,-3.47907408856094,5.0314946142821e-4,0.00287511970179807
3594,RPUSD1,883.329331642851,-0.236006508698877,0.0679977057798487,-3.47080105118514,5.1890830447465e-4,0.0029536191387418
3599,RPP25,485.170621000201,-0.509159139044308,0.146806300247371,-3.4682376586452,5.2388375668654e-4,0.00297779661309717
3606,GRWD1,1161.0596035834,-0.21722018115802,0.0627292641050726,-3.46282049147225,5.3454488779079e-4,0.00303249716293294
3608,MRPL57,509.333829599,-0.27621796869414,0.0797814112767458,-3.46218453990485,5.3580963138019e-4,0.00303759770265125
3628,NDUFAF8,508.933349232123,-0.23098653418902,0.0669300883636364,-3.45116135114079,5.581797606616e-4,0.00314737689191135
3629,RCE1,614.353180492414,-0.217493962926042,0.0630277497586706,-3.45076515913725,5.5899974829153e-4,0.00315113195117111
3632,SRD5A3,27.706721598422,-0.627441430726013,0.181917113908152,-3.44905114888092,5.6256013060065e-4,0.00316858276203125
3634,INPPL1,3770.57819195142,-0.179686621788383,0.0521043267391212,-3.44859310222061,5.6351516566083e-4,0.00317221511940666
3645,TNPO3,1804.68421759824,-0.312035941407686,0.0906214886709698,-3.44328862816006,5.7468562884605e-4,0.00322533440584467
3647,DBN1,1866.34310464236,-0.224278534578918,0.0651427363531002,-3.44287862522749,5.7555756472202e-4,0.0032284565674577698
3657,DGCR6L,324.42938785737,-0.494731754760294,0.143917321946069,-3.43761090097053,5.868703426684e-4,0.00328291129340103
3708,CCT2,6236.34223408418,-0.167454078905805,0.0490389929068838,-3.41471284338507,6.3849286258838e-4,0.00352255892394026
3730,INPP5A,241.642370323041,-0.31748893531301,0.0931881320391652,-3.40696747928776,6.5688953289883e-4,0.00360267806287172
3735,CBX1,1932.09700767945,-0.34565402785284,0.101491546445385,-3.40574205398324,6.5984490972064e-4,0.00361404211998799
3741,CCDC127,665.104009215303,-0.21292378390496,0.0625437864116796,-3.40439548228564,6.6310671219278e-4,0.00362622057922668
3747,SKA3,558.753223521797,-0.446753864982744,0.131376846868346,-3.40055249940988,6.7249820877779e-4,0.0036715494680991
3749,MTHFR,336.88800438828,-0.254936765060712,0.0750088042883163,-3.39875788555161,6.7692611797122e-4,0.00369375235938581
3754,GNA11,1161.87971553225,-0.265469816307773,0.0781642951059736,-3.3963053840357,6.8302109195505e-4,0.00372204647792344
3772,SND1,2853.01974113934,-0.246534047460434,0.072841038980351,-3.38454875042265,7.1295357146034e-4,0.00386662015147515
3773,NELFB,1860.26077655784,-0.183166979233065,0.0541211489703965,-3.38438822378391,7.1337058153014e-4,0.00386785634411931
3774,BCR,1112.08258186597,-0.213904852659511,0.0632066262033511,-3.38421563541973,7.1381917789796e-4,0.00386823812510165
3777,SNRNP25,458.315186894135,-0.256798148388873,0.0758926932881171,-3.38370055486068,7.1515954814805e-4,0.00387344953043813
3781,INPP5K,307.779691919228,-0.216941069075434,0.0641797793659739,-3.3802090193917,7.2430724135489e-4,0.00391884507706876
3783,NCOA5,1019.18131188285,-0.323698149612876,0.0957772459713503,-3.37969782206625,7.2565564562187e-4,0.00392406490681646
3805,TOMM40,2015.27298886992,-0.209881539503477,0.0622211670771458,-3.3731533714765,7.4312546933625e-4,0.00399530032226326
3808,UTP25,767.197257282055,-0.215341424638499,0.0638985328656595,-3.37005272235645,7.5153803087096e-4,0.00403715445459228
3810,THEM6,537.283922439046,-0.286119345500573,0.0849424836392804,-3.36838921164134,7.5608777235859e-4,0.00405965552733327
3814,ARSD,216.200982758176,-0.442825087180768,0.131579578478306,-3.36545452038958,7.6417663766122e-4,0.00409878381663233
3815,PSMF1,1514.68092454601,-0.194191707751877,0.0577034083136209,-3.36534207297488,7.6448816801317e-4,0.00409937993526752
3823,PNPLA4,284.889354159004,-0.300973486552517,0.0895446558806143,-3.36115520901427,7.761719618906e-4,0.00415223583273956
3828,BRD3,1256.58157535687,-0.276355125906959,0.0822468557630844,-3.36006918857801,7.7922955272273e-4,0.00416390356485139
3833,HADHA,2178.13457595243,-0.158620125077059,0.0472277505581729,-3.3586212174488,7.8332357563477e-4,0.00418065494045408
3835,NIPA2,215.902707425568,-0.315146023591339,0.0938854308706811,-3.35670849746032,7.8876224893086e-4,0.00420748613464895
3836,PAFAH1B3,441.62495008164,-0.255752410282889,0.0761995882571744,-3.35634897946852,7.8978841576429e-4,0.00421186173651986
3839,ZC3HC1,405.726834226992,-0.223611486657811,0.0666501835417498,-3.355001813577,7.9364464207264e-4,0.00422911915678042
3842,ASAH1,1364.57798498058,-0.211939844362247,0.0631972710293324,-3.35362335920924,7.9760851326849e-4,0.004246922789155
3850,ZMYM4,1359.38263650647,-0.117349774197722,0.0350774674825896,-3.34544602616957,8.215034631296e-4,0.0043650639857772304
3864,SNRNP200,6326.01940602432,-0.130477531313976,0.0390495434399841,-3.34133308151243,8.337713310453e-4,0.00441419775341455
3866,PRKD2,796.007746498229,-0.200102341147959,0.059892536988644,-3.34102295893559,8.3470320383548e-4,0.00441684517352884
3867,NCKAP5L,596.038115901823,-0.230383366735988,0.0689604692090616,-3.34080335267956,8.3536367257015e-4,0.00441919696140873
3871,ARHGDIA,3318.55557242338,-0.254114583928404,0.0761072032561031,-3.33890319255723,8.4109870651949e-4,0.00444493832065855
3896,GJB2,205.234021180464,-0.726631678939812,0.218417229430668,-3.32680567752769,8.7847610794207e-4,0.00461267601133755
3906,TMX2,1233.15275292495,-0.25311179959827,0.0762456839355845,-3.31968691909313,9.0118452128709e-4,0.00472075913295684
3910,BZW2,1179.11465717101,-0.441322122510622,0.133025529134281,-3.31757464437623,9.0802649392075e-4,0.00475076674837262
3911,AURKAIP1,1025.12734372107,-0.204491242084932,0.0616405426652288,-3.31747958799663,9.0833552474658e-4,0.00475116845557167
3920,SSH2,928.211210605905,-0.181113980784488,0.0546546397998217,-3.31378966996832,9.2040714594597e-4,0.00480325739403489
3921,NHSL1,304.019203070975,-0.448412751105142,0.135321763108912,-3.3136780130794,9.2077473978218e-4,0.00480395022997302
3931,ARHGAP42,211.238893831766,-0.693626350990506,0.209686013498059,-3.30792855192951,9.3988785186932e-4,0.00489119455245248
3934,RAVER1,843.133725093547,-0.279956795544389,0.084663316062584,-3.3067071851691,9.4399512497079e-4,0.00490882264146607
3944,ANAPC1,752.776270708714,-0.189293779790778,0.0573114864870851,-3.30289426070696,9.569246375795e-4,0.00496343998756693
3945,LRRC45,1030.90916149473,-0.476142117426299,0.144163690870572,-3.30278806370026,9.57287085205e-4,0.00496406131864102
3950,RREB1,942.858976648354,-0.234791034363684,0.071120781293234,-3.30129998706891,9.6237924418612e-4,0.00498414992362421
3954,GTF2I,982.419984960556,-0.320017226158683,0.096982366186018,-3.29974652860986,9.6772189396209e-4,0.00500674931329856
3955,TMEM9,996.856437669465,-0.210876664495629,0.0639252920613252,-3.29879860843389,9.7099545885662e-4,0.0050224157021062
3968,HNRNPK,10482.2986815592,-0.190585801114302,0.057870328518828,-3.29332502497019,9.900994639591e-4,0.00510445179793632
3975,SSR2,1690.28210534261,-0.261146350039189,0.0794084828623036,-3.28864550267285,0.00100670733802183,0.00518093383997802
3978,MRPL10,875.245086446108,-0.173473816902658,0.0527574976544499,-3.2881358027796,0.00100853178026296,0.00518511141411324
4014,TRAK1,703.055114487273,-0.416723851105076,0.127258078087086,-3.27463574312275,0.00105798295956102,0.00539155392461243
4041,GHITM,3305.34630404468,-0.183073669656626,0.0560709059110436,-3.26503855577208,0.00109449177316381,0.00554071225033704
4060,UNG,2581.09439240995,-0.158482767343853,0.0486540364980009,-3.25734057749483,0.00112461410310508,0.00566655928749277
4062,CCNE1,529.713592737867,-0.321299192901887,0.0986794633778897,-3.25598844889825,0.00112998348539041,0.00569081047775275
4063,TIMP2,3009.51714979993,-0.636098297024969,0.195386464331346,-3.25559039722549,0.0011315686815426,0.00569598930076698
4067,PRPF4,1445.08162625988,-0.146592853645435,0.0450359928912549,-3.25501547172285,0.00113386188711887,0.00570332250425146
4074,MOB3B,58.5881307952396,-0.485359639186105,0.149206456556351,-3.25293992222649,0.0011421764301782,0.00573527325286093
4092,CDCA7L,558.898598592145,-0.563717150533486,0.173818439203118,-3.24313780009695,0.00118221017990779,0.00591018417653315
4094,PABIR1,318.835144646314,-0.253919300981237,0.0783109362019507,-3.24245007525413,0.00118506709211548,0.00592157242389019
4100,RBPMS,242.006440821493,-0.891298539096616,0.274963083197554,-3.24152074791887,0.00118893779190225,0.00593077308191765
4103,SEC23IP,1728.56762897816,-0.134739614800846,0.0415877822300628,-3.23988459051432,0.00119578087611086,0.00596200082442112
4118,GPM6B,53.2191798838874,-0.491621121562028,0.151998212604345,-3.23438751771199,0.00121903928356296,0.0060558248236638
4125,HDGF,7188.75808043115,-0.24401133198699,0.0754825801574995,-3.23268403753348,0.00122633116486869,0.00608171070053788
4135,MGAT5B,113.457161800682,-0.589443439197596,0.182477879049434,-3.23021860111556,0.00123695602277068,0.00611956695473271
4138,SSR1,3260.89875527295,-0.113792762613212,0.0352434684420267,-3.22876174348146,0.00124327427854207,0.00614636585696835
4139,CDH1,1957.5304021846,-1.9348247652245,0.599357731654252,-3.22816352078132,0.00124587733521312,0.0061577464717214
4144,PPIF,1601.34322338444,-0.208491754596274,0.0646293265904031,-3.22596204533614,0.00125550005086308,0.0061978196285005
4158,PRDX5,1478.14268167467,-0.325042699613799,0.100940137483352,-3.22015312954581,0.00128122138995559,0.00630046778228884
4162,SNHG16,552.894799079919,-0.184653439534358,0.0573597184465071,-3.2192180250425,0.00128540711388776,0.00631801377433974
4166,RIN3,527.586153756926,-0.197933391917351,0.0615874429441782,-3.21385955407752,0.00130963714653291,0.00643092825411033
4167,BICD2,1421.04097159366,-0.18773331478044,0.0584205000353605,-3.21348353175357,0.00131135317883211,0.00643708506290734
4168,MCM5,3759.90254607095,-0.26314731032567,0.0818894213496616,-3.2134469384275,0.00131152028851727,0.00643708506290734
4169,RNF26,672.385432084827,-0.354592044417644,0.110361819926392,-3.21299562343342,0.00131358291210112,0.00644566218106324
4193,GTF2F1,1803.6395603092,-0.259151583127955,0.0808858234239515,-3.20391846380359,0.00135570864814081,0.00661429330193575
4195,FAM136A,1284.30523073766,-0.307547166281116,0.0960303242857107,-3.20260468314256,0.00136190791613612,0.00664137073668573
4204,ELP6,518.518218949364,-0.209265569601896,0.0654072067235284,-3.19942679231734,0.0013770115392266,0.00670064820598442
4213,MZT2A,555.309951590537,-0.194832724232999,0.0609970645829071,-3.19413279254091,0.00140251586901447,0.00681017496615928
4217,TARBP2,437.546807728977,-0.226387183146131,0.0709172105236363,-3.19227422334495,0.00141157250611896,0.00684689170209157
4222,TRAPPC2L,961.000669846819,-0.18333156984714,0.0574622253798299,-3.19047110750244,0.0014204104266754,0.00688236288453309
4225,ADNP,3239.27345898829,-0.0995183887314688,0.0311963682918476,-3.19006327276485,0.00142241647820343,0.00688718908748107
4227,ZNF416,70.2306464952232,-0.475835496575916,0.149195886674372,-3.18933388300747,0.00142601070387496,0.00690132504593569
4247,KCTD21,62.7434933143918,-0.351745517643733,0.110619495204511,-3.17977872700858,0.00147387549458131,0.0070993809730751
4261,NXN,792.363812213299,-0.461525715808554,0.145423863928196,-3.17365873345544,0.00150530566308744,0.0072269509386951
4263,TMEM222,488.58442849319,-0.178992241860689,0.0564096445216417,-3.17307870628432,0.00150831629263103,0.00723800759989513
4273,GATB,353.303076675317,-0.287004799475159,0.0905973375831551,-3.16791648774149,0.00153535617519752,0.00735149522948886
4276,DERA,646.766349326997,-0.248027509170251,0.0783316622591696,-3.16637617557027,0.00154351044735085,0.00738437633803935
4277,PSMB7,2102.66809586233,-0.144600448827887,0.045674790132421,-3.16587002170474,0.00154619867392734,0.00739392940002388
4279,IMPACT,963.762787476628,-0.186539077732077,0.0589588556774395,-3.16388565532245,0.00155677945447653,0.00744263549900127
4288,SLC3A2,6025.86371977887,-0.325321789681966,0.102898824358503,-3.16156954863288,0.00156921340431239,0.00748451564948641
4304,AIF1L,570.115027131135,-0.665814934770079,0.2111107514452,-3.15386559051167,0.0016112327542682,0.0076582222244574
4320,SLC7A1,2939.61701120661,-0.189470366766714,0.0601998456742118,-3.14735635357084,0.00164754035741535,0.00779998451553943
4328,TBC1D13,698.403275422192,-0.244844727216031,0.0779111184617785,-3.14261599692151,0.00167445352329897,0.00791457849494618
4363,BOLA3,183.930317377583,-0.250634065340907,0.0800547643088032,-3.13078262742878,0.00174341152664582,0.00817441430222175
4364,RAP2B,991.465960366506,-0.204248835584795,0.0652573817185685,-3.12989626929327,0.00174868040492418,0.00819723992748255
4365,GLOD4,1196.36632145342,-0.141662563096009,0.0452699491176449,-3.12928478730702,0.00175232383600885,0.00821172908103648
4369,GATAD2A,1717.21389477423,-0.154601151907167,0.0494315883592911,-3.12757807383117,0.00176253001134488,0.00825270689908041
4379,SMC2,1557.43955194854,-0.217366317403326,0.0696223164503146,-3.12207821408021,0.00179579222741318,0.00838541921848697
4383,ZNF518B,634.302110331827,-0.276319632727932,0.0885221214288629,-3.12147549412251,0.00179947223969674,0.00839685301265426
4393,DHX32,908.550501170509,-0.262405098911188,0.0841473968660147,-3.11839829494675,0.00181836887885857,0.00846742827953451
4399,LTBR,2568.29281442031,-0.241088055074563,0.0773710925857184,-3.11599651778815,0.00183324437243431,0.00852527395473714
4402,NSD1,3565.72587190438,-0.171737810624479,0.05515239104311,-3.11387788228872,0.00184645895451606,0.00858087479157998
4406,BRF2,72.4752356256336,-0.381873842941356,0.122672834545487,-3.11294545655712,0.00185230246867014,0.00860021597857128
4407,KIF1C,3666.44595476295,-0.181382804668153,0.0582727319017244,-3.11265318698377,0.00185413761723916,0.00860678312590459
4417,GDE1,1223.71966601845,-0.226611440702967,0.0728612926425049,-3.11017595878843,0.00186975924104367,0.00865577132501876
4436,ZNHIT2,95.3643299325389,-0.369969813816426,0.119268400672638,-3.10199358530766,0.00192222123641466,0.00886357066847956
4439,PXN,2447.06142055865,-0.22483793882108,0.0725056875476078,-3.10096968149499,0.00192888039228913,0.00888918814711845
4447,FOXM1,2470.42295226029,-0.474304260491635,0.153098898706247,-3.09802529279906,0.00194814801140694,0.00896183131759655
4473,LAPTM4B,4333.15927961491,-0.19396311651333,0.0628075725487416,-3.08821227508523,0.0020136457906549,0.00920928950132514
4482,RRS1,526.563200554644,-0.19839374371369,0.064288502894721,-3.08599103697562,0.00202874937531096,0.00925973359454178
4486,GIPC1,1292.70233794684,-0.187332751258061,0.0607423727607195,-3.08405389423977,0.00204200600156752,0.00931065259063453
4506,COX5A,1685.9042903334,-0.155290913754128,0.0504829364958192,-3.07610698848687,0.0020972257767548,0.00952129332336284
4508,SSU72,1545.54685539539,-0.140441897365672,0.0456663978672249,-3.07538811740762,0.00210228786634632,0.00953580995162898
4513,FGD4,447.421367324194,-0.470866583803992,0.153175758044449,-3.07402809566874,0.002111895426377,0.0095709004735034
4516,ZBTB2,673.067555005011,-0.215558649154171,0.0701278911103107,-3.07379340432608,0.00211355741729617,0.00957509834055144
4526,C19orf47,356.517614551722,-0.272604267636988,0.0887861957982579,-3.07034517231041,0.00213811510354967,0.00966403461628712
4536,U2AF2,4421.54379020021,-0.158274153545182,0.051606067102603,-3.06696794449579,0.00216242045594547,0.00975234463564295
4538,RAB1B,2019.15645261724,-0.263331705451391,0.0859207684912853,-3.06482018347054,0.00217800903058346,0.00981831880534284
4548,SDCBP,2767.90694387901,-0.206718878292922,0.0675160691740582,-3.06177300932605,0.00220030238893407,0.00989594608969737
4554,FAM174B,76.0139845855777,-0.5388249736428,0.17607997035525,-3.06011508609237,0.00221251954755984,0.00993884769091602
4569,IPO13,872.903011322835,-0.189697118851269,0.0621614368167586,-3.05168491215002,0.00227560837047927,0.0101886890862102
4598,LINC01116,9.54593715752884,-1.76897833146291,0.581431771804895,-3.04245212808308,0.00234659139122582,0.0104402392540902
4611,GPS1,2220.08178232623,-0.286763473142249,0.0943842220668202,-3.03825646768833,0.00237951347251397,0.0105568655621814
4629,CD81,3026.95266479329,-0.180706982876821,0.0595831861772374,-3.03285195825693,0.00242254413397111,0.0107059808487032
4631,RNF40,1199.6420458634,-0.224074898456177,0.0739080113566659,-3.03180797782306,0.00243093792717761,0.010738436013015
4634,NPEPPS,2156.11454676584,-0.142216019269442,0.046927107384206,-3.03057288626545,0.00244090265691555,0.0107693500510833
4644,SNHG7,781.050827463301,-0.241987471758415,0.0799627167146403,-3.02625375550941,0.0024760440886209,0.0109070701810762
4650,GYG2,12.4639734769181,-1.07584471558558,0.355843450117435,-3.02336523330844,0.0024998034245014,0.0109975222914033
4674,ENOX1,45.5527978228438,-0.725729985507267,0.240611647828481,-3.01618808589267,0.00255974424938176,0.0112033992532312
4678,MIDEAS,1292.2736560844,-0.160215774722316,0.0531465603317498,-3.01460289663568,0.00257315911671657,0.0112524831232729
4693,SPRED2,636.383570517232,-0.260829951408593,0.0867440698134421,-3.00689086838504,0.00263934496954685,0.011505024513535
4694,CTCF,1696.7069699451,-0.319392208804107,0.106242012715025,-3.00627031286407,0.00264473774635933,0.0115239052085042
4707,PPP5C,1319.14229138829,-0.18860949416533,0.0628270134264289,-3.00204456457561,0.00268172914046038,0.0116550102031863
4710,IMP4,1207.86968280669,-0.150089649105551,0.0500185870603338,-3.00067750663386,0.00269379694904547,0.0116984086351145
4718,ACLY,4896.92202505959,-0.123499525855737,0.0412092140194446,-2.99689107871515,0.00272748146137697,0.011826216247433
4732,HES6,227.154373154363,-0.450066146559261,0.150509742571965,-2.99027915979636,0.00278722591814492,0.0120474591778699
4749,SOCS6,719.029074441908,-0.468124650360609,0.156933924051921,-2.98294108930668,0.00285492940001258,0.012298018685209
4752,TUBA1A,343.545203928216,-0.5068121608309,0.170018688802375,-2.98092030000305,0.00287383575512242,0.0123716452109721
4755,AAMP,1522.966629207,-0.132829643082698,0.0445787086779256,-2.97966556282219,0.00288563242877508,0.0124145915027238
4773,CREBBP,2236.30895545599,-0.201223498957961,0.0677381144396671,-2.97060968735979,0.00297209248936768,0.0127383398397223
4779,FAM120A,4599.73534053185,-0.127357645064227,0.04292997879457,-2.96663657053415,0.00301076613224737,0.0128825021475391
4785,MFSD5,422.66677878922,-0.259178590267203,0.0873992602501639,-2.96545519407548,0.00302235367407798,0.012921272541403
4788,NUP153,2210.41550602128,-0.142268484398328,0.0479845893410443,-2.96487864858388,0.00302802348384376,0.0129359461338574
4885,HSPA9,8834.66923142135,-0.130892354386391,0.0447058595933659,-2.92785678604454,0.00341307216479038,0.0142929820419891
4893,DEAF1,297.558714992895,-0.271696297105632,0.092907322934437,-2.92437978540575,0.0034514336382772,0.0144299975348941
4896,PPCDC,209.400856480626,-0.362945457085586,0.124119469826875,-2.9241621607942,0.00345384767398208,0.0144312422113258
4897,MYBL2,2748.22048348603,-0.387260798075725,0.132441453487051,-2.92401501100702,0.00345548082722914,0.0144351176807487
4899,SNF8,709.019129096005,-0.157454204887028,0.0538665553455937,-2.9230420225842,0.00346629731520594,0.0144743915446352
4905,MAP3K11,1771.13896498105,-0.173008441315019,0.0592007086425162,-2.92240490497725,0.00347339669066646,0.0144862948218071
4910,CENPX,1122.82477985616,-0.351382671892671,0.120341569453736,-2.91987775701859,0.00350168713158566,0.0145894121488489
4918,FBXL15,136.131255217141,-0.332724164380577,0.114095847802265,-2.91618118265977,0.00354344662252761,0.0147393833991556
4919,HSPBP1,735.874857635557,-0.238226789459451,0.0816934196190819,-2.91610744868129,0.00354428417073559,0.0147398701526201
4929,ARMC7,417.801678279611,-0.304180317777205,0.104454769297301,-2.91207687139149,0.00359034265807662,0.0149011239107879
4932,NARS2,428.281805878816,-0.215377183118852,0.0739792347755874,-2.91131942324341,0.00359905874909093,0.0149282126581819
4942,SLC16A3,3078.20074063733,-0.532003551895896,0.182973217730904,-2.90754875764554,0.00364273552522666,0.0150788022338247
4945,SPATA20,1602.98975850276,-0.25068887549439,0.0862777231200527,-2.90560374600479,0.00366545313327057,0.0151575044971328
4964,ACTR1A,1774.35191076332,-0.164882060668918,0.0568347498984497,-2.90107831852034,0.00371880920259149,0.0153254794233308
4965,RAB35,1284.98992416797,-0.126632249828906,0.043659643665053,-2.90044167104065,0.00372637184454741,0.0153535526332138
4984,DOLK,411.121447910504,-0.182978490309175,0.0632417676181738,-2.89331714151191,0.00381196181472604,0.0156463288209973
5001,CHD3,5427.8313783694,-0.238494992926508,0.0826761425457947,-2.88468941078625,0.00391799989370257,0.0160268993852176
5015,DENND2B,215.038410462981,-0.302448550542839,0.105071439058582,-2.87850393268347,0.00399566298922419,0.016295991082556
5016,ADI1,97.8457959318939,-0.428657234262276,0.148916957050218,-2.87849847830105,0.00399573208535468,0.016295991082556
5027,COMMD4,942.560332018154,-0.256575635503182,0.0892643522786612,-2.87433481511428,0.00404879498938368,0.0164775021524006
5031,POLR1D,1341.84444264615,-0.199660386312804,0.0694755693296936,-2.87382152084747,0.00405538065472795,0.01648994674096
5039,SLC25A13,672.984346282063,-0.364675790181738,0.127052874229463,-2.87026792894993,0.00410124124660434,0.0166499488354406
5055,GOT2,4451.84363945734,-0.186566476234286,0.0651864531801703,-2.86204367828743,0.00420918895213938,0.0170332342972405
5058,MDH2,3260.87317838388,-0.241500512267104,0.0844053297920876,-2.86119979463362,0.00422040991837379,0.0170693803282271
5062,TUBGCP2,1279.04962928052,-0.12369524770978,0.0432417779055907,-2.86054953567918,0.00422907479360649,0.01709090933481
5064,ISYNA1,1779.71381694167,-0.265940839372763,0.0929904622514549,-2.85987221628852,0.00423811741032221,0.017120688756509
5066,UPF1,2583.48294393884,-0.15203266337336,0.0531814511233186,-2.8587535721961,0.00425309037929615,0.0171743920034073
5068,LRWD1,554.422643516753,-0.216232759226487,0.0756736983772974,-2.85743612197178,0.00427078586545238,0.0172390423144355
5080,MON1A,170.78688768747801,-0.230301988131442,0.0806814327014528,-2.85446081483993,0.00431099495226407,0.0173602408933988
5091,GTF3C4,2352.08496635757,-0.143468938313764,0.05033659680541,-2.85019145947396,0.00436929191513098,0.0175569838357562
5098,RALBP1,1462.65279219122,-0.155321247507927,0.0545783332038655,-2.84584080147259,0.00442943332938907,0.0177742090269345
5105,ALDH9A1,968.734089224632,-0.155538327345896,0.0547241006466681,-2.84222719986109,0.00447995528649467,0.0179522909492305
5108,NIF3L1,554.519604885024,-0.149632173606672,0.0526740378182936,-2.84071963730689,0.00450118651511732,0.0180246410045758
5121,RANBP1,2710.63694003903,-0.187048312664738,0.0659275569430122,-2.83717949425038,0.00455140169816288,0.0181812579223862
5145,MAPK14,1284.05529764963,-0.105541772106468,0.0372896813482877,-2.83032110466974,0.00465013082265989,0.0184893539823427
5146,SART1,1844.25154184728,-0.125783292418333,0.0444490091649334,-2.82983343794231,0.00465722427585146,0.0185033826424429
5152,HEBP1,476.457954830872,-0.209001502573317,0.0738704544978905,-2.82929763995543,0.00466502912605522,0.01852338913659
5169,GPR19,23.4511052963404,-0.595582688082492,0.211405149896246,-2.81725723509949,0.00484357156992893,0.0191690740193531
5170,FBXL19,889.491288974193,-0.261040690136331,0.0926692468723936,-2.81690743096021,0.00484884987819901,0.0191862518294617
5177,SART3,1478.57811118798,-0.149438556005028,0.0531003165786823,-2.81426864534028,0.00488883537285843,0.019318312772371
5180,EDF1,2225.6509881458,-0.16536545474954,0.0587881472823519,-2.81290468221955,0.00490962021601386,0.0193892086407327
5181,TBC1D7,250.593201046882,-0.241565026150342,0.0858931312697218,-2.81239049711413,0.00491747638294391,0.0194156310448686
5191,GID8,1573.04053745023,-0.142168637854446,0.0505930499282535,-2.81004284296079,0.00495349055486927,0.0195210087229745
5220,PPP2R1A,3542.94357046189,-0.132903933346954,0.04745787228357,-2.80046127126869,0.00510296303400111,0.0199983361660078
5224,ZNF358,165.110011137935,-0.499330383080815,0.178419686140608,-2.79862830095612,0.00513201764367608,0.0200968003324429
5230,RAC3,544.181726265995,-0.374448721423007,0.133898579881732,-2.79651002836435,0.00516578077873112,0.0202058082964632
5249,BCOR,638.210685233646,-0.345664351369729,0.123861956451076,-2.7907225210532,0.00525905363725703,0.0204961821789611
5254,COQ4,868.220933092319,-0.150670818681582,0.0540395082553615,-2.78816043198605,0.00530082858707022,0.0206393320147879
5266,RAI1,1615.54479669471,-0.271807614308623,0.0976553178427838,-2.78333653827443,0.00538029660065123,0.0209010116899966
5279,COX6A1,805.482352407325,-0.16884491632846,0.0607510285132108,-2.77929313232522,0.00544773400345888,0.021110872231248
5286,SMARCC1,3207.01916338883,-0.166533690555847,0.0599878495307187,-2.77612369602561,0.00550112747425378,0.0212895506509288
5298,COL5A1,1457.122700295,-1.14289757474727,0.412154853779824,-2.77298099067837,0.00555453653103967,0.0214484575918099
5323,RNF25,286.800916664467,-0.306963633612582,0.111026692419023,-2.76477328941836,0.00569623696685953,0.0218964934163713
5331,FIBP,1855.16819885822,-0.200770937757285,0.0727320549441297,-2.76041888148919,0.00577272920314413,0.0221424106646058
5332,RFX7,955.374126389743,-0.286461115767237,0.103771661819786,-2.76049463546913,0.00577139058362303,0.0221424106646058
5339,FRAT2,173.238402606618,-0.278795203587417,0.101044509735458,-2.75913262697126,0.00579550088627788,0.0222061362859312
5350,SRM,1423.92565161418,-0.240212923954107,0.0871857525745509,-2.75518553044209,0.00586588625226361,0.0224296140303844
5357,MED27,456.126444548385,-0.199824600154059,0.0725993461769211,-2.75242974870732,0.00591548367667955,0.0225897049792484
5358,RXYLT1,297.662325268574,-0.274979104353175,0.0999474313529068,-2.75123733177538,0.00593706121069899,0.0226678725620137
5363,ZKSCAN4,95.894764306164,-0.274040987820913,0.0996864530337518,-2.74902937642017,0.00597720290031286,0.022803040174447
5370,ANKRD17,2966.67462010903,-0.101200093178496,0.0368410617092885,-2.74693747908412,0.0060154600373372,0.0229158782092751
5372,PMS2,366.729314337154,-0.234310535529634,0.0853163767512908,-2.74637231973273,0.00602583359354212,0.0229468499298382
5382,MBOAT7,16.8002059419414,-0.732143372971499,0.266915468181556,-2.74297843418162,0.00608846839420257,0.0231434060411173
5386,VGLL4,446.375961051116,-0.183673668545579,0.0669742257848531,-2.74245303164248,0.00609821704247424,0.0231598759921626
5407,M6PR,1759.23914570581,-0.134890163596837,0.0492904606470536,-2.7366383236449,0.00620704936800911,0.0234839298911342
5420,MRPS18A,186.56528852735,-0.212898732296518,0.077932127932536,-2.73184805733547,0.00629801786072186,0.0237665654633439
5423,HSPH1,4777.63961719462,-0.349109443735232,0.127833422314897,-2.73097158327857,0.00631479162735958,0.0238210754786825
5424,TRIR,1348.70863314488,-0.166579032907828,0.0609980092622966,-2.73089294097327,0.00631629863038764,0.0238223674560914
5442,NCLN,1884.23673509736,-0.203410740633581,0.0746304228285116,-2.7255740075463,0.00641897842709676,0.0241273508609949
5444,SLC18B1,485.881200982487,-0.157066841293802,0.0576335636649345,-2.72526686371407,0.006424953322213,0.0241431429302923
5449,USP51,42.5240254521089,-0.439856413379062,0.161564554801248,-2.72248089266955,0.00647937801880724,0.0243253140265626
5451,FOXRED2,2991.71379039799,-0.199289514521326,0.0732121465895945,-2.72208265710994,0.0064871914433325,0.0243457118613563
5452,ILF2,4440.19421019466,-0.181226132038364,0.0665911779997687,-2.72147358677141,0.00649915786380533,0.0243861468121544
5455,CDC45,803.656654594378,-0.236040683087377,0.0867562234674049,-2.72073487818496,0.00651369793224616,0.0244272628047589
5467,PPDPF,1376.27883224003,-0.186502916461024,0.0686201810082856,-2.71790184346067,0.00656973247687625,0.024583321251044
5469,PEBP1,4424.89140460914,-0.17179781228107,0.0632175845307902,-2.71756368985272,0.00657644968920161,0.0245994571753515
5473,PSMB5,2169.63019530553,-0.212308073401486,0.0781782299701267,-2.71569301943282,0.00661372111348043,0.0247195137964816
5476,ANKRD11,4349.46576812237,-0.198148702089938,0.0729934160025967,-2.71461061752321,0.00663537363902152,0.024788137058704
5500,REEP4,861.848053084639,-0.297822866433639,0.110042301349884,-2.70643982159824,0.00680089072423927,0.0252956039174114
5501,PPP4R1,1811.29804289164,-0.125292435743022,0.0463007853668528,-2.70605422241326,0.00680879276194423,0.0253203914799297
5505,ACAP3,1120.78042267283,-0.349518486733243,0.129236890242848,-2.70447924022674,0.00684115442546844,0.0254222517859778
5512,PARP1,4724.05535373842,-0.18448472578899,0.0682597523096564,-2.7026867157689898,0.00687815410493226,0.0255272856539549
5514,TSPAN17,1066.48417947234,-0.149800976502847,0.0554299932893769,-2.7025256113743,0.0068814882663059,0.0255303963481719
5517,BPTF,2451.36862112732,-0.14452919530111,0.0535003777829302,-2.70146121000333,0.0069035532648384,0.0255983304583649
5526,METTL13,874.7813020992,-0.207785886034582,0.0771189148718891,-2.6943569729911,0.00705245874826904,0.0261078806755953
5534,CHST10,103.481608345638,-2.4887424809698,0.925230231036147,-2.68986290923796,0.00714813772315272,0.0264238260575597
5537,PFKP,2574.07773983767,-0.162687345400419,0.0605010244725415,-2.68900149739208,0.00716660977310708,0.0264777562088589
5539,POFUT1,2533.73611355693,-0.188960357763768,0.0702837864630318,-2.6885341168003,0.00717665016795787,0.026505277574637
5551,MRPL12,439.644408062942,-0.169392237632624,0.0630749530337787,-2.68557057096672,0.00724060822573902,0.0266805937409934
5558,HDAC2,2654.31099630906,-0.144103592796427,0.0537136792514627,-2.68280994347456,0.00730064667838027,0.0268710559733043
5563,GIT1,1513.83441232963,-0.133748319437665,0.0498746649223054,-2.68168858168806,0.00732516149084121,0.0269370534995755
5597,NCL,15397.3917473529,-0.203797589589421,0.0763035051666566,-2.67088109706495,0.00756524397811583,0.0276509194318948
5611,NAA35,1049.98941477996,-0.163940201950408,0.0614904705310196,-2.66610745591394,0.00767351615832421,0.0279766743986524
5613,DPCD,239.751446559972,-0.359212258920819,0.134777948001432,-2.66521537274778,0.00769390306419591,0.0280410074798247
5616,AIFM2,606.691992702719,-0.20970995123237,0.0787285877788057,-2.6637077731099,0.00772846681642082,0.028154641592372
5617,THRAP3,3641.54729005752,-0.13819528748843,0.0518966962978173,-2.66289180905418,0.00774723186896003,0.0282152612325646
5627,H2BC5,192.013628012038,-0.592329288857484,0.22282479344859,-2.65827370325442,0.00785420777669801,0.0285489567320382
5628,IGFBP6,856.215449284588,-1.01880130444364,0.383252990793251,-2.65829968432847,0.00785360225632728,0.0285489567320382
5636,SLC35B1,910.495899973889,-0.150872799117847,0.056821429894147,-2.65520947640546,0.00792591730607048,0.0287687172339042
5657,ESRP1,1917.84876300544,-1.36262055661849,0.514493192748835,-2.64847149743279,0.00808566671250067,0.0292396117973531
5662,CDH3,2680.92801143775,-1.51312512545175,0.572085746884633,-2.64492715242718,0.00817085055624858,0.0295215630217551
5667,CAMSAP1,1395.25140521879,-0.12613888927567601,0.0477287401500301,-2.64282880459806,0.00822165937462941,0.0296789281501313
5672,SLC19A1,82.7889562954541,-0.353466010618001,0.13386782128801,-2.64041057228785,0.00828056431219176,0.0298650892663567
5675,TANC1,976.470761008574,-0.287165104039849,0.108781756859006,-2.63982778299904,0.00829481663348296,0.0298979646923877
5690,MFSD9,241.783056183801,-0.182338952827508,0.069123938833440507,-2.63785536392635,0.00834321583002532,0.0299990195054541
5707,POSTN,5.57412382113709,-2.13130695856249,0.809628192345129,-2.63245151134011,0.00847711224517938,0.0303865928157762
5765,KIF1B,1533.38528515856,-0.161337062452227,0.0617457920729954,-2.6129240072181,0.00897712605674737,0.031855172201714
5777,DYNC1H1,9623.31980190988,-0.152067913678751,0.0582684886442817,-2.6097796118773,0.00906005704525834,0.0320878954191533
5780,CLN6,665.390824326562,-0.213320461904678,0.0817573580122918,-2.60918976702509,0.00907568971751142,0.0321213468081542
5795,COX8A,948.401813883446,-0.221630257925182,0.0850528666995012,-2.60579409637325,0.00916615452504287,0.0323575536011738
5800,STRADB,209.464937938368,-0.406719871135275,0.15617473972596,-2.60426155887276,0.00920724615129452,0.032474592158109
5804,TLCD1,186.110707327128,-0.242030262651487,0.0929928701580492,-2.60267547651918,0.00924994651414497,0.0325970983358938
5806,MOSPD3,189.622503175676,-0.294337128659591,0.113102997201726,-2.60238133331358,0.00925788480791369,0.0326194539296401
5808,LAMTOR2,363.479531327074,-0.172050199389063,0.0661478785795607,-2.60099345713902,0.0092954226814692,0.0327404376368484
5809,MGST3,712.952402957816,-0.203308730635006,0.0781833959948677,-2.60040802843038,0.00931129745004892,0.0327891087696729
5821,HSPB1,2643.37090418449,-0.395695187653812,0.152336596826181,-2.59750575959964,0.00939035454118375,0.0330009419084343
5850,ILKAP,432.792718369513,-0.201547179231104,0.0778615096323737,-2.58853418309917,0.00963853800578945,0.0337052259802453
5869,C8orf58,116.921112388547,-0.244938058435871,0.0948912699568803,-2.58124966129311,0.00984433601714776,0.0343104772203104
5871,FPGS,1225.07763527508,-0.13540729085841,0.0524610409730848,-2.58110186810591,0.00984855160227109,0.034316440151194
5884,ESRRA,456.866356160869,-0.307984988199697,0.119532323023269,-2.57658330742676,0.00997821575879896,0.0346914275625
5896,NIBAN2,4015.32022347226,-0.250257812371111,0.0972659866885761,-2.5729221580035,0.0100843886061225,0.034985906022402
5915,ADM,427.542737032747,-0.914671732942004,0.356354190948698,-2.56674891491225,0.010265691631544,0.0355038467804726
5949,PPME1,1611.56341090163,-0.338963674248392,0.132694761290594,-2.55446161515059,0.0106352155274193,0.0365654796713304
5953,UBQLN1-AS1,22.2416667768948,-0.57508793497717,0.22525770165258,-2.55302229738693,0.0106792659365156,0.0366984282316983
5958,STRBP,666.481074366021,-0.18751519784895,0.0734847467225238,-2.5517567415317,0.0107181323162116,0.0368010796899531
5959,BLOC1S5,218.979210703265,-0.187047759771956,0.0733296467469559,-2.55077950146707,0.0107482302550006,0.0368982289522649
5969,PPP1CC,4352.18785115786,-0.108990501891717,0.0427925375294559,-2.54695113176438,0.0108668649675249,0.0372429982644758
5983,SCMH1,554.488541914902,-0.151917881706056,0.0597105381311092,-2.54423903151706,0.0109516112414462,0.0374393568125444
5993,LMNB2,4725.74186405566,-0.271770659514999,0.107030382805698,-2.53919169857001,0.0111108924422033,0.0379268357567417
5996,KHSRP,6019.16138808088,-0.148455245518391,0.0585258747843725,-2.53657456749423,0.0111942899802586,0.0381923932832137
6001,ECHDC3,27.7182875142962,-0.624653825513789,0.246431548326828,-2.53479649726239,0.0112512666977212,0.0383548013389907
6002,ATP2C1,3035.4983305574,-0.149849288428518,0.0591358717990157,-2.53398290867866,0.011277423205592,0.038437561898833
6004,VWA8,645.864202013796,-0.162141033403827,0.0640030172664069,-2.53333421343136,0.0112983171405626,0.0384959483251982
6007,RHNO1,890.485686590533,-0.23135065077617,0.091355930199306,-2.53240977648025,0.0113281518785668,0.0385719046238085
6012,FBXO11,776.698820257277,-0.197259627889449,0.0779239821060878,-2.53143669712482,0.0113596320181837,0.0386533586487
6023,LSR,1757.41550485446,-1.25616460792054,0.496728210143595,-2.52887712489171,0.0114428079938231,0.0388735717195306
6028,VDAC2,994.494596785558,-0.129617897940825,0.0512672654582275,-2.52827797196317,0.0114623560018642,0.0388929203400458
6058,RNF144A,179.335024862352,-0.594030176868599,0.235674889814008,-2.52054929287292,0.0117171825655402,0.0395672505353674
6131,PRMT5,1289.4451124132,-0.144761524006899,0.0579273235566758,-2.49901972193251,0.0124537380068625,0.0415402117081993
6135,KDM1A,4267.65837524424,-0.162698132845057,0.0651111094840119,-2.49877684675314,0.0124622758634289,0.0415551389304261
6136,NUDT16L1,389.141076975766,-0.201774977761319,0.0807779082438047,-2.49789802865803,0.0124932125197865,0.0416515072550965
6141,ZNF746,520.60787563757,-0.207155923942972,0.0829784098576462,-2.49650390141675,0.0125424289052764,0.0417815450440059
6149,ZSCAN25,363.402252255665,-0.259530280978391,0.104078218009254,-2.49360803770982,0.0126452095461991,0.0420691253352733
6158,TMEM203,645.924563724791,-0.148313185373995,0.0595501280125794,-2.49056031151882,0.0127541847074348,0.042366426598394
6172,PSMD3,3208.64116497877,-0.172747805538892,0.0694710407678298,-2.48661605799473,0.012896449695474,0.0427447635489818
6175,SH3RF1,613.693795477319,-0.234712582393695,0.0944080982370929,-2.48614882384609,0.0129133949935247,0.0427666053719501
6205,NDUFB11,940.677992195791,-0.115114401756382,0.0464908281966583,-2.47606691946727,0.0132838677085034,0.0437950171978815
6211,CERS6,926.048751295833,-0.275358315431498,0.111251157739909,-2.47510516767161,0.0133196947201495,0.0438707124279662
6219,FKBP7,102.209788776205,-0.510422632467847,0.206593700444754,-2.47065922808397,0.0134864264619404,0.0443627313284957
6221,CDK2AP2,813.496500574648,-0.266521448500529,0.107918125600933,-2.46966343249965,0.0135240226385461,0.0444702138055027
6234,DGCR2,1881.20907001337,-0.200212608000967,0.0812262620010376,-2.46487531333659,0.0137060937589279,0.0449768302897637
6236,ZNF703,108.047797627729,-0.515799445111043,0.209371997662047,-2.4635550640521102,0.013756676307012,0.045128339835238
6240,RPTOR,1076.50027194936,-0.249069035891619,0.101139011386057,-2.46264060206105,0.0137918085481827,0.0452122516776047
6243,IGF2R,3399.120148158,-0.157643651934953,0.0640390637440798,-2.46167952368802,0.0138288170888123,0.0453141296149021
6245,PATL1,1954.75508650689,-0.131438998790255,0.0534246593378565,-2.46026835583615,0.0138833162660556,0.0454781426508726
6251,CD320,985.631569756167,-0.265316392333782,0.107884193075208,-2.45927030430514,0.0139219753271653,0.0455661121727912
6254,CENPO,458.758880090543,-0.251285055055484,0.102209711225447,-2.45852426391478,0.0139509348930949,0.0456119985788785
6263,GET3,1007.52383933496,-0.203989704684362,0.083040343702946,-2.45651325112622,0.0140292628058183,0.0458241464503632
6266,LRRN4CL,2.3996839941392,-1.53264486557549,0.624141008586766,-2.45560673708308,0.0140646978044632,0.0459178938694387
6268,XRCC6,12146.2868294461,-0.165907634359303,0.0675747457454658,-2.45517215831235,0.0140817131775694,0.0459587757615727
6270,UBE2E1,420.367670949244,-0.187466600319254,0.0763750856231441,-2.45455175322836,0.0141060358209538,0.0460234728531502
6272,TRIB2,197.219088637468,-0.898177765502046,0.365988301273918,-2.45411605337029,0.0141231393503563,0.0460645825398977
6282,MREG,209.545579201498,-0.174765690562203,0.0713279119055569,-2.450172532649,0.0142787777345148,0.0464914555372341
6306,L1CAM,518.654308191404,-0.473039489348975,0.193386114422954,-2.44608818353107,0.0144415673481071,0.0468492139613426
6314,METTL9,39.865835193036,-0.387269642432872,0.158453474016695,-2.44405902007594,0.0145230504726819,0.0470538554829988
6321,PRAG1,9.44914356292598,-0.724144762427014,0.296598877599653,-2.44149528915096,0.0146265791617341,0.0473404091992877
6322,GLE1,1290.62800535221,-0.127097156453551,0.0520624213869632,-2.44124558688653,0.0146366973347778,0.0473620558964805
6324,HEXIM1,1426.05832168134,-0.130991195846485,0.0536634569727917,-2.44097572604948,0.0146476392894341,0.0473824726350336
6330,XXYLT1,354.55926175275,-0.206880589033667,0.0848305159339446,-2.43875198395304,0.0147380794603483,0.0476298406825188
6333,ARAP1,1234.56039725907,-0.270902180843761,0.111137723336016,-2.43753581333234,0.0147877493288953,0.0477677227255977
6334,BTBD9,204.541417833675,-0.223520304620769,0.0917141451250164,-2.43714101370171,0.0148039051072802,0.0478123597694397
6338,NCOA6,1512.73229445661,-0.115277918276548,0.0473282805568784,-2.43570898668099,0.0148626363538602,0.0479641823459406
6351,TIMELESS,2648.91514285345,-0.163807316704461,0.0673498556468706,-2.4321851194951,0.015008034579884,0.0483342826512416
6356,WRNIP1,977.361576853849,-0.11060686310307,0.0455018162087817,-2.43082303782246,0.0150645702876819,0.0484858266795325
6361,MRPS34,1323.58253474299,-0.159548081005689,0.0656507921124607,-2.43025370862823,0.0150882568793903,0.0485238910519867
6376,DTX4,417.737076190751,-0.379549027649312,0.156453239867878,-2.42595824777956,0.0152680266927716,0.0489726862606909
6388,PEX26,902.926014111516,-0.129331624606795,0.0533692395930708,-2.42333646858979,0.0153786754777059,0.0492354806791583
6431,GNA12,858.426163936691,-0.194657804193026,0.0806534791462068,-2.41350783938477,0.0157997879948797,0.0502662689747703
6434,FUCA2,1400.28455440532,-0.208237258653603,0.0863125831412248,-2.41259444538793,0.0158394331296256,0.0503603569305942
6445,VANGL1,1215.14928062862,-0.285297443604423,0.118346688159052,-2.41069224701073,0.0159222774423229,0.050538716778526
6456,CCDC86,741.843699526168,-0.232381725852782,0.0965650119573427,-2.40647954308167,0.0161071060914092,0.0510230652918668
6457,LINGO1,104.435200536596,-0.470605365000557,0.195557950550854,-2.40647523496202,0.0161072960675991,0.0510230652918668
6484,SNRPC,1240.66904198845,-0.124519868737919,0.0519223993123158,-2.39819173202929,0.016476238426423,0.0519824814141481
6487,MITF,149.747669785721,-0.337951184354432,0.140969817526266,-2.3973300830262,0.0165150387314527,0.0520807996499658
6497,SEC61A1,5790.31400364218,-0.151777561651576,0.0634461946757096,-2.39222482021738,0.0167465807767053,0.052729691080354
6505,ATP7A,487.250306376493,-0.279530142514908,0.116924636691696,-2.3906864320816,0.016816908746916,0.0528860111046366
6507,APP,14346.9369899602,-0.215282403875351,0.0900762536715221,-2.3900017496333,0.0168482925349435,0.0529684217592346
6520,RAB17,295.668389588062,-0.418142726948697,0.175148606022079,-2.3873597195286,0.0169698777128423,0.0532442926950328
6529,VPS35L,482.445451122499,-0.175154497438157,0.0734199038584878,-2.38565413781739,0.0170487762799878,0.0534254947278601
6533,H3C10,72.6573490672675,-0.72303212445063,0.303390798486862,-2.38317090714912,0.0171642235619724,0.053746903628849
6551,FOXK2,2237.58163999755,-0.136590043928612,0.0574401028055813,-2.37795611875785,0.017408897486946,0.0543632752084344
6554,TYRO3,610.520900014585,-0.238579351193509,0.100393527622101,-2.37644155798135,0.017480530259948,0.0545619785669448
6564,SLC43A3,236.935647605684,-0.269210946937607,0.113370165989199,-2.37461897130198,0.0175670739431292,0.0547485727688291
6574,ISG20L2,991.767786161247,-0.137013200046809,0.0577762196744646,-2.37144625970336,0.0177186231830024,0.0551249488529516
6575,MRPL41,465.909815501074,-0.157590582533883,0.066454272619134,-2.37141385080044,0.0177201771353087,0.0551249488529516
6585,CTDNEP1,555.767628710079,-0.168165193308201,0.0709883964083887,-2.3689110025921,0.0178405458354961,0.0554067171939795
6590,SLX9,263.110289464325,-0.16452889756785,0.0694795865649844,-2.36801779777382,0.0178836755808924,0.0555091160428514
6592,UNC119B,1575.8285327146,-0.142595091840248,0.0602303402197097,-2.36749603804471,0.0179089117811358,0.0555768519882729
6612,NLE1,633.001967879471,-0.139631253311713,0.0590816394069689,-2.36336118484963,0.0181100098646645,0.0560309243498854
6630,LSM4,1693.25685789716,-0.126089695583717,0.0534695602541941,-2.3581584547224,0.0183658516258802,0.0566682091569579
6653,PCBD1,672.725489778771,-0.42202347868345,0.179487137087571,-2.35127422238367,0.0187092399721127,0.057528171067114
6675,DPYSL4,46.6578458257722,-1.62665338914826,0.693765501680305,-2.34467321480888,0.0190437624676312,0.0583673025165701
6682,PCYT2,672.997056808865,-0.277886442117134,0.118602757537727,-2.34300152784171,0.0191293047611347,0.0585715841880427
6690,INTS9,289.498299096859,-0.140394433277919,0.0599883604694101,-2.34036123306804,0.0192650961703369,0.0589097268096534
6703,H2BC4,31.4910929842857,-0.727151203678763,0.311358532905262,-2.3354144076084,0.0195217824914513,0.0595812245723018
6731,PRKAR2A,1373.48558267607,-0.152609143685592,0.0655011334187527,-2.3298702743043,0.0198130085430547,0.060202639866958
6737,ANKS6,752.841894351521,-0.47164792079143,0.202611726375281,-2.32784118288314,0.0199205383733269,0.0604890089807256
6739,GPR143,14.3463112312654,-0.584709041874108,0.25125291503597,-2.32717316649003,0.0199560505846835,0.0605788584079047
6753,ABCB5,2.26121707981675,-1.92818518856355,0.830735123970218,-2.3210589427692,0.0202836628787757,0.0614457117593833
6785,MID1,470.329486318569,-0.416323770144699,0.179955345983762,-2.31348375825559,0.020696056723948,0.0624041815567713
6791,INIP,668.236767299529,-0.152426215993048,0.0659117374897912,-2.31258076024254,0.0207457003513586,0.0624937111011254
6821,CLSPN,1086.55202242954,-0.209361271732886,0.0908268583282684,-2.30505904956227,0.0211632665346681,0.0634339843955612
6841,RBMX,4819.7035274918,-0.129453006988302,0.0562410753438632,-2.3017519881477,0.021349162539059,0.0638415170386684
6842,NOP58,1537.48266953561,-0.129757854347989,0.0563776227966852,-2.30158435051323,0.0213586235116029,0.0638604737177523
6843,PFN2,1937.16637268198,-0.326549639402749,0.141885680987835,-2.30149820002448,0.0213634870107311,0.0638656808093711
6864,LRCH4,226.629971925545,-0.214483295973912,0.0934065640935026,-2.29623365397755,0.0216625252692856,0.064561520896529
6874,ISCA1,468.126918245236,-0.130324233818138,0.0568066773773593,-2.29417103472557,0.0217806763840608,0.0648091773322802
6885,FKBP10,1810.38087024075,-0.149465326263006,0.0652230053644979,-2.29160440289007,0.0219284811891724,0.0651548205790706
6886,GOLGA1,729.085963957117,-0.163330212767078,0.0712792982657772,-2.29141162638938,0.021939617774386,0.065178443335843
6889,MFSD14B,1509.06598503989,-0.131068402909146,0.0572171464356026,-2.29071897279363,0.0219796725793791,0.0652595300372074
6897,TUBB6,2647.84326418938,-0.155763836898738,0.0680589930515087,-2.28865914576274,0.0220991644924443,0.0655390832853822
6911,PAPSS2,1021.53306533093,-0.44334641035683803,0.193950395117791,-2.28587526252566,0.0222615570277979,0.0659013617917495
6924,FTSJ3,1613.99323814208,-0.12931690604303,0.0566519780532132,-2.28265473663713,0.0224507139828818,0.0663211921946301
6965,FHL3,238.487014799331,-0.239810091032735,0.105567960036772,-2.27161812115346,0.0231095854251099,0.0678754901710658
6972,ALKBH4,183.383717864473,-0.248302794265668,0.109402766586187,-2.269620796747,0.0232306006957854,0.0681624208883651
6991,PSMG3,577.023932025388,-0.139952352678261,0.0617702798017248,-2.26569076791446,0.023470323190155,0.0686786441855244
7009,NRF1,374.023244366108,-0.201590663462823,0.089093967908808,-2.26267465906515,0.0236557520586997,0.0690481348985001
7014,TMEM177,256.24895789939,-0.151567805017655,0.0670417524187885,-2.26079718308762,0.0237718191215511,0.069332777839973
7026,POLR3C,539.971761184046,-0.153585951764426,0.0680143453220065,-2.25814055898488,0.0239368976889149,0.0696950065502608
7027,TSR1,1694.63173564493,-0.0959723928499813,0.0425059240284166,-2.25785922888821,0.0239544371910413,0.0696996689717265
7034,TMEM104,466.483522372164,-0.234509032994794,0.103895412279621,-2.25716446808686,0.0239977997543515,0.0697928617535923
7065,TMED3,1345.0184287794,-0.163864282074264,0.072833006805859,-2.24986292974358,0.0244576477763803,0.0708164071162948
7070,SLC35A4,1328.19786357844,-0.110129744985639,0.0489864896615882,-2.24816568295554,0.0245656270329721,0.0710804854615996
7094,NADK,1304.3366088597,-0.101048242435749,0.0450963579443509,-2.24071847576789,0.0250443165611614,0.072220409344753
7101,GDF11,363.251221734012,-0.166092633868177,0.0741652036359068,-2.23949542002962,0.0251236989895209,0.0723779059609393
7115,RTL6,1423.36532197909,-0.196003781894329,0.0877128229288145,-2.2346080692603,0.0254430906256828,0.0731538025199709
7119,DENND5B,860.628977894394,-0.430120110443671,0.192625646939591,-2.23293272353583,0.0255533812419137,0.0734296277659542
7145,PSMB6,1758.76032832092,-0.19293015556908,0.0867264358258615,-2.22458300899699,0.0261092443131508,0.0747539273497728
7149,TYRP1,94.8067350562973,-0.377513672295301,0.169802725360608,-2.22324860507144,0.0261990410067595,0.0749690560743153
7162,G3BP1,5656.14766642643,-0.111223884974299,0.0501164735549542,-2.21930788590579,0.026465785483964,0.0755948860158409
7163,STK24,1512.38989779793,-0.173795253028852,0.0783132777361993,-2.21923099189241,0.0264710136379592,0.0755992637151656
7165,BAK1,229.775105404523,-0.167182720469015,0.0753472358486378,-2.21883017453835,0.0264982803373856,0.0756560112856799
7170,GPRC5A,6763.29247292056,-0.402472452917483,0.181578327741246,-2.21652252184532,0.0266557371886869,0.0760524986986008
7182,RARA,484.719691329694,-0.195325587255929,0.0882402858559835,-2.21356476082499,0.026858733692,0.076502155202783
7192,RBM10,1366.27860114437,-0.104669601070184,0.047315227986304,-2.21217577352649,0.026954522107062,0.0766697245194893
7208,CDK4,1632.27063532849,-0.139226508299439,0.0630471621741249,-2.2082914360986,0.0272239639303336,0.0772652532823792
7219,EIF3C,103.085764215111,-0.222155565749915,0.100704534201525,-2.20601353763624,0.0273830518501311,0.0775973253495127
7221,FBXW5,1914.84528113073,-0.162977838974016,0.073904802354969,-2.20524017087853,0.0274372456890984,0.0777293636701129
7222,PUM1,2082.51909881272,-0.0793683167932548,0.0359957138780215,-2.20493798406693,0.0274584466212437,0.0777786544628611
7223,DDX23,2371.13146166158,-0.128048112067802,0.0580787842486924,-2.20473127535697,0.0274729571047123,0.0778089829006091
7234,TGFBRAP1,764.153889421671,-0.129775406878639,0.0589733606908879,-2.20057675801899,0.0277660004678543,0.0785193629486999
7242,MAPKAP1,1279.68946742289,-0.0870086154676701,0.039565002749532,-2.19913078279009,0.0278686242753877,0.0787116452853247
7244,PWWP2B,161.909877855661,-0.238579813473304,0.108513719732065,-2.19861427718438,0.0279053609156823,0.0788017921213167
7254,HOXC6,125.243390946052,-0.285200456227507,0.129818302843992,-2.19692023373811,0.028026143508121,0.079036506444118
7272,KDM3B,2252.71346065817,-0.0780075201452363,0.0355900388190089,-2.19183577016982,0.028391367250736,0.0798682893080728
7274,MARCKSL1,1909.22582858947,-0.258107691506771,0.117797515521583,-2.19111320271844,0.0284436015467889,0.0799932302505719
7293,MAPK8IP2,153.892072082919,-0.510947051650755,0.233623916631546,-2.18704942121393,0.0287389163702979,0.0806131924019176
7294,MRTO4,1248.35039629824,-0.143390522527761,0.0655689788440844,-2.18686526853998,0.0287523610383736,0.0806398477874977
7308,ATP5F1D,892.44508219096,-0.139350478989234,0.0638700783358153,-2.18178030495843,0.0291257508101348,0.0815305807776311
7325,HNRNPUL1,5816.28883167085,-0.138943709946648,0.0638023926409929,-2.17771942705135,0.0294269316701818,0.0821824902630593
7337,SUPT5H,2226.62011147699,-0.0899756765998519,0.0413561651739373,-2.17562910442564,0.0295830052556463,0.0824832409042874
7341,EIF3A,6653.11107937312,-0.06124900646689,0.0281653747897735,-2.17462067961293,0.0296585533495303,0.0826488252106445
7345,CDCA5,1243.19028727518,-0.231255483134413,0.106384398476377,-2.17377253099536,0.0297222224392332,0.0827761491477675
7353,STIP1,4511.74053187505,-0.193944932118959,0.0893151769994298,-2.17146669395501,0.0298959121632177,0.083174306422269
7356,ZNF384,803.915454132888,-0.138244146139907,0.0637036662765768,-2.17011287136449,0.0299982963433007,0.0834251153201336
7361,PPP2R2D,549.732364937507,-0.114871960125758,0.0529574676709528,-2.1691361988739,0.0300723451821081,0.083573549344674
7365,MAPK7,407.595988940167,-0.196151010767193,0.0904612921432714,-2.16834190757006,0.030132682119681502,0.0836964396635879
7369,B3GLCT,268.001701517761,-0.254441716528826,0.117375536017277,-2.1677576534464,0.0301771303347867,0.0837856268209535
7378,OAF,467.544286523385,-0.386547184976044,0.178593753891692,-2.16439363949125,0.0304341515689072,0.0843848520798503
7405,UBP1,2228.676839772,-0.157452205999617,0.0729746211086098,-2.15762964723417,0.0309566377560355,0.0855158932398279
7406,RITA1,465.47797420222,-0.178772950253577,0.0828574046405238,-2.15759775519378,0.030959119388677,0.0855158932398279
7421,EHD4,817.009375755858,-0.142133920239314,0.0659881231311437,-2.15393185159758,0.0312455166513184,0.0861300315994488
7448,EXOC6B,1012.40991185348,-0.293097653584184,0.136528090011524,-2.14679377379003,0.0318097032427051,0.0873699112830315
7464,COPS8,908.375507501319,-0.14541169194618,0.0678726069361543,-2.14242090454791,0.0321596271927535,0.0881416791910715
7468,GET1,302.983887934285,-0.160289516977435,0.0748432822205665,-2.14166872726205,0.0322201489415029,0.0882513934007819
7487,SF3B4,2032.84939342954,-0.137673299248758,0.0644385595625053,-2.13650491543367,0.0326382807514562,0.089178751079543
7490,SERBP1,6815.87639423523,-0.0737097176518218,0.0345157843012148,-2.13553651305057,0.0327172109758491,0.0893586094703531
7491,DDB1,5480.80240528878,-0.15394277393649,0.072095862857782,-2.13525114804661,0.0327405009815845,0.0894102828167499
7503,DCTN5,1840.8368350932,-0.128034161563059,0.0600322372635816,-2.13275678867178,0.0329446826873298,0.0898120167556911
7512,CYB5R1,427.049618633255,-0.132091988236144,0.0619879469555369,-2.13093020052579,0.0330948929257094,0.0901254292573533
7514,MEAK7,916.170753649144,-0.208364773598681,0.0977928976304852,-2.13067388989736,0.0331160175646244,0.090158952797381
7531,FARSA,1275.50400501845,-0.136938380613259,0.0643711145315222,-2.12732654405419,0.0333929607449172,0.0906881938521484
7541,H2AC6,593.916217286989,-0.490793668304836,0.230937352208588,-2.12522428100561,0.0335679029069157,0.0910620063342759
7549,SEPTIN2,7185.70498110384,-0.182841880711566,0.0861444702222916,-2.122502816951,0.033795536391852,0.0915823669317946
7550,COL5A3,55.1537258776314,-0.804550332695126,0.379084868787709,-2.12234884306522,0.0338084547054591,0.0916052394582221
7556,C12orf43,433.487784731979,-0.174700688565564,0.0824059272135832,-2.12000149106711,0.0340059195504738,0.0920549287076938
7581,MCC,611.72159233016,-0.208372083214295,0.0986321959792089,-2.11261729646797,0.03463353708266,0.0934682117396429
7594,SH3GL1,1040.05064470938,-0.197322238358684,0.0935369938170201,-2.10956361014437,0.0348959615533409,0.0939916636598677
7605,INTS7,1042.23112806819,-0.116457757950463,0.0552892609992878,-2.10633594744489,0.0351751808657271,0.0946067150894266
7606,EMP3,906.265054924719,-0.256470287924238,0.12176075783037,-2.10634602226719,0.0351743063526713,0.0946067150894266
7624,TTYH2,123.456721613533,-0.37025422154939,0.176117884817675,-2.10230904108742,0.0355262131125816,0.0953252546752469
7630,GYS1,1350.89007341415,-0.182868479029409,0.0870877030325418,-2.09981975252094,0.0357446999913958,0.0958360848917411
7647,C9orf40,248.160777902978,-0.184843627301327,0.0881472729963181,-2.09698633909013,0.0359947846606585,0.0962920504515615
7650,GPI,4065.8571712463,-0.230341277678441,0.109898759276047,-2.09594065661709,0.0360874555357456,0.0965018885423819
7655,PAQR7,474.076607726685,-0.160837125457351,0.0767740696987394,-2.09494072788474,0.0361762617786094,0.0966763928419351
7663,SCYL1,1973.75507132682,-0.126216590155242,0.060327277491926,-2.09219768241878,0.036420835740469,0.097228374884872
7664,SAP130,745.685252696116,-0.137498030930667,0.0657409618062734,-2.09151231063289,0.0364821640462327,0.0973793880341575
7669,PLXNB1,1690.7614806657,-0.157815346811155,0.0755109808928693,-2.08996552481625,0.0366208967049486,0.0976350428636953
7670,BCL7C,338.978316619166,-0.197077122584335,0.0942895996626316,-2.09012577515948,0.0366065028629077,0.0976350428636953
7687,MUL1,582.421938309751,-0.134996018640306,0.064703271623593,-2.08638628701245,0.0369436461424462,0.098303351864727
7712,CLBA1,300.082254192272,-0.227206014556803,0.109306085470736,-2.07862182218236,0.0376521236223119,0.0998767496034277
