...1,gene_name,baseMean.MDA24h10w_24h,log2FoldChange.MDA24h10w_24h,lfcSE.MDA24h10w_24h,stat.MDA24h10w_24h,pvalue.MDA24h10w_24h,padj.MDA24h10w_24h,baseMean.MDA24h10w_10w,log2FoldChange.MDA24h10w_10w,lfcSE.MDA24h10w_10w,stat.MDA24h10w_10w,pvalue.MDA24h10w_10w,padj.MDA24h10w_10w
12,AAMP,3752.52525127553,0.25103903118287,0.116306090862216,2.15843408820496,0.0308940978052645,0.0840357425400343,3752.52525127553,0.308971258162903,0.133883999090378,2.30775343029853,0.0210128544502779,0.0584242540965497
16,AARS1,5654.54821601361,0.914237994367374,0.129495474214405,7.05999958619154,1.6650310009209699e-12,1.05301317729673e-10,5654.54821601361,0.324503802882252,0.148990116942608,2.1780223382686,0.0294043737186615,0.0770805835456907
32,ABCA2,2738.50800980859,0.309276648995137,0.133168856248507,2.32243977839679,0.0202092675561731,0.0597837804685456,2738.50800980859,1.26649390141459,0.155253235691349,8.15760068236156,3.4174516635852e-16,1.49821742907685e-14
82,ABI2,2671.50768615217,0.620276415066893,0.097995579763772,6.32963666894089,2.4573915003571e-10,9.378338079380081e-9,2671.50768615217,0.760823093231372,0.114984850230443,6.61672465291376,3.6724460776997594e-11,7.59056035192145e-10
243,ADAMTS2,4.65540812754075,2.45359978793721,1.13146449789055,2.16851681383868,0.0301193867486956,0.0823077315657256,4.65540812754075,2.91320521234679,1.17331059276355,2.48289347280603,0.0130320053325603,0.039130595116308
270,ADCY6,1595.6087946226,0.338769999764189,0.0977850554518,3.46443531886296,5.3134590122779e-4,0.00296069012553237,1595.6087946226,0.4861117856377,0.113824256797799,4.27072224597296,1.94840946157639e-5,1.3262369064399e-4
298,ADGRG6,3105.34032890474,0.943559962269585,0.105849437444579,8.91417077926006,4.91480271331854e-19,1.19220995133486e-16,3105.34032890474,0.741890591702381,0.124523848556621,5.95781932779764,2.55625890866273e-9,3.87635040203077e-8
341,AEN,1052.03906737193,0.47791490424266603,0.138280383898317,3.45612942898753,5.4799212353877e-4,0.00303719703399832,1052.03906737193,0.485093347965578,0.157842753244127,3.07326968134743,0.00211727054121634,0.00822999150263267
346,AFDN,5618.61496413079,0.327842365544933,0.0725694732138295,4.51763463376576,6.25342665124448e-6,6.50620911517257e-5,5618.61496413079,0.310356458819878,0.0849039424414751,3.65538336495751,2.5679794116049e-4,0.00130881977550393
361,AGAP1,1456.63272032096,0.331392568589332,0.138654654415484,2.39005729729275,0.0168457444821234,0.0515829920957013,1456.63272032096,0.369979369641468,0.160970732615047,2.29842632651896,0.0215375365634894,0.0596449429517496
382,AGO2,4471.21294002638,1.24299049531129,0.181526553858379,6.84743068653763,7.51881009995314e-12,4.22676473809429e-10,4471.21294002638,0.438661839823621,0.209852113380674,2.09033796589831,0.0365874511007493,0.0921231770852951
386,AGPAT3,4501.51498623396,0.254083701752284,0.0942917968388911,2.6946533025181,0.00704619046946804,0.0255161433197014,4501.51498623396,0.520447942445247,0.109660756656195,4.74598168310056,2.0749749004126e-6,1.78054481264789e-5
397,AHCYL1,7951.0679322338,0.423558253174247,0.10614722069416101,3.99029056440991,6.59923996482562e-5,4.9812165940806e-4,7951.0679322338,0.52523786776866,0.123014611357335,4.26971936075901,1.95719074909883e-5,1.3317134800144e-4
443,AKAP8L,2165.0734994594,0.431006335948838,0.105486141739833,4.0859048292036,4.39053737363294e-5,3.5132234890326e-4,2165.0734994594,0.829161108040071,0.120960055370786,6.85483406483568,7.1395342866633694e-12,1.65728727941445e-10
469,AKT1,5611.89374730268,0.275356070704876,0.0718681163267635,3.8314079285577902,1.2741205429814e-4,8.7585895089736e-4,5611.89374730268,0.420218661178843,0.0831175986982705,5.05571224096957,4.28787462311377e-7,4.30117772443755e-6
574,ANAPC1,1400.14680253225,0.770588933800416,0.115554985300884,6.66859098976947,2.5827090998623498e-11,1.25300308877706e-9,1400.14680253225,0.398486023331286,0.135858532626827,2.9330952986651,0.00335600863004127,0.0122730543840693
576,ANAPC11,2072.59140519193,0.297970331234045,0.123575738147645,2.4112365072668,0.0158985350623161,0.0492573977244546,2072.59140519193,0.543568995107865,0.142483410412206,3.81496339493358,1.3620312193871e-4,7.502566856776e-4
586,ANGEL1,486.298757716361,0.371661388074824,0.128241051966066,2.89814675080152,0.00375374903439852,0.0151795816170653,486.298757716361,1.54543314079921,0.150023283162747,10.3012886281305,6.952365801305689e-25,8.563233686968759e-23
619,ANKRD11,7167.2385704809,0.416616577811662,0.137640706411513,3.02684132240702,0.00247123646039699,0.0107493626236084,7167.2385704809,0.525306774293261,0.158839499458778,3.3071545559081,9.4248875843481e-4,0.00408735364316664
623,ANKRD13B,560.1845963782,0.476127678047579,0.189135463584486,2.51738975348161,0.0118227963265135,0.0388924098973095,560.1845963782,1.262627334497,0.214930189205858,5.8745927650381,4.238840639250371e-9,6.2044016664727e-8
672,ANKS6,1462.57946786917,0.236641761464504,0.0913190114380629,2.59137454225516,0.00955933893611442,0.0327168097952675,1462.57946786917,0.373585508497742,0.104674407629235,3.56902433898656,3.5831314014119e-4,0.00175198966119269
673,ANKZF1,1898.90632760857,0.423488922708712,0.120215214148659,3.52275646396157,4.270836079775e-4,0.00246988782823826,1898.90632760857,0.4183509436515,0.13950679061558,2.99878552008478,0.00271058047662894,0.0102287974384835
713,AOC3,125.631279240232,3.01807143487322,0.626687210552746,4.8159135595112,1.46527948589761e-6,1.81448735218705e-5,125.631279240232,2.62133738261102,0.721758158629503,3.63187772977655,2.8136643586562e-4,0.00141629710530524
729,AP2A1,6287.15945778174,0.307349371678884,0.0803486439215229,3.82519675103757,1.3066768808872e-4,8.9545798013743e-4,6287.15945778174,0.587400521926172,0.0927258686412865,6.33480743328006,2.37637882739095e-10,4.3069784833574105e-9
740,AP3S2,406.055896766399,0.431824951615999,0.186128578288986,2.32003572791246,0.020338944673273,0.0600570338960011,406.055896766399,0.456124219655881,0.217791130659958,2.09431953575757,0.0362315252106582,0.0914424303685778
756,APBB2,4342.2189110059,0.27010195000108,0.066872355219206,4.03906740110606,5.36641442040245e-5,4.1715744757017e-4,4342.2189110059,0.35305051139446,0.0785565528157229,4.49422102599948,6.98250751561441e-6,5.29862871239373e-5
798,APPL2,2032.60137997614,0.215884530071929,0.0708298808026062,3.04793016203955,0.00230423471785277,0.0101198879919982,2032.60137997614,0.824560765126066,0.082149919053144,10.0372681389089,1.04528974455471e-23,1.16110528312316e-21
827,ARFGAP1,5805.12170239513,0.904668272414153,0.168891011254811,5.35652114160919,8.48395771809721e-8,1.54245736038119e-6,5805.12170239513,0.661035066732781,0.19495132792527,3.39076975657316,6.9696626813787e-4,0.00314459786964975
866,ARHGAP42,1511.82200836879,0.500487701214225,0.113549595870409,4.40765726533644,1.0449472417012e-5,1.0072904603181e-4,1511.82200836879,0.5769273755682,0.132595748079001,4.35102470423459,1.35502782609744e-5,9.57616464454342e-5
955,ARMC9,1674.37887915454,0.694033076527478,0.19202370983981,3.61430928038238,3.0114940152058e-4,0.00183571552568897,1674.37887915454,0.749619291498474,0.222302067958563,3.37207520551811,7.4604073884175e-4,0.00334021108246015
967,ARNT,2105.18065874404,0.420854294515747,0.147455273029377,2.85411491816846,0.00431569169467171,0.0170585420824211,2105.18065874404,0.844548310124575,0.170743853530005,4.94628821280621,7.56419402895758e-7,7.18935942720766e-6
992,ARRDC4,262.908590763962,2.1130246554465,0.276560923130383,7.64035870118328,2.16617401974145e-14,2.06229083556891e-12,262.908590763962,2.4230596928667,0.323401088611692,7.4924289935711,6.76105089211502e-14,2.16281956630096e-12
1011,ASB1,2364.20976755395,0.93502976509037,0.123909062096906,7.54609670404178,4.4849707938671904e-14,3.85823668919239e-12,2364.20976755395,0.900296553343824,0.142475235544135,6.31896869589617,2.63314603966539e-10,4.7344331871083905e-9
1013,ASB13,981.132838638836,0.395189881926527,0.137623504298794,2.8715289872908,0.00408491315967796,0.0162918113134183,981.132838638836,0.543611717176361,0.158478384868541,3.43019470842848,6.0314827282091e-4,0.0027703203012926
1162,ATP6V0A1,2327.69252094479,0.481469788890831,0.122841829368571,3.91942867804616,8.87591218191475e-5,6.4284111622636e-4,2327.69252094479,0.37274555437111,0.141267852313722,2.63857309547916,0.00832557498009084,0.0267274575513342
1215,ATXN2L,5198.19584818145,0.633183100100235,0.15926212449445,3.97572933370169,7.01638912926001e-5,5.2513194717217e-4,5198.19584818145,0.415046510229728,0.183879950513432,2.25716022367218,0.023998064872859,0.0651242449922041
1225,AUP1,5294.21165910904,0.214790187148199,0.0947622565753738,2.26662170056445,0.0234133452777668,0.0672338383740128,5294.21165910904,0.490819833147984,0.109352772718949,4.48840775541609,7.17574831151259e-6,5.42933969612399e-5
1238,AXIN1,1880.19233189833,0.663833470759186,0.148635136483051,4.46619478049783,7.96231222960452e-6,7.97307199906105e-5,1880.19233189833,1.0323642612739,0.171279287055564,6.02737364815745,1.6664543683924301e-9,2.60110541328563e-8
1269,B4GALT2,2827.53530909668,0.466324672519839,0.100325826613569,4.64810197194795,3.35003302760141e-6,3.79299135887249e-5,2827.53530909668,0.472491013476557,0.11606624056069,4.07087376306891,4.68371269174401e-5,2.9022348390389e-4
1327,BBC3,341.24878180652,1.31191625877117,0.197024842961838,6.65863369841782,2.7638480317209298e-11,1.31919733007316e-9,341.24878180652,0.528028752134936,0.224270271968076,2.35443042674019,0.0185511160676617,0.0527128856749972
1341,BCAM,703.107719724367,0.41762508782928,0.179200710864015,2.33048789715009,0.0197803789571059,0.058691513165622,703.107719724367,1.9086045637147,0.217480765737039,8.77596948514719,1.69437771904672e-18,1.00256218892353e-16
1447,BLOC1S3,465.217111748746,0.393180113561023,0.179841569529259,2.18625824157443,0.0287967173833913,0.0795774456031668,465.217111748746,0.7341899838734,0.206429426690342,3.55661494412196,3.7566415317314e-4,0.00182500004221973
1453,BLTP3A,2446.36072107563,1.39216926213481,0.1314460213085,10.5911860113851,3.27416878824623e-26,2.5208252566201798e-23,2446.36072107563,0.734846531867154,0.152969450167874,4.80387770931195,1.55621899148897e-6,1.37515378525619e-5
1526,BRD1,1039.83621816009,0.343049687960685,0.132092721423365,2.59703702266222,0.00940317883171625,0.0322384299616711,1039.83621816009,0.343825636438006,0.153089160542286,2.2459175765291,0.0247092878393543,0.0668239530424719
1527,BRD2,260.226485930331,0.335902987142297,0.15405236933284,2.18044674416241,0.0292243623957772,0.0804453613095635,260.226485930331,0.401177674637079,0.177282312110408,2.26293119635778,0.0236399309639826,0.0643839636031693
1534,BRD9,2569.99192149153,0.210876327053767,0.0850366494393886,2.4798287378911,0.0131445500414355,0.0423746026094555,2569.99192149153,0.341980549698725,0.0983914171492843,3.47571525654372,5.0949292919813e-4,0.00239296471493164
1568,BTBD2,1868.3274172997,0.373235532323546,0.14254576740681,2.61835576821002,0.00883546341258082,0.0306542812393486,1868.3274172997,0.953756981405772,0.165267742906549,5.77098086191614,7.881142631117e-9,1.12094240753342e-7
1612,BZW2,2163.33276142751,0.33910841208674,0.0997494250556591,3.39960267337402,6.7483837999226e-4,0.00362341965824832,2163.33276142751,0.27163694184445,0.1145055993304,2.37225902866685,0.0176796913134768,0.0506420646925821
1626,C11orf68,4164.91267570345,0.448417576405566,0.0988626398291554,4.53576373421221,5.73954049313381e-6,6.06780794342767e-5,4164.91267570345,1.22785361873729,0.113894581967413,10.7806148240537,4.25035281507942e-27,6.466965384019159e-25
1690,C1orf198,1640.39779939066,0.680150321263133,0.19519777016911,3.48441644939838,4.9321142206691e-4,0.00277792234795192,1640.39779939066,1.06938348511675,0.224705203600899,4.75905082739467,1.9450545594092e-6,1.68020791281789e-5
1853,CAD,6356.91792195597,0.33220154183037,0.101163433571392,3.28381046493376,0.00102413772785583,0.00511949908208504,6356.91792195597,0.775305358797687,0.116481153802517,6.65605837071419,2.8126858666917697e-11,5.96328926256689e-10
1896,CAMKK2,1781.28413427558,0.759597751411119,0.114147659505018,6.6545188460717,2.8422833522470298e-11,1.3493606863697201e-9,1781.28413427558,0.652305305765559,0.132151826655539,4.93602943125278,7.97290809096008e-7,7.51079468756104e-6
1905,CAMTA2,1814.80730130145,0.545679628083096,0.114279624788506,4.77495116993051,1.79750864203305e-6,2.16827541097557e-5,1814.80730130145,0.645023804735443,0.131403301867451,4.90873361299619,9.16663901036901e-7,8.50697928865922e-6
1922,CAPN15,2189.96283980813,0.619265220909491,0.225741415522912,2.74325036668621,0.00608342830262966,0.0226504096684117,2189.96283980813,0.608451546833845,0.260434600713342,2.33629304695793,0.0194759736558202,0.0548241493935041
1949,CARM1,2548.43792750472,0.367705793164189,0.123908204409863,2.96756615040512,0.00300167684568513,0.0125837342763713,2548.43792750472,0.613061811584269,0.143364675240491,4.27624036783029,1.90075995223676e-5,1.2972167242819e-4
1963,CASC3,4568.68911669086,0.47507172555478,0.0863095709939176,5.50427629385691,3.7068781971212e-8,7.57983823494483e-7,4568.68911669086,0.449530788015847,0.0994636810756772,4.51954706636908,6.19720698801401e-6,4.7727192566985e-5
2002,CBFA2T2,1934.03252597217,0.704223724444454,0.12669471447204,5.5584301790259,2.7221180864799e-8,5.88562479552943e-7,1934.03252597217,0.73596979908251,0.1468818217542,5.01062548307796,5.42534081510616e-7,5.30692710957926e-6
2025,CBY1,459.15013283963,0.314880473840229,0.114961009084764,2.73901974545178,0.00616226723436829,0.0228814066232321,459.15013283963,0.423458507784142,0.132287181441509,3.20105472933805,0.00136925521868328,0.00567186799118726
2144,CCDC9,885.908931241448,1.29363692365859,0.23191471391098,5.57807179131873,2.43199289095383e-8,5.34978013826215e-7,885.908931241448,0.796388958339487,0.266906728065368,2.98377251151363,0.00284718370108366,0.0106598651968199
2290,CDAN1,547.67526918472,0.525376419091091,0.153985849285971,3.41184869601494,6.4523917107325e-4,0.0034835046467577,547.67526918472,0.440832456746593,0.178886227372838,2.46431747832549,0.0137274459477551,0.0408865169156199
2305,CDC34,2889.08145548664,0.334453931900114,0.129727049200709,2.57813566222924,0.00993349908081087,0.0337754227578723,2889.08145548664,0.363590817299968,0.149475648453822,2.43244181283679,0.0149974010052742,0.0440667455879732
2360,CDK10,2680.75966792308,0.262421505994206,0.0973139858546938,2.6966473902944,0.00700413933940486,0.0253794351181054,2680.75966792308,0.467080585762933,0.111951424039433,4.17217190197073,3.01709870142177e-5,1.9685617689348e-4
2436,CELF1,7025.51416362878,0.584195349505985,0.12919258759642,4.5218952602059,6.12883862384894e-6,6.41363710575999e-5,7025.51416362878,0.315253858584542,0.149526442800927,2.10834854811772,0.0350008514705647,0.088806812882013
2513,CERK,2218.86856197085,0.313861162417461,0.0956045013290262,3.28291197646957,0.00102740740873839,0.00513355823756755,2218.86856197085,0.376179132206846,0.110857889452821,3.39334560727804,6.9044467284746e-4,0.00311828167786883
2517,CERS2,5533.01465490587,0.25754866739601,0.102739981204256,2.50680080312631,0.0121829347370572,0.039831346361136,5533.01465490587,0.28308385052225,0.118861489261771,2.38162799642202,0.0172362995917639,0.0495995614126633
2521,CERS5,990.889831676122,0.3308479956802,0.157748482630569,2.09731333172322,0.0359658474715486,0.094633466125733,990.889831676122,0.429230140134062,0.18294052220624,2.3462824690648,0.0189617310648135,0.0536774707097426
2624,CHKA,1711.81725977786,0.315016531723056,0.111925362050829,2.81452323183011,0.00488496466640335,0.0188377513747105,1711.81725977786,1.02086362142397,0.130108112110574,7.84627188008367,4.28587265033748e-15,1.60995871798777e-13
2828,CMTM4,1234.75903590955,0.645956848872667,0.121200013639696,5.32967637110148,9.83879318167857e-8,1.75807618225191e-6,1234.75903590955,0.417507616134997,0.143267406006392,2.91418423612953,0.0035661937605597,0.0129308169331752
2832,CMTR1,5716.45560562963,0.352049383682972,0.103019267210473,3.41731593725781,6.3241841854318e-4,0.0034184570682426,5716.45560562963,0.580886487636727,0.11908668214959,4.87784592828818,1.07250645659798e-6,9.82235806937939e-6
2864,CNOT11,1692.91903135947,0.341976242503519,0.103054581126808,3.31839922848961,9.0534983477367e-4,0.00462815671887188,1692.91903135947,0.273833671234879,0.120074064640853,2.28053969900934,0.0225756990642722,0.0619890214221585
2900,COASY,3518.42113217247,0.520271484612687,0.104770801489263,4.96580609499301,6.84162883509688e-7,9.26235194280547e-6,3518.42113217247,0.738130827139947,0.121079560726956,6.09624632521165,1.08588046936392e-9,1.74299217892759e-8
2904,COG1,1913.28931026336,1.05034235360188,0.149973541505248,7.0035177075893,2.4961434607719497e-12,1.54012921266027e-10,1913.28931026336,0.878356411742388,0.172886165466643,5.08054770820781,3.76348200789876e-7,3.84980820536807e-6
2927,COL4A1,2770.50589855373,0.582734803464872,0.129498740646406,4.49992641284457,6.79769903507233e-6,6.97010159311296e-5,2770.50589855373,0.595921103141282,0.149262303298344,3.99244209671721,6.53963048081081e-5,3.8936714727247e-4
2928,COL4A2,7420.06197011454,0.299620501650798,0.111290090520983,2.69224780255082,0.00709721901862172,0.0256560304368327,7420.06197011454,0.572745750321935,0.128291304941203,4.46441596789767,8.02874508358427e-6,6.0020007631452e-5
2938,COL6A3,3178.19774890393,0.340686290791923,0.154632662804421,2.2031974656145,0.0275808338684884,0.0768410015958452,3178.19774890393,1.4263830620197,0.178875337845233,7.97417396496459,1.5340333566959101e-15,6.13139248484241e-14
2960,COMT,1506.33757126914,0.200106700197328,0.0963457651905658,2.07696414888117,0.0378048682541778,0.0986940689855244,1506.33757126914,0.881375876816219,0.110766748444652,7.95704387094675,1.7619825038483702e-15,6.99193529158436e-14
2968,COPE,3078.41845150324,0.377824658008702,0.102725966295867,3.67798592344713,2.3508293013072e-4,0.00148399952826005,3078.41845150324,0.425828962152921,0.118581662427894,3.5910186569686,3.2938805345859e-4,0.00162592696181059
2983,COPZ1,5661.80841476191,0.702862445536361,0.14305714513729,4.91315861826989,8.96207135502681e-7,1.17381922747644e-5,5661.80841476191,0.352720313727267,0.165440539269619,2.13200655222985,0.0330063079163715,0.0846956081538863
3015,COX19,697.014317566414,0.782509257499392,0.142982920962285,5.472746340843,4.43114161186607e-8,8.7967102761126e-7,697.014317566414,0.536795800930199,0.162986215623808,3.29350429345012,9.8946830455577e-4,0.00426498543368005
3085,CRAT,2123.56908905094,0.999132853723283,0.108859704971649,9.17816977350341,4.38480316442267e-20,1.25235636186446e-17,2123.56908905094,1.19618099819228,0.128199460405859,9.33062428192256,1.05249140027373e-20,8.469515241491619e-19
3129,CRTAP,9432.5079853209,0.193169374574271,0.0649231508489627,2.97535427730026,0.00292650353975617,0.0123123128253747,9432.5079853209,0.356746394554494,0.0751318389092298,4.74827183433505,2.05162166499143e-6,1.76301195378903e-5
3131,CRTC2,2469.35663242326,0.54631733446648,0.121861714006019,4.48309248661556,7.35690244322945e-6,7.43584637355634e-5,2469.35663242326,0.459124154698735,0.140061784097879,3.27801161220314,0.00104541094943008,0.00448323321894389
3132,CRTC3,1111.1318119467,0.544790640540237,0.113139359441958,4.81521765040326,1.47039535545314e-6,1.81955003175152e-5,1111.1318119467,0.685454491835247,0.131464827208258,5.21397628849725,1.84835104757975e-7,2.01725401250627e-6
3165,CSNK1D,5337.33664311475,0.155868218414801,0.0680748592634211,2.28965906211655,0.0220410883034592,0.0640156784775553,5337.33664311475,0.261721938121501,0.0788708734951407,3.31835982693441,9.0547756850453e-4,0.00394764672654541
3166,CSNK1E,3194.81400748388,0.777219494026441,0.132518652682529,5.8649818594851,4.4918180351731206e-9,1.20883151621346e-7,3194.81400748388,0.928774941492501,0.152931401480913,6.07314738829761,1.2542723481846802e-9,1.99559359720843e-8
3230,CTNNA1,24701.2906484308,0.165248942268401,0.0767457806218274,2.15319905445593,0.0313030379655433,0.084909742565131,24701.2906484308,0.219954828505846,0.0887306413189176,2.47890497844234,0.0131786409426657,0.039511918017537
3315,CYC1,5999.22767894676,0.204911328720094,0.0810240685378043,2.52901801178357,0.0114382157069325,0.0379303227974458,5999.22767894676,0.322204524430195,0.0930713842927105,3.46190751194651,5.3636143987279e-4,0.00250163839009193
3386,DALRD3,1062.65906565598,0.19630186742686,0.0848870094434154,2.31250775252852,0.0207497185885084,0.0610460237191074,1062.65906565598,0.342166001063304,0.0978423526634312,3.49711542853353,4.703182828031e-4,0.00223271704993002
3396,DAPK3,2421.73469064604,0.45591671517581,0.135817416280708,3.35683543142596,7.88400238901e-4,0.00411464527864984,2421.73469064604,0.602068889379312,0.156362822556035,3.85046061165563,1.1789589026157e-4,6.5822478849091e-4
3435,DCAKD,757.994107929248,0.875006137457776,0.0998709270950779,8.76136992925642,1.92891653504893e-18,4.11533180754777e-16,757.994107929248,1.16923479654991,0.115716569699331,10.104298801701,5.28724415951368e-24,6.097505907780549e-22
3538,DEDD2,1543.86705177706,0.319545994645357,0.140896454745631,2.26794914905597,0.0233323062142686,0.0670184068843906,1543.86705177706,0.46782733616836,0.161325061378708,2.89990490113711,0.00373275891502665,0.0134578520341443
3558,DENND4B,2978.92711543318,0.210379415529138,0.0792546642883012,2.65447361891346,0.0079432250397862,0.0281711654325123,2978.92711543318,0.510937543674938,0.0909991019151825,5.61475369450533,1.96842431823769e-8,2.56774428717663e-7
3577,DESI1,1967.51453238692,0.274942745457081,0.108726101823584,2.52876485816806,0.0114464685619008,0.0379505832791873,1967.51453238692,0.323781695147176,0.124797105892456,2.59446477409657,0.00947383211563989,0.0298163052817271
3591,DGKD,3040.14530192464,1.25318206446601,0.156297768223775,8.01791400291653,1.07556063129209e-15,1.32264080964724e-13,3040.14530192464,1.03503545113539,0.181186112573844,5.71255399452068,1.11293087475713e-8,1.53587853798419e-7
3599,DGUOK,1512.52893128291,0.247463812857731,0.0820604450255658,3.01562845266844,0.00256447289593718,0.0110814265596036,1512.52893128291,0.331108818035078,0.0944296899221992,3.50640585929997,4.5420207363911e-4,0.00216586324606528
3647,DIMT1,1144.62872387398,0.589889976143037,0.134764741041953,4.37718331651305,1.20222855420429e-5,1.1348114732329e-4,1144.62872387398,0.887948337784821,0.155112966044389,5.72452684278316,1.03722408005708e-8,1.4401824534903e-7
3650,DIP2A,2540.50600097371,0.432414016509337,0.0860518003447007,5.02504322718643,5.03319153805598e-7,7.12452084379658e-6,2540.50600097371,0.418596403702394,0.100262436043285,4.17500731302478,2.97976481394289e-5,1.9470090841302e-4
3697,DLST,5437.96185182311,0.49092534526533,0.0915687147977071,5.36127809972957,8.26351864007093e-8,1.50700708628606e-6,5437.96185182311,0.257335523026002,0.105903624264464,2.42990289343998,0.0151028686579414,0.0443125165970971
3825,DOCK6,1381.28827356092,0.49477667067623,0.123170518885499,4.0170056532455,5.89423106597279e-5,4.508641197246e-4,1381.28827356092,1.5680951806435,0.140960609700276,11.1243501569533,9.54992288700841e-29,1.6467705123064198e-26
3829,DOCK9,5787.40380172654,0.370066067586282,0.102572982248881,3.60783180397701,3.0876653972386e-4,0.00187446580312394,5787.40380172654,0.33747256383554,0.118491854017264,2.84806552006834,0.00439858678670216,0.0154943214708228
3849,DPH1,699.913970507507,0.435661232197346,0.127588476519206,3.41458134843209,6.3880114769009e-4,0.00345085134938868,699.913970507507,0.423209279811201,0.145564490874651,2.90736619396852,0.00364486239901844,0.013190861202604
3857,DPH7,1713.30297862991,0.325208040746325,0.123712279380841,2.62874503948951,0.00857005875014431,0.0299090658942758,1713.30297862991,0.621461958642602,0.142472607597281,4.36197504294478,1.28893575727775e-5,9.16992959578424e-5
3864,DPP7,3956.03921522587,0.302808428555,0.13797788344539,2.19461569487583,0.0281911767454734,0.0782827909375635,3956.03921522587,0.931051812541586,0.15915065535389,5.85012867506754,4.911928671148321e-9,7.13767098874891e-8
3866,DPP9,8502.34269851556,0.516770514387653,0.124406374231831,4.15389096883936,3.26868969938002e-5,2.7277076906984e-4,8502.34269851556,0.822400187417645,0.143570338707166,5.72820399271368,1.01499470021759e-8,1.41148187727647e-7
3934,DUS1L,3636.23176443735,0.272556420251063,0.0838914273704516,3.24891861772116,0.00115844615760703,0.0056683516327453104,3636.23176443735,0.74615031575317,0.0963919495739095,7.74079494243502,9.879713032422711e-15,3.57764168330091e-13
3968,DVL1,6786.84823594152,0.494909626830901,0.13692146592507,3.61455103834295,3.0086854376592e-4,0.00183463504580133,6786.84823594152,0.450879181062554,0.157979870059305,2.8540293196424,0.00431685470631345,0.0152538976019733
3970,DVL3,3659.43853639283,0.273502001246244,0.113728222732848,2.40487360721983,0.0161780600521757,0.049951536859322,3659.43853639283,0.361556536508598,0.131509969874889,2.74927092487788,0.00597279955084548,0.0200860900199867
3971,DYM,933.661195029432,0.658479685568524,0.145868680529068,4.51419511837775,6.35576820308127e-6,6.58945804099316e-5,933.661195029432,0.802189721508771,0.171705811908513,4.67188450170916,2.98448775694245e-6,2.46632292684619e-5
3993,DYRK3,1276.63273329538,0.605424374844228,0.143410363574858,4.22162220185856,2.42550398930426e-5,2.1106056335429e-4,1276.63273329538,0.358039300007479,0.16450369507522,2.17648180999074,0.0295192523733014,0.0773257499234658
4009,E4F1,942.269172046126,0.372771465597617,0.120271892961763,3.09940632360488,0.00193908886444778,0.00874837849978123,942.269172046126,0.400623395358464,0.137670425306216,2.91001785218119,0.0036140811208213,0.0130873105547181
4040,ECSIT,1489.10303783675,0.294080866762315,0.135693726298306,2.16723996594959,0.0302165614375773,0.0824682873210527,1489.10303783675,0.612946326029816,0.155485934194914,3.94213360329712,8.07599662061315e-5,4.7047617378642e-4
4096,EEF1AKMT3,299.423727143743,0.462182641815394,0.154571456034787,2.99009049711855,0.00278894805633394,0.0118689478927088,299.423727143743,0.832594578042391,0.184937797945311,4.50202493645243,6.73090820606163e-6,5.12704349932486e-5
4104,EEF2,41364.6023644713,0.355544475314072,0.0868635666637569,4.09313696144162,4.25576170108675e-5,3.4239449433368e-4,41364.6023644713,0.229031540106525,0.100306871634228,2.28330857472753,0.022412198286559,0.0616594780941053
4165,EHD4,2600.06077234486,0.198942064970638,0.0810923320916869,2.45327837835154,0.0141560739577067,0.0450451903409181,2600.06077234486,0.312796885246866,0.0938083654587601,3.33442421384452,8.5476189326188e-4,0.00375456546322168
4190,EIF2B4,1774.22616721884,0.35501438671021,0.084789574631085,4.18700516254338,2.82659398833103e-5,2.4050788840957e-4,1774.22616721884,0.325316799074481,0.0963683117535139,3.37576526095591,7.3610694534477e-4,0.00330063208331167
4191,EIF2B5,3799.07883855309,0.288673925566005,0.116277594707482,2.48262725327454,0.0130417476637144,0.0421834451700277,3799.07883855309,0.420731460366439,0.134329273725613,3.13209063592381,0.0017356628458215,0.00692396251981955
4193,EIF2D,2667.89475274945,0.417753894971696,0.0972323259222178,4.29645070206264,1.73554542350523e-5,1.5642514023773e-4,2667.89475274945,0.468823463891663,0.11254718876305,4.16557240606599,3.10572331158283e-5,2.0191104588696e-4
4208,EIF3G,5029.13288363564,0.242980077850253,0.096946199542678,2.50633938201247,0.0121988467281985,0.039855567871391,5029.13288363564,0.66630786161087,0.111393541698279,5.9815663588077,2.2100198764350903e-9,3.37391398673978e-8
4231,EIF4EBP1,2267.49491452823,0.500031195276197,0.159912488830733,3.12690521504846,0.00176656871650922,0.00809504739826176,2267.49491452823,0.430716679140213,0.183429582642678,2.3481309445012,0.01886788685011,0.053461965462925
4234,EIF4ENIF1,662.181855419308,0.386903562110477,0.119797337811165,3.22965075167486,0.00123941519814877,0.00600026198787467,662.181855419308,0.402268633694941,0.138619161737267,2.90196989112793,0.00370824179291719,0.0133881208180576
4267,ELL,890.888860342027,0.423519755573451,0.156529649409918,2.70568392103366,0.00681638906873337,0.0248465660002327,890.888860342027,0.575950428365579,0.178595183355391,3.22489340162931,0.00126019582345196,0.00527441183065678
4293,ELP2,2301.63405915806,0.896197909876617,0.186167612196359,4.81393030346954,1.47990439528374e-6,1.82876113270652e-5,2301.63405915806,0.686887080242082,0.215915041958513,3.18128405511489,0.00146623787709243,0.00599000519012533
4331,ENAH,2518.31387254744,0.346778086708664,0.139801627181459,2.48050107641847,0.0131197867657712,0.0423178841617991,2518.31387254744,0.685053692587073,0.161908464947736,4.23111721063016,2.32533453702819e-5,1.5581978951677e-4
4337,ENG,66.0699527279949,1.53381611397466,0.305866157881287,5.01466433749748,5.31261287674863e-7,7.44270164726778e-6,66.0699527279949,1.208380419145,0.345687109710479,3.49559004429483,4.7301482456727e-4,0.00224199120775263
4372,ENTR1,3728.32131840791,0.332105127198836,0.0937868860052147,3.54106145693301,3.9852074072044e-4,0.00232904464576817,3728.32131840791,0.638215467575794,0.107917749931429,5.91390635906808,3.34087866544794e-9,4.9500776691162403e-08
4400,EPG5,5792.69425583994,0.39195644432727,0.0969837911653622,4.04146341999525,5.31186680224545e-5,4.1389139099251e-4,5792.69425583994,0.891792335371266,0.112929685422218,7.89688142703188,2.85968178322847e-15,1.10399570079178e-13
4444,ERBB3,340.82363161718,0.820728345911149,0.175997202055202,4.6633033725941,3.1117349889224e-6,3.55730169037043e-5,340.82363161718,0.846238408233801,0.209995816720542,4.02978698075665,5.5827421221153e-5,3.3919841900342e-4
4451,ERCC2,3678.18400882182,0.490939902845394,0.0845372646063308,5.80737861736573,6.3458525783056e-9,1.62622803844625e-7,3678.18400882182,1.2461001032526,0.0985223404800151,12.6478938399293,1.14914202821894e-36,3.4677275938220298e-34
4533,ETS1,11884.723229467,0.202302970493987,0.0864440171072068,2.34027729464601,0.0192694269387081,0.0574449515539802,11884.723229467,0.680100740588819,0.0997833530920419,6.81577356857794,9.37578719976069e-12,2.11141794824461e-10
4560,EXOC2,3816.38224849983,0.482342033198526,0.117185467476757,4.11605673966524,3.85409464797452e-5,3.1494373800799e-4,3816.38224849983,0.574478488958328,0.13597110258136,4.22500426967252,2.38936247828225e-5,1.5934363547616e-4
4583,EXOSC7,1346.22218609248,0.591392748644147,0.168463320544994,3.51051342648915,4.4724222120332e-4,0.00257385936076326,1346.22218609248,0.794881990540145,0.193730420613171,4.10303135679097,4.07771958651773e-5,2.5770049156541e-4
4657,FAM131A,1444.42358079824,0.922213625553146,0.138936533905349,6.63766109338389,3.1869957710402494e-11,1.4851400293047601e-9,1444.42358079824,0.752869697225367,0.159226299041759,4.72829992128322,2.26407579386001e-6,1.92369540635816e-5
4708,FAM193B,2931.2392864809,0.802325139344811,0.122189626434262,6.56622957904255,5.1605233518293094e-11,2.3018273933046203e-9,2931.2392864809,0.69538317610317,0.141404894567463,4.91767401850019,8.75785928546263e-7,8.15895536558004e-6
4749,FAM3A,1270.64750896121,0.335092086639882,0.102239266661499,3.27752826855977,0.00104720244131647,0.00521607989851916,1270.64750896121,0.335473144219902,0.118198657845267,2.83821449697904,0.00453666845787986,0.0158941406924096
4817,FARP1,1612.20927380781,0.702449471252046,0.103399963268964,6.7935176091391,1.0943187364907399e-11,5.81927813386728e-10,1612.20927380781,0.589300877099922,0.120015614924861,4.91020170557696,9.0982758547899e-7,8.45140090177455e-6
4870,FBXO11,1463.32908951408,0.4390681156018,0.131320933418389,3.34347391670549,8.2736471429602e-4,0.00428156536362141,1463.32908951408,0.413676089028609,0.153589549579666,2.69338695347913,0.00707301267495388,0.0231725478247804
4953,FGD1,625.582935328124,0.541954123000365,0.135856648403985,3.98916158588575,6.63072433035492e-5,4.9985894611292e-4,625.582935328124,0.939527459817727,0.158877678323751,5.91352712181012,3.3485835815926104e-9,4.95743698514438e-8
4988,FHIP2B,1660.17984839968,0.388437486495829,0.0935492470152604,4.15222461846715,3.292588476773e-5,2.7463568886809e-4,1660.17984839968,0.771569000880049,0.108587823086898,7.10548364398644,1.1990190543440399e-12,3.14174225730147e-11
5045,FLNB,51616.7928457189,0.492365325908128,0.130605524423244,3.76986599979152,1.6333521987021e-4,0.00108734589227883,51616.7928457189,0.685804412964551,0.150874399371285,4.54553201750856,5.47966662996346e-6,4.26914130818066e-5
5058,FLYWCH1,1450.54375127748,0.530499623699023,0.118021163222707,4.49495335593298,6.95851988064282e-6,7.10210201996675e-5,1450.54375127748,0.866801726503313,0.135512052768241,6.39649174221986,1.58987426866686e-10,2.9954488562416403e-9
5066,FMNL3,1849.72411577474,0.708918564582494,0.11856489160353301,5.97916090500918,2.2428992940054303e-9,6.57570541361725e-8,1849.72411577474,0.327140785785085,0.135865156586218,2.4078343116433,0.0160474621429234,0.0466455850954843
5119,FOXK1,2272.02332133197,0.770919041139931,0.157727037022543,4.8876784582579,1.02031993942399e-6,1.31978272369029e-5,2272.02332133197,0.51485544132941,0.182428715564596,2.82222806719869,0.00476912482595416,0.016551614740028
5198,FTSJ1,3501.50428327449,0.26357723656892,0.0784653051685976,3.35915645778187,7.818079057262e-4,0.00408988312986698,3501.50428327449,0.220362113036118,0.0913655566806703,2.41187293157202,0.0158708116813953,0.0462137208593347
5248,GAB2,1083.0820218688,0.764577969526614,0.173927873526719,4.39594847003727,1.10290098307241e-5,1.0528393858892e-4,1083.0820218688,0.428292633263121,0.199293450280258,2.1490552381969,0.031630021457623,0.0818623021181819
5300,GANAB,22567.890763347,0.203643610474224,0.0910549278332172,2.23649192108781,0.0253195659236831,0.0716342663966416,22567.890763347,0.252998398282524,0.105131448403169,2.40649588800773,0.0161063853431795,0.0467943217303607
5327,GART,5235.92690064777,0.517387350263854,0.0942900500017088,5.48718926604109,4.08379511954356e-8,8.20838183619494e-7,5235.92690064777,0.844465332393804,0.108712074579261,7.76790743495669,7.97933366699109e-15,2.91866293685941e-13
5331,GAS5,6641.21164065114,0.673040038619657,0.13412750503076,5.01791216100908,5.22360489023534e-7,7.35875858363464e-6,6641.21164065114,0.728588170269048,0.154482349023579,4.71631985708504,2.40148799621438e-6,2.02804765202694e-5
5361,GBF1,6179.23644106109,0.666365376252927,0.13921660206311,4.78653670882477,1.69683914956934e-6,2.06371069097348e-5,6179.23644106109,0.37309030122496,0.160771873845317,2.32061922462831,0.0203074036906987,0.0568030049781849
5388,GCN1,10386.3511641859,0.411985952820888,0.125112607031832,3.29292117393148,9.9152268826287e-4,0.00498520265864821,10386.3511641859,0.326515409158976,0.144433270230192,2.26066617918842,0.0237799362939832,0.064726326900009
5396,GDE1,2925.86447197129,0.253834610873481,0.0936431205459333,2.71065946322209,0.00671495511847433,0.0245526378769241,2925.86447197129,0.408926513746184,0.108075658220766,3.78370597485393,1.5451034224626e-4,8.3809594269349e-4
5435,GGA1,1310.20866468629,0.177846728542194,0.0814828234361796,2.18262844906805,0.0290631829737354,0.0801262407128923,1310.20866468629,0.430416868396785,0.0942478508136767,4.56686136268187,4.95081209701111e-6,3.8973653838471e-5
5437,GGA3,2607.31510247784,0.240646956077539,0.0858871433893858,2.80189731059654,0.00508030418042331,0.0194344407921659,2607.31510247784,0.561606902082103,0.0992099978397065,5.66078937920642,1.5067826877468e-8,2.01937878196473e-7
5458,GIGYF1,3212.95981366825,0.375828736202007,0.0763674972339315,4.92131796660503,8.59633355326239e-7,1.13261811429442e-5,3212.95981366825,0.336948372902801,0.0887259899216209,3.79762878047859,1.4608688361502e-4,7.9838488220152e-4
5474,GIT1,3202.31121048977,0.573328967505035,0.102683797456787,5.583441416318,2.35805232970286e-8,5.21303254112087e-7,3202.31121048977,0.58237710896978,0.11823361723987,4.9256473967828,8.408150058011e-7,7.87166313083491e-6
5481,GJC1,7.86870430757135,1.92044056013735,0.914478799691508,2.10003836150734,0.0357254667074758,0.0941688842595984,7.86870430757135,3.31061145935732,0.968625590474716,3.41784430631738,6.3119202615347e-4,0.00288085778309424
5565,GNB1,18650.4529231143,0.227073618670125,0.0743657938602717,3.05346862963342,0.00226212371755606,0.00996212056465625,18650.4529231143,0.206110368865164,0.0859777437548477,2.39725258961035,0.0165185322127623,0.0477999910890642
5630,GORASP1,1713.94941225467,0.207217201696872,0.0823858561870788,2.51520359546098,0.0118963662420461,0.0390908987593529,1713.94941225467,0.489073971561009,0.0944233574379494,5.1795867551353,2.22377974680933e-7,2.39095938810747e-6
5631,GORASP2,4489.25821672794,0.547440253561686,0.130584790937927,4.19222062255252,2.76237158755731e-5,2.3562657067661e-4,4489.25821672794,0.482460244803108,0.151304760481935,3.18866533522394,0.0014293124697446,0.00586695342942545
5656,GPC1,1466.37836089676,0.283462704002083,0.101977620085745,2.77965600456003,0.00544165086931083,0.0206121219853968,1466.37836089676,0.410674855257987,0.129621924963046,3.16825147732582,0.00153358803179809,0.00622163228853602
5671,GPN1,1939.14305362717,0.369144159633595,0.125705414220391,2.93658122780934,0.00331851899160257,0.0137075657343826,1939.14305362717,0.368798886690141,0.145434768558296,2.53583713403658,0.0112178892216938,0.0345368308532542
5735,GPSM1,1367.93315428815,0.709264929946181,0.145856477448885,4.86275921612558,1.1576063222245e-6,1.46840205973865e-5,1367.93315428815,1.54981006151915,0.16888448269728,9.17674635802473,4.44313269593667e-20,3.28356573847467e-18
5746,GRAMD1A,2435.28981624814,0.659621134699823,0.12611548865168,5.23029440516732,1.69240300299859e-7,2.80609291920403e-6,2435.28981624814,0.410826442486909,0.146146411436354,2.81106076057039,0.00493784600679777,0.0170489397023418
5781,GRK3,302.327621806455,0.39221672286947,0.147890320184662,2.65207839417571,0.00799979655814628,0.0283141667478799,302.327621806455,0.429353415578728,0.17632222157893,2.43504994284869,0.0148897344158904,0.0437865082563119
5823,GSTO1,8220.8120425201,0.368975605769875,0.151904558104584,2.42899627485728,0.015140687899525,0.0474449303353016,8220.8120425201,0.9371936574957,0.175094997278101,5.35248677611942,8.67536449237645e-8,9.98576919891722e-7
5850,GTF2IRD1,1815.51047420248,0.467484698788347,0.108343584382622,4.31483508185768,1.59722096004748e-5,1.4579169464186e-4,1815.51047420248,0.885602628438217,0.125094227685045,7.07948436012521,1.4469182758134e-12,3.7212929406075795e-11
5864,GTPBP1,2068.83010391283,0.78947634731649,0.125910552101335,6.27013649087254,3.60731753829751e-10,1.30098531503406e-8,2068.83010391283,0.760856812642223,0.145282618656494,5.23708079932942,1.6313628598389e-7,1.80106438660019e-6
5899,H1-10,1707.07531954458,0.619869729427649,0.235058976265871,2.63708171997876,0.00836226836939078,0.0293167785161694,1707.07531954458,1.0571391309103,0.272019031977961,3.88626899825139,1.0179670243283e-4,5.7850944577803e-4
5910,H2AC6,1111.69734306036,0.565607087555102,0.217377078520311,2.60196287209856,0.00926918865449111,0.0318468747950579,1111.69734306036,0.576525395656067,0.252405025988005,2.28412803350226,0.0223640074827481,0.0615384072162063
5927,H2BC4,64.0811388227002,0.912306244960928,0.301178811915915,3.0291182807894,0.00245268635703661,0.0106798511332842,64.0811388227002,1.4144933474681,0.383975010942924,3.68381615250051,2.297679899215e-4,0.00118828312639784
5955,HABP4,943.452621298254,0.411245124184582,0.161065428730499,2.55327991503809,0.0106713696318159,0.0357962897215752,943.452621298254,0.912680319131159,0.186323344611667,4.8983680549174196,9.66358962818014e-7,8.93154434955741e-6
5967,HAGHL,494.462000610602,0.348627768173796,0.164005486391525,2.12570796163202,0.0335275836017214,0.0896160679878163,494.462000610602,1.33372296725561,0.18562687916039,7.18496681778083,6.72235112789302e-13,1.8385934973056e-11
5979,HAS2,555.063167687395,1.83349790942559,0.36032606654439,5.08844094186485,3.61019171926763e-7,5.36319420845563e-6,555.063167687395,1.82449565905824,0.413203865533852,4.41548545704195,1.00783555767897e-5,7.3498558714765e-5
6017,HDAC5,1143.27863791593,1.22550068637753,0.201214158318436,6.09052909904126,1.1253812540558101e-9,3.5396538626679e-8,1143.27863791593,1.33271485844203,0.232871859901333,5.72295364071338,1.04687839120197e-8,1.45136142045197e-7
6096,HGS,6401.06948927668,0.525551221472751,0.12540633904768,4.19078672947255,2.77988868108903e-5,2.3689253496017e-4,6401.06948927668,0.46891445401222,0.144577664635888,3.24333952407627,0.00118137339608842,0.00498600156400393
6130,HIPK2,6091.35697410274,1.22753299140991,0.126282403016885,9.72053874557474,2.46473930857053e-22,1.11911804297864e-19,6091.35697410274,0.864403251010232,0.145986925418675,5.92110045835414,3.1979442789343604e-9,4.77739101603841e-8
6165,HMBOX1,506.886924357335,1.12501294151928,0.170075952445177,6.6147678454538,3.7213528840137196e-11,1.7160863768259101e-9,506.886924357335,0.520288497829354,0.200779494761506,2.59134279846343,0.00956022084717947,0.0300359810270747
6169,HMG20A,953.931290132099,0.325309446704452,0.0928679451622469,3.50292499889078,4.601790167075e-4,0.00263144625915961,953.931290132099,0.353345066192353,0.108930756378696,3.2437584933676,0.00117963719185054,0.00498099603443232
6170,HMG20B,3711.43019717026,0.706051130950197,0.10732038298770499,6.57890990783257,4.7390979710825e-11,2.1299478901504803e-9,3711.43019717026,0.298531782277807,0.124414089909008,2.39950139486727,0.0164174172709508,0.047537783001413
6304,HPS4,2107.08653613814,0.224653004872699,0.0837505920293483,2.68240497683855,0.00730949140996444,0.0262708491754923,2107.08653613814,0.751898385914942,0.0972618214958177,7.73066321760459,1.06987719964561e-14,3.85880409896085e-13
6350,HSDL2,3061.33767926469,0.328932763124084,0.0928483726940671,3.54268743306799,3.9607184734284e-4,0.00231626164885965,3061.33767926469,0.440017105755138,0.107855727441925,4.07968233297638,4.5097285618438e-5,2.8098122966532e-4
6633,IMMP2L,116.518066321075,1.01409126981484,0.422095864164741,2.40251411091546,0.0162828063396567,0.0501628278814616,116.518066321075,1.14638680639081,0.48069521914636,2.38485169132037,0.0170860078933651,0.0492140087364409
6658,ING5,1386.07425216623,0.524073331438295,0.120891991128161,4.33505417974885,1.45724226365471e-5,1.3510390578428e-4,1386.07425216623,0.349863580001927,0.138953101084782,2.51785370222474,0.0118072352423651,0.0360265927364782
6676,INPP5E,1580.8390542216,0.386729731403512,0.118900714189813,3.25254338494668,0.00114377133591691,0.00560894567056679,1580.8390542216,0.331552631532616,0.137754119465901,2.4068436778378,0.0160910558702565,0.0467572873674954
6680,INPPL1,8350.5794080457,0.291919154466667,0.0720033019345732,4.05424677234835,5.02961004240337e-5,3.9513901788322e-4,8350.5794080457,0.5726183325231,0.0833197393273924,6.87254109465084,6.306820325050739e-12,1.47959426772649e-10
6693,INTS11,3833.73784135461,0.206997431460616,0.0608040191146277,3.40433797756666,6.6324633918496e-4,0.00356766894723191,3833.73784135461,0.291878053973489,0.0703692659167633,4.14780586625329,3.35676846203698e-5,2.162136242392e-4
6826,ITPKC,566.377378933321,0.664592836868339,0.15061260513141,4.41259771244565,1.02137672883449e-5,9.86717900392864e-5,566.377378933321,1.20066932977957,0.173548442015653,6.91835268490212,4.5692559940603e-12,1.09287911530325e-10
6854,JARID2,3647.28682108704,0.541748854323999,0.142122281258152,3.81185025689226,1.3793043113343e-4,9.3796930664777e-4,3647.28682108704,0.941098824454579,0.164426606006775,5.7235191269216,1.0433981448241e-8,1.44764496629771e-7
6895,KANSL3,3081.7628073626,0.399658332640929,0.10198661318147,3.91873325501843,8.90155597724627e-5,6.4443480476319e-4,3081.7628073626,0.361057110895479,0.117674624796867,3.06826651471162,0.00215304504308998,0.00834933252306429
6904,KAT8,842.885404740512,0.508661951152644,0.111298794506451,4.57023774074357,4.87171234840383e-6,5.26026111375213e-5,842.885404740512,0.516755193717738,0.129392886346357,3.99369090766316,6.50526553961761e-5,3.8780458636439e-4
6910,KATNIP,672.887912850507,0.573266972914659,0.150248495382362,3.81545899315512,1.3593002921119e-4,9.2614426982372e-4,672.887912850507,0.4753165614501,0.173596900469106,2.73804751217139,0.00618051461351544,0.0206847315327746
6923,KCNAB2,633.143356397146,0.408178277836284,0.167891771226801,2.43119883037559,0.0150489536187337,0.0472168090392203,633.143356397146,1.49528101928426,0.186571210562988,8.01453243923418,1.1055677921380402e-15,4.51860280913124e-14
6992,KCTD2,2175.47905181239,0.405542215470494,0.151209897944577,2.68198194022417,0.00731874106773613,0.0262987554438862,2175.47905181239,0.512520146419976,0.174342448826418,2.9397324052174,0.00328495813155314,0.0120741883739142
7021,KDM6B,1019.96788320488,1.01523316555859,0.151826804707147,6.68678477108728,2.2812700172309196e-11,1.12971410949443e-9,1019.96788320488,1.3367552466215,0.175063435859423,7.63583349120897,2.2436413936019e-14,7.69382027889318e-13
7035,KHNYN,2884.40558934631,0.770719335035583,0.165835418275731,4.6474953483949,3.35989667946853e-6,3.80172846006573e-5,2884.40558934631,0.766325204859654,0.191565647041025,4.00032686808163,6.32550511797109e-5,3.7861823079864e-4
7170,KLHL36,1615.93586787574,0.784796069573064,0.128724922590674,6.09669094203769,1.08286586846677e-9,3.44261917393351e-8,1615.93586787574,1.04323929374009,0.149192773955317,6.99255913059532,2.6991668870886e-12,6.69467337775701e-11
7200,KMT5C,277.626135630187,0.85609655048481,0.192587673938939,4.44523023190072,8.77977905054723e-6,8.68560488419499e-5,277.626135630187,0.471594616284065,0.221204918621208,2.13193548870233,0.0330121502637402,0.0846985960996572
7279,KXD1,2368.11756649368,0.392836555761647,0.120806294340224,3.25178880709072,0.00114681199768378,0.00561918839374221,2368.11756649368,0.486584556981744,0.138656056042233,3.50929177470284,4.4930171528994e-4,0.00214701949248873
7310,LAMC1,17079.8299618213,0.5538406301295,0.114117586340075,4.8532452174289,1.21457353752236e-6,1.52536653918056e-5,17079.8299618213,0.288043663200908,0.131954051142803,2.18290882853747,0.0290425247573541,0.076275595192436
8134,LRRC3,283.648581002839,0.428495382344595,0.170293540582517,2.51621629850937,0.0118622358268877,0.0390004589718768,283.648581002839,0.839692671764,0.200092782518276,4.19651654195626,2.71051673256112e-5,1.7865531838278e-4
8170,LRRC75B,139.16454167929,0.59503206130076,0.199945973883398,2.97596420544964,0.00292068949807599,0.012293693756104,139.16454167929,1.88549168528292,0.252313336623303,7.47281816536678,7.84952817236673e-14,2.4846775714837797e-12
8191,LRSAM1,1362.3339602224,0.599780051583816,0.101193307977435,5.92707228938063,3.0838324356056102e-9,8.6269359825757e-8,1362.3339602224,0.897560254957154,0.118306917146168,7.58670986116745,3.28130707076196e-14,1.0881198868720899e-12
8263,LYSMD1,252.471746539009,0.354807905248569,0.13920008964692,2.54890572375734,0.0108061508265163,0.0361797863269455,252.471746539009,0.376015458244463,0.159776386978812,2.35338566201479,0.0186033281697649,0.0528446595296146
8273,LZTS2,3441.4172520023,0.409932994605306,0.0876069716132806,4.67922800042505,2.87957088476684e-6,3.32191799527369e-5,3441.4172520023,0.543385281580981,0.100894185428362,5.38569471842163,7.2165360454576e-8,8.4244101637044e-7
8279,MACIR,884.380243970789,0.461283620533645,0.14485772394838,3.18439091793286,0.00145058970919963,0.00686085538742177,884.380243970789,0.850425188659969,0.167614154333978,5.07370748036864,3.90138649708993e-7,3.97588132102815e-6
8306,MAGED1,5332.70186079635,1.13982801308649,0.198110542143829,5.75349499704547,8.741703684535881e-9,2.15296368352937e-7,5332.70186079635,0.859478080913221,0.229349915630302,3.747453224699,1.7863913585709e-4,9.5242644105672e-4
8376,MAP2K7,2762.19384699901,0.316882803124136,0.145987672089151,2.17061344008982,0.0299604052728984,0.0819871513788417,2762.19384699901,0.44333776953083,0.168389807635806,2.63280643736872,0.00846825929800322,0.0271134045711134
8429,MAPKAP1,4854.05280084297,0.367114668233839,0.0890232797859439,4.12380524640931,3.72664026428757e-5,3.0565699768413e-4,4854.05280084297,0.784100179749825,0.102586753065141,7.64328879043409,2.11742338175154e-14,7.30248909523684e-13
8432,MAPKAPK5,1753.0229948642,0.49129657493231,0.117357277658778,4.18633240931831,2.83498079609428e-5,2.410073928816e-4,1753.0229948642,0.502389041667494,0.135635462775786,3.70396525647555,2.122553418789e-4,0.00110624502592387
8433,MAPKAPK5-AS1,762.565370244029,0.483983999136935,0.143128690501357,3.38146040071782,7.21016243097e-4,0.0038226813271741698,762.565370244029,0.68027150925731,0.16369125274867,4.15582077743515,3.24121834514886e-5,2.0974088405026e-4
8456,MARK4,1006.05932780499,0.363751615900362,0.120355060388862,3.02232091218347,0.00250844462230634,0.0108898105839178,1006.05932780499,0.781159522718635,0.140357324782791,5.5655059251629,2.61392900710897e-8,3.32977636391563e-7
8463,MAST2,4479.44006584519,0.397606383874691,0.0783580366518312,5.0742259615485,3.89076495848331e-7,5.72239749873941e-6,4479.44006584519,0.412803504966931,0.0905563090501858,4.55852838191713,5.15133039855664e-6,4.03941048922765e-5
8485,MBD1,2489.05349404035,0.370469032893161,0.0784584450295674,4.7218503088297,2.33708669722849e-6,2.75283400013757e-5,2489.05349404035,0.514998975304127,0.0908824076772644,5.66665197881813,1.45614677529201e-8,1.95731206484314e-7
8553,MDH2,6398.14166868999,0.199086452251435,0.0735650224339418,2.70626509262884,0.00680447040230784,0.0248133364670649,6398.14166868999,0.438655215486041,0.0850228016103187,5.15926559908612,2.47920398908406e-7,2.63429973159366e-6
8584,MED24,3336.61752136991,0.251274821080472,0.0862893028939958,2.91200430010608,0.00359117691637714,0.0146358022635688,3336.61752136991,0.214134910946616,0.0994327343223488,2.15356554766378,0.0312742585328582,0.0811597713911323
8664,METTL8,1182.01778370571,0.383305437577353,0.0771174495691943,4.97041123271886,6.68110443543914e-7,9.07277586984327e-6,1182.01778370571,0.243131707966409,0.0929756266454404,2.61500477854894,0.00892262071491972,0.0283277171075463
8666,MEX3A,238.811623970025,1.01133342272171,0.233922634646326,4.32336710062614,1.53665720923348e-5,1.4128310415943e-4,238.811623970025,1.19830529916395,0.258820849427379,4.62986386844454,3.6590620887692e-6,2.96690453109069e-5
8714,MGRN1,1409.19191087338,0.367855190381269,0.138184656633998,2.66205524796857,0.00776651297631379,0.0276552205478714,1409.19191087338,0.505704748321639,0.159944076669204,3.16175977787246,0.0015681887279605,0.00634069341412523
8724,MIB1,3991.13657846266,1.01576415710349,0.153738510074469,6.60708989967102,3.91948049401797e-11,1.7980870618671e-9,3991.13657846266,0.526439004845319,0.178569368971629,2.94809242972102,0.00319741448828007,0.0118027291997551
8750,MIER2,1431.07384310922,0.423703581072987,0.128852579781039,3.28828170761495,0.00100800920964813,0.00505231448753159,1431.07384310922,0.404352929461615,0.148012199408334,2.73188920290342,0.00629723141238176,0.0209861350915855
8760,MINCR,162.963646490047,0.48257875839147,0.197023537886022,2.44934571558978,0.0143116008289782,0.0454012589536988,162.963646490047,1.16598474396351,0.233070048946361,5.0027223542217,5.65263242213863e-7,5.51733491295105e-6
8888,MLXIP,963.643250103797,0.3526560944101,0.154694202724578,2.27969819294378,0.0226255945628083,0.0654342689071059,963.643250103797,0.415768183272713,0.177445921257903,2.3430698227683,0.0191258034551304,0.0540236813351936
8917,MMRN2,44.2057454695041,0.688856328122753,0.327456919682327,2.1036548221092,0.0354085680423674,0.0934170028149942,44.2057454695041,1.74212366513186,0.441603290106022,3.94499702371694,7.98009697812262e-5,4.654885176736e-4
8945,MORC2,2007.13386155671,0.480071485487182,0.130100047433048,3.69001775909601,2.242383971423e-4,0.00142476266113953,2007.13386155671,0.376838276103376,0.149889422704858,2.51410852949507,0.0119333704354086,0.0363196512192819
8954,MORN4,564.39899193564,0.436901109038579,0.123820472600993,3.52850461527859,4.1791465955058e-4,0.00242716719951518,564.39899193564,0.876913040166411,0.14046732732789,6.24282569368928,4.29735713699891e-10,7.403230097288521e-9
9012,MRPL10,1767.31958016498,0.399888107164108,0.100548126901473,3.97708161740254,6.97662243312665e-5,5.2281857827256e-4,1767.31958016498,0.589394988663779,0.115062358217772,5.12239621882478,3.01677142308417e-7,3.15185593689337e-6
9128,MSRB3,1763.0975420169,0.273617148135536,0.0721548899949865,3.79208045573277,1.493904954435e-4,0.0010064230544389,1763.0975420169,0.642370709631218,0.0843722568560785,7.61353001054563,2.66709363417014e-14,9.00940248885906e-13
9165,MTA1,2460.80971909097,0.387038831880749,0.163319138208084,2.36983146082748,0.0177961954934397,0.0539153173306808,2460.80971909097,0.604628122755681,0.188699442971496,3.20418604970134,0.00135444919971116,0.00561439038689794
9174,MTCH1,23212.6126853601,0.240661336454833,0.107803698016807,2.23240334869878,0.0255883166953628,0.0722791373490962,23212.6126853601,0.585395391780676,0.124493783901308,4.70220579241729,2.57365906902095e-6,2.15535018981005e-5
9206,MTHFD1L,1923.30077841786,0.565614521535974,0.134035512801066,4.21988553418267,2.44426391094073e-5,2.1246847374207e-4,1923.30077841786,0.751021789371313,0.15407013526784,4.87454488221041,1.09059589299557e-6,9.96283009009979e-6
9251,MTSS2,832.548897330895,0.545830337820409,0.190043482358274,2.87213395085762,0.00407710109727884,0.016267982476479,832.548897330895,0.498209290524886,0.220884446035338,2.25552002174558,0.0241007069924149,0.0653538117125451
9295,MYC,6036.73646406899,0.82934074830178,0.12637886465886,6.56233738560998,5.29707941955119e-11,2.3568010643571e-9,6036.73646406899,0.759975934578283,0.145894741906402,5.20907007783627,1.89789427032947e-7,2.06668200042635e-6
9303,MYEF2,1279.14095968252,0.847911445258473,0.12218080381605,6.93980902707968,3.9263034614041e-12,2.33312019109207e-10,1279.14095968252,1.0879467761247,0.144268522524659,7.54112371213024,4.65938827181856e-14,1.5200519648566999e-12
9336,MYO10,6220.67912654076,0.960796796453984,0.148230056383427,6.48179471758877,9.063790867153729e-11,3.8214668732275805e-9,6220.67912654076,0.539024192354007,0.171263462726166,3.14733909833329,0.00164763759728374,0.00661906508462822
9344,MYO1C,14987.1272538188,0.164285744246406,0.0765051071960874,2.14738270773651,0.0317628261665383,0.0858756240802233,14987.1272538188,0.572702908147358,0.08847112091848,6.47333166124417,9.58652074384172e-11,1.8603809709324601e-9
9357,MYO9B,6064.14130216799,0.400389531964935,0.119039548451359,3.36350009029594,7.6960811104454e-4,0.00403679515117797,6064.14130216799,0.419347642731565,0.137300361136054,3.05423554069188,0.00225634851455939,0.00869777436759895
9401,NAB2,940.518310353103,0.640658979553725,0.212346279037915,3.01704829703813,0.00255249140211913,0.0110404293475148,940.518310353103,0.643828831112917,0.242959632758803,2.64994157178397,0.008050569215574,0.0259412006081479
9431,NANP,1183.31069807592,0.252209977041694,0.113614946467019,2.21986617856575,0.0264278529671904,0.0742007959954031,1183.31069807592,0.508580633613972,0.134573306199307,3.77920887862225,1.5732741102653e-4,8.5113012256974e-4
9451,NARS1,6720.5675813559,0.276863060461392,0.0878207544863547,3.15259259705416,0.00161827487138213,0.00752334245797711,6720.5675813559,0.444068375527893,0.101537953695473,4.37342254168052,1.2231365561157e-5,8.73706904360636e-5
9463,NAV1,3142.0560271082,0.80610961544952,0.0983952748169203,8.19256429690768,2.55718539638754e-16,3.5655621259236704e-14,3142.0560271082,0.266828242480408,0.113527351328094,2.35034323763332,0.0187561063657751,0.0532118555090447
9464,NAV2,4263.58679320542,0.556933295061563,0.101351260405881,5.4950801088335,3.90533094250054e-8,7.92418342587834e-7,4263.58679320542,0.709221295491029,0.116152532732811,6.10594774650733,1.02192440127221e-9,1.65057655748748e-8
9482,NBPF15,1450.21678470805,0.521521597430907,0.11178100905782,4.66556530332577,3.07769729557717e-6,3.52521757503755e-5,1450.21678470805,0.301761887737112,0.128692725966418,2.34482474025653,0.0190360252793536,0.0538288729826607
9506,NCBP2AS2,583.083680528694,0.201377803130416,0.0937833961291631,2.14726498977569,0.0317721913637556,0.0858756240802233,583.083680528694,0.343084441711737,0.107221335634148,3.1997777278431,0.00137533608568006,0.00569184803824528
9514,NCKAP1,10303.0491458576,0.254537619919758,0.0781284700976272,3.25793682637961,0.00112225386618143,0.00552024207287244,10303.0491458576,0.367957564674266,0.0911526002592342,4.0367204405339,5.4203594244723e-5,3.3066384009264e-4
9532,NCS1,2173.15371409913,0.467172711965513,0.103344013434127,4.52055901876982,6.16765468090668e-6,6.43967152650328e-5,2173.15371409913,0.756675056062314,0.119091158043044,6.35374673062483,2.10132707886757e-10,3.8469795844263205e-9
9551,NDUFA10,2268.53853141055,0.250953251295282,0.0834170081639495,3.00841826887453,0.0026261142816725,0.0113064020665832,2268.53853141055,0.224811415690122,0.0970396372905966,2.31669678460254,0.0205202548579706,0.0573186878214157
9566,NDUFAF2,1264.30709710695,0.386904234193123,0.118290272578752,3.27080347148191,0.00107242409554545,0.00532244559526872,1264.30709710695,0.373331563694018,0.135165877991343,2.76202521850914,0.00574440412748886,0.0194117545972962
9610,NECTIN2,5099.33511495951,0.487166562876593,0.108905393736371,4.47330059754328,7.70213821805794e-6,7.76263309990723e-5,5099.33511495951,0.333202904493685,0.126033630828363,2.6437618459747,0.00819903216101763,0.0263586072988965
9628,NEK3,216.809432690918,1.10999126992938,0.202509440308328,5.48118284381893,4.22491560373476e-8,8.43458912186417e-7,216.809432690918,1.73214417549343,0.233148012300837,7.42937569314722,1.09111431959455e-13,3.3541113532392e-12
9635,NELFA,1134.07132872237,0.395425886857886,0.129875600853875,3.04465106808465,0.00232950405097984,0.0102181961195816,1134.07132872237,0.379861685253451,0.148819446269791,2.55250032690492,0.0106952809174087,0.0331647125005314
9636,NELFB,4476.68968907836,0.293086390287878,0.0955782829104021,3.06645381527334,0.0021661426956898,0.00959712776251946,4476.68968907836,0.288448061645995,0.110628318861285,2.60736188179516,0.00912428726335932,0.0288717835005914
9643,NENF,1613.24967343893,0.27806107871617203,0.0979333185213686,2.83928986492478,0.00452140639540821,0.0177252743966988,1613.24967343893,0.475368225186404,0.112489453935295,4.22589148187918,2.37996671657624e-5,1.5877552457748e-4
9661,NF2,393.722576898661,0.292977703152301,0.10386144138555,2.82085150411807,0.00478963684411871,0.018559056725526,393.722576898661,0.669430481017654,0.126559890024568,5.28943633632824,1.22693877910817e-7,1.37809885449954e-6
9689,NFS1,1000.39147658743,0.606905226198013,0.11760339819782,5.1606096039601,2.46147001801234e-7,3.85050451227584e-6,1000.39147658743,0.42957702292947,0.135413858092889,3.17232688721412,0.00151222686222456,0.00614874906073161
9768,NLN,2109.58302349511,0.39049045316198,0.134167614689492,2.91046728426754,0.0036088874664734,0.0146978333156189,2109.58302349511,0.402907442066744,0.154918906338843,2.60076353227987,0.00930165455331278,0.0293494210197472
9799,NMT2,2929.06393748958,0.719599568769865,0.0932806677319752,7.71434838821589,1.2160189011717e-14,1.1896830222071e-12,2929.06393748958,0.398615865473455,0.110781053452317,3.59823140375742,3.2038849909391e-4,0.00158669424633326
9823,NOLC1,8923.17058849145,0.286815538754393,0.121532566579574,2.35998915209775,0.0182754694631893,0.0550377573561489,8923.17058849145,0.302713363688669,0.140141796316331,2.16005054627227,0.0307687568068746,0.080063216809064
9834,NOP53,2535.14468365666,0.645340432236598,0.0968975460777215,6.66002864220081,2.73774225859746e-11,1.31738967160989e-9,2535.14468365666,0.609610275196231,0.111251392887052,5.47957431701678,4.26350341898153e-8,5.22293592043841e-7
9845,NOTCH1,2385.36433828005,1.14381837658064,0.192725821212371,5.93495136969857,2.93932609132476e-9,8.27497399446404e-8,2385.36433828005,0.843924132602963,0.222220562990786,3.79768695230043,1.4605261388802e-4,7.9838488220152e-4
9846,NOTCH2,11546.5645663581,0.17929345967556,0.0716096764349046,2.50376022629488,0.0122881278650376,0.0400827000443992,11546.5645663581,0.361221959746832,0.0829380391038902,4.35532312615152,1.32870768881034e-5,9.41588313643833e-5
9850,NOTCH3,50.3521276071732,0.836207754501418,0.287442492308609,2.90913061525933,0.00362435402567893,0.0147438688460194,50.3521276071732,1.52170393146954,0.335203767173847,4.53963851390829,5.63507523858461e-6,4.37749753715256e-5
9862,NPC1,7399.4135092094,0.901768024451204,0.123975659378076,7.27375058116184,3.49641296745769e-13,2.5271216664384002e-11,7399.4135092094,0.9507871343715,0.143416318965403,6.62956029851012,3.3668827953817796e-11,7.03123182158968e-10
9894,NPM3,1382.99248446569,0.691020493042934,0.143818482200939,4.8048100805115,1.54898467694407e-6,1.90217896389221e-5,1382.99248446569,0.768264905494705,0.163567414688321,4.6969312742311,2.64099262963193e-6,2.20869506041839e-5
9900,NPRL2,1027.18474307538,0.377853208908429,0.121403348919736,3.11237879573027,0.00185586202867682,0.00844822745599205,1027.18474307538,0.521374438898074,0.138920904851161,3.75303083043314,1.74709358263e-4,9.3367403798994e-4
9976,NSMF,3931.90721130352,0.316677548761788,0.103503528636223,3.05958215081531,0.00221645990700063,0.00978291925054016,3931.90721130352,0.908148456454203,0.119649889445532,7.59004843767627,3.19785923700921e-14,1.0663064336148899e-12
9995,NT5DC2,3352.70808830395,0.45808813233882,0.111873193140665,4.09470865610172,4.22699587204982e-5,3.4038946294796e-4,3352.70808830395,0.80157388379978,0.129114315345173,6.20824950089276,5.35780408967071e-10,9.040857488124681e-9
9999,NT5M,28.4514730793567,1.20968136957244,0.532972722901175,2.2696872046053,0.0232265683051731,0.0668122273469793,28.4514730793567,1.35536558677327,0.621305240626434,2.18148101472106,0.0291478571909057,0.0764856669997882
10062,NUMBL,1046.85043117424,0.322328708191204,0.154993677908829,2.07962487593079,0.0375599534829011,0.0981859545726621,1046.85043117424,0.867593371063383,0.178252129949677,4.86722582955008,1.13175679210936e-6,1.02921087282431e-5
10070,NUP188,7218.48047899351,0.268884754462967,0.0822182571429092,3.27037769720173,0.00107403974446304,0.00532897052254177,7218.48047899351,0.261053302031975,0.0949167298573909,2.75034024480403,0.00595334128955095,0.0200280931602767
10074,NUP214,2498.05586621095,0.344356457040133,0.0997814902180665,3.45110557366464,5.5829513396352e-4,0.00308368379046353,2498.05586621095,0.257674808763149,0.115467259412021,2.23158330833583,0.025642515844612,0.0688133084159692
10087,NUP93,2618.62150270288,0.270048422867037,0.118346726730777,2.28184108109185,0.0224987244051575,0.0651377411787519,2618.62150270288,0.303753939474788,0.136142502317939,2.23114702832051,0.0256713914662115,0.0688703828548266
10167,OLFM2,57.892293647572,1.62615696518503,0.496575343100118,3.27474367743057,0.00105757884824974,0.00525465944018137,57.892293647572,2.84301770695351,0.581159469426679,4.89197519186632,9.98290301005593e-7,9.193816983727e-6
10209,ORC2,1360.95022170442,0.177726266774717,0.084091794722214,2.11347929202619,0.0345597655939221,0.0917792935118735,1360.95022170442,0.220935776105861,0.100783656712791,2.19217860625432,0.0283666126006266,0.0747715661299964
10236,OSGIN1,807.116836787288,1.20590349070939,0.181416222337977,6.64716459844918,2.9879283799027596e-11,1.40345452921268e-9,807.116836787288,0.976913914034495,0.207504311721695,4.70792103512882,2.50256002613843e-6,2.10652495738086e-5
10293,P3H4,490.902478029693,0.447919383988532,0.147565562086803,3.03539238867299,0.00240222930779393,0.0104956024136232,490.902478029693,0.383089710819229,0.167523886024959,2.28677664964238,0.022208863089856,0.0612138339328563
10303,PAAF1,703.153541230382,0.3834427720829,0.157363119073389,2.43667496132989,0.0148229966688719,0.0466641111133125,703.153541230382,0.842090833250896,0.181036068158542,4.65150862928286,3.29515483404939e-6,2.69842032678871e-5
10310,PABPC4,5245.33641370758,0.412635243058947,0.0950927951986637,4.33929029214976,1.42943598379499e-5,1.3266484486919e-4,5245.33641370758,0.261813419072591,0.109689652250021,2.3868561318421,0.0169931397895039,0.0489854782723704
10315,PACC1,1083.55012958893,0.875908533477093,0.158507533164553,5.52597416658913,3.27662346383423e-8,6.85844542524544e-7,1083.55012958893,0.791430200068356,0.181454648639874,4.36158679868862,1.29122551774739e-5,9.17900636997813e-5
10318,PACS1,5848.82858170199,0.528010410509246,0.116721286881604,4.52368564994348,6.07719646451497e-6,6.37152131401013e-5,5848.82858170199,0.73176420966221,0.135091531051683,5.41680299250035,6.06741305085852e-8,7.19427509488176e-7
10387,PARD6G,137.485323444765,0.801173549227203,0.215928741596063,3.71036085008986,2.0696403137193e-4,0.00132642745839093,137.485323444765,1.10164059101919,0.255710818300305,4.3081501140301,1.64625643673298e-5,1.137242237447e-4
10502,PCID2,2012.94318160448,0.823060676517213,0.103745819891239,7.93343459408831,2.1316684928379e-15,2.45114192669957e-13,2012.94318160448,0.437206329782707,0.121079332917418,3.61090798279259,3.0512691223768e-4,0.00151775491015811
10540,PDCD11,3408.09737661332,0.376692364290985,0.146947537301821,2.56344795705751,0.0103638236944164,0.0349681360294686,3408.09737661332,0.794820799491639,0.168918418537346,4.70535307146458,2.53426970870178e-6,2.12826935740976e-5
10655,PER1,866.84868201372,1.51758663383761,0.182953147702036,8.29494683693119,1.08633777862552e-16,1.70237782158413e-14,866.84868201372,2.12617401919795,0.211039953120707,10.0747464532551,7.14448231085184e-24,8.08487479501772e-22
10678,PEX6,3195.71843425108,0.371871142335582,0.127357366138069,2.91990289695873,0.00350140467016192,0.0143425569972767,3195.71843425108,1.05931812018554,0.146682598377494,7.22183907227592,5.12891484685435e-13,1.4308803115122499e-11
10760,PHF2,1728.34979027519,0.493039841049604,0.11273256003031,4.37353539134606,1.22250415015795e-5,1.1521076897816e-4,1728.34979027519,0.481271402210868,0.130668411654497,3.68315032008965,2.3036922005928e-4,0.00119003283834335
10770,PHF8,2846.37768553423,0.480955166362345,0.106829298001234,4.50209048791831,6.72883200942342e-6,6.91952132536991e-5,2846.37768553423,0.611099645633189,0.124086355356271,4.92479325288126,8.44495940417666e-7,7.89387893505538e-6
10779,PHLDA1,16437.9247239387,1.03801568344944,0.128286029344275,8.0914164134254,5.89748579464743e-16,7.56758539504468e-14,16437.9247239387,0.347835768040209,0.14815358580187,2.34780526004534,0.0188843918036182,0.0534919896740163
10935,PKP4,3661.45124493328,0.167398664591107,0.0738901579922465,2.26550692459844,0.023481589574311,0.0674143949711251,3661.45124493328,0.191395746361065,0.0863647708175789,2.21613216302437,0.0266824520923052,0.0710041854178833
10939,PLA2G15,967.661748974785,0.214439448764637,0.099628330206772,2.15239428704247,0.0313663132815709,0.0849841058034563,967.661748974785,0.4624423697617,0.113144881536844,4.08717003792269,4.36667081722731e-5,2.7319606709301e-4
10968,PLBD2,4090.61685937253,0.213228654841122,0.0750626188210756,2.84067699995104,0.00450178830672881,0.0176679227250784,4090.61685937253,0.193922285274086,0.0869354646914898,2.23064644517934,0.0257045576987144,0.0689352319570538
10971,PLCB3,4603.2434971222,0.353026498779044,0.109414371375274,3.22650940952005,0.00125310111644726,0.00605950698253634,4603.2434971222,0.476471056306114,0.125879673614614,3.78513101142009,1.5362762393114e-4,8.3380748168384e-4
10987,PLD2,787.451941650134,0.692157169687416,0.125623807500278,5.50976111503297,3.5932100586364e-8,7.42456986211591e-7,787.451941650134,1.30308906915178,0.146219877638814,8.91184625643454,5.018969927509319e-19,3.22246345771219e-17
10988,PLD3,5913.08770668183,0.278167260730502,0.0733688217899075,3.79135515528704,1.4982751949798e-4,0.00100765124013301,5913.08770668183,0.741752812731251,0.0844660994340588,8.78166291211688,1.6107522205370599e-18,9.56205891968655e-17
11001,PLEKHA8,1438.93265259683,0.790420581111542,0.148662817703658,5.31686801932649,1.05568582985214e-7,1.86940846750217e-6,1438.93265259683,0.358815012968338,0.173508981234034,2.067991007822,0.0386408686724148,0.0965275342415483
11017,PLEKHH3,764.561169756086,0.721094204152495,0.210205954887623,3.43041758516306,6.0265301291998e-4,0.00327858050776871,764.561169756086,0.715298888767212,0.242007575926198,2.95568800286379,0.0031197249861411,0.0115583672189627
11020,PLEKHM2,3622.03210713815,0.361929234634502,0.0942546960768348,3.83990665398214,1.2308109975172e-4,8.4938430023519e-4,3622.03210713815,0.699117042526277,0.108656850086475,6.43417365743516,1.24146859342382e-10,2.37611314508792e-9
11068,PLXNB1,369.062775252405,0.788840909146214,0.267884664930627,2.94470349525418,0.00323264289199152,0.0133840636734594,369.062775252405,2.12379617296251,0.316392333169261,6.71253993953875,1.9126542726847197e-11,4.1275945484183e-10
11069,PLXNB2,9186.20769159996,0.217819907225842,0.0875012607596848,2.48933450026585,0.0127982489259675,0.0415137960749978,9186.20769159996,0.418524365618872,0.101242828661081,4.13386677509692,3.56710300294253e-5,2.285419921135e-4
11143,POLG,3381.09611719202,0.777799172008053,0.156930643566686,4.95632436298228,7.18392476149113e-7,9.68135005148288e-6,3381.09611719202,0.575572046630997,0.181310914000641,3.17450303421317,0.00150093321538419,0.00611381255292376
11150,POLL,926.462382060799,0.264954220060985,0.111162199697459,2.38349205739082,0.0171492545342701,0.0523313801986652,926.462382060799,0.676332069845386,0.127921767236246,5.28707572180688,1.24287200520458e-7,1.39426521228216e-6
11157,POLR1D,1809.19395039119,0.383508591158186,0.0925697938005635,4.14291288132751,3.42922237085638e-5,2.8376013898656e-4,1809.19395039119,0.471793630203523,0.107131995794446,4.40385364526163,1.06344700447689e-5,7.71737110148806e-5
11181,POLR3D,1356.6160143484,0.939335623892526,0.16821775609171,5.58404561870636,2.34987023692626e-8,5.20630624293415e-7,1356.6160143484,0.89473632823720906,0.194290003270102,4.60515885108792,4.12151128293084e-6,3.29903109145649e-5
11184,POLR3G,751.34195884462,0.439776781885458,0.141462909778737,3.10877800105566,0.00187862816518554,0.00853212299284572,751.34195884462,1.40328860422895,0.153489599001782,9.1425647949778,6.098840755259249e-20,4.41702442858896e-18
11188,POLRMT,1958.12804245183,0.530159421943066,0.166395005262673,3.18614985531656,0.0014417989484524,0.00683205131902464,1958.12804245183,0.617930634924258,0.190974941767168,3.23566342896244,0.00121360389891,0.00510418401711136
11194,POMGNT1,4363.72117221638,0.171188887790837,0.0729455892565333,2.34680245283651,0.0189352911302408,0.0566778457292604,4363.72117221638,0.477627188013582,0.0838537961788029,5.69595188028374,1.22685479175182e-8,1.6777517265452e-7
11198,POMT1,1759.9815164616,0.24970882797709,0.0666163484093185,3.74846166053377,1.7792252875596e-4,0.0011690731499854,1759.9815164616,0.322157949552755,0.0789308413345348,4.081521799411,4.47417802504397e-5,2.791888220575e-4
11208,POPDC3,445.449676210047,0.923112142664845,0.14429802501593,6.39726110293565,1.58188698104305e-10,6.29484374388996e-9,445.449676210047,0.437533545131707,0.16678722156117,2.62330375814337,0.00870815952939025,0.027734377561854
11232,PPARD,3844.82860119592,0.687363040164066,0.09966516717137,6.89672289398938,5.32158416134991e-12,3.05956533536312e-10,3844.82860119592,1.1246941092831,0.1150602026899,9.77483163587221,1.4439720890753e-22,1.42089992634769e-20
11271,PPIF,4984.17284913831,0.655491178452587,0.149838316404919,4.37465659104982,1.21623791031877e-5,1.1474235970125e-4,4984.17284913831,0.368666646682611,0.17272437019919,2.13442171627232,0.0328082755013976,0.084306931057097
11324,PPP1R26,1734.06229880951,0.463408560923544,0.109639107604511,4.22667213413617,2.37172853120033e-5,2.0696293034357e-4,1734.06229880951,1.00978855428641,0.126008958053538,8.01362514129652,1.11375827936633e-15,4.5418259923889105e-14
11349,PPP2R2D,1874.8972884227,0.269278723728016,0.0944431359825634,2.85122598827861,0.00435510045773437,0.0171951212721427,1874.8972884227,0.439198255505998,0.109913695825903,3.99584648851824,6.44634977188694e-5,3.8457202296469e-4
11357,PPP2R5D,3862.75619437062,0.614538934218747,0.0902495847028231,6.80932700402247,9.80563666006481e-12,5.27775726372121e-10,3862.75619437062,0.404107060544318,0.104635234801115,3.86205527528486,1.1243711792004e-4,6.3164333138702e-4
11464,PRKCD,2154.81554446724,0.545008119284475,0.157468303976992,3.46106553204578,5.3804182102476e-4,0.00299141116694082,2154.81554446724,1.22649591811235,0.181794680861793,6.74659958310207,1.51350202941278e-11,3.32970446470811e-10
11535,PRR14,1289.40412868198,0.524062774942619,0.161414916083414,3.24668120926198,0.001167590926747,0.00570206843100824,1289.40412868198,0.490726789443533,0.185355106976117,2.6474953803499,0.00810904676685588,0.0261249823417603
11552,PRRC2A,159.772531406671,0.693157126903476,0.256212738667819,2.70539681402086,0.00682228397917766,0.0248578198977938,159.772531406671,0.683300840960498,0.298136495497438,2.29190606074717,0.0219110644616931,0.0605035432581081
11707,PTGR1,2994.33435079054,0.994710052992357,0.163253422995434,6.09304255151928,1.10784598870537e-9,3.50316727999905e-8,2994.33435079054,0.395557040338719,0.189106581770082,2.09171482365241,0.0364640336627853,0.0919139347763318
11709,PTGR3,816.278252658246,0.42019437229975,0.106521531164382,3.94468956375883,7.99034238449001e-5,5.8589226892152e-4,816.278252658246,0.34404075052819,0.125661604420554,2.73783509381898,0.00618450786201844,0.0206904470343137
11714,PTK2,7590.44297921252,0.307384824194224,0.107693735638472,2.85424980730649,0.00431385955699549,0.0170551071746542,7590.44297921252,0.267692541916274,0.124574045519999,2.14886287748678,0.0316452712889857,0.0818761477505538
11733,PTPDC1,1228.66381779476,0.437259344570624,0.0860746725904178,5.08000009075028,3.77434688014598e-7,5.57432314875938e-6,1228.66381779476,0.340067891517797,0.0992467934706275,3.42648744232167,6.1144203366351e-4,0.00280073454786773
11758,PTPRF,14634.1384724286,0.481934261691726,0.0930547281235897,5.17904110204535,2.23029330813777e-7,3.55162175364241e-6,14634.1384724286,1.13681021296837,0.107538286746284,10.5712137264234,4.05215968049261e-26,5.5164212913533204e-24
11763,PTPRM,7340.19623455921,0.561383852974839,0.121936114178463,4.60391785286194,4.14616061641564e-6,4.59314728463596e-5,7340.19623455921,0.435162892720723,0.14168298522026,3.07138427415415,0.0021306874057431,0.00827148931569136
11768,PTPRS,1687.33317864029,0.339105104421511,0.138462677876535,2.44907226714108,0.0143224708587277,0.0454276041494448,1687.33317864029,1.3577056157534,0.16188145977891,8.38703590644471,4.98552761321271e-17,2.4798890924403703e-15
11795,PVR,6408.7033200838,0.539763400170452,0.124565955454461,4.33315345433833,1.46988577882926e-5,1.3599131333076e-4,6408.7033200838,0.746024084757884,0.143834154592716,5.18669635087953,2.14057320457971e-7,2.31077662227623e-6
11815,PYCR1,2920.5488972471,1.4748052438902,0.157639212439413,9.35557353445307,8.31473696094685e-21,2.72661781674902e-18,2920.5488972471,1.02449153077892,0.181849720465705,5.63372617871103,1.76356959472377e-8,2.33122503013302e-7
11832,QPCTL,1125.97079889563,0.262828676742045,0.105454593159047,2.49233977267966,0.0126904573746226,0.0412183820964447,1125.97079889563,0.645537780601268,0.121780473325405,5.3008315945394,1.15276386182634e-7,1.29962281956586e-6
11847,R3HDM4,2253.6172016741,0.603456700120575,0.110766122243676,5.44802587557432,5.09319500957934e-8,9.90014239622732e-7,2253.6172016741,0.731013756002583,0.128370254851098,5.69457275636414,1.23681237007734e-8,1.68881785615537e-7
11897,RAB3D,329.415981908525,0.420402827520022,0.181533083375073,2.31584689525385,0.0205666297096904,0.0605677496921997,329.415981908525,1.30676986064921,0.213226636664774,6.12854885810377,8.868419680111201e-10,1.4505113525573e-8
11900,RAB3IL1,301.982976251307,0.528995843418791,0.208542159816903,2.5366374064757,0.0111922810561955,0.0372263172319892,301.982976251307,0.927853792479789,0.22952599615958,4.04247801122575,5.28892737967588e-5,3.2417508170755e-4
11916,RAB6B,57.3539214014216,0.781805607388487,0.324954623174384,2.40589162804106,0.01613304973494,0.0498402031937051,57.3539214014216,0.906247281592562,0.3990091483508,2.27124436955468,0.0231321888202571,0.0632867045602259
11927,RABEPK,1179.11676742371,0.372934101729627,0.102433229500229,3.64075313791404,2.718416884945e-4,0.00168549461479715,1179.11676742371,0.686148833002936,0.115988493301403,5.91566295477205,3.30541467735779e-9,4.90556050395412e-8
11944,RACK1,37688.0934420415,0.171529212732877,0.0683780599842989,2.50854166924688,0.0121230668747,0.0396958706022906,37688.0934420415,0.495945043356021,0.0789091165954411,6.28501578466124,3.27820382104271e-10,5.82484380606471e-9
11965,RAD54L2,1082.04621706204,0.399639231299348,0.125546668844166,3.18319263249746,0.00145660672348408,0.00688379820108247,1082.04621706204,0.481140515291356,0.145549709637337,3.3056782901883,9.4746804083299e-4,0.00410698021243049
11978,RAI14,5954.19139537647,0.468761894255298,0.102662183497418,4.56606199367546,4.96971850667504e-6,5.34335138402893e-5,5954.19139537647,0.898009491436165,0.11897943191161,7.54760278317095,4.43342635212639e-14,1.4568351639128898e-12
11991,RALY,6091.33428244252,0.224140907229566,0.104265873912316,2.14970535247285,0.0315785288095969,0.0854511901223018,6091.33428244252,0.354570580826846,0.120429818565239,2.94420920874152,0.00323781051313291,0.0119292403575006
12105,RBM15,1034.95739217959,0.780432537542232,0.162631347039524,4.79878296373309,1.59632660925161e-6,1.95489291816234e-5,1034.95739217959,0.494337841817399,0.188511482129396,2.62232218554242,0.0087332827092685,0.0278094999532212
12213,RELA,5237.00207214052,0.380041697356242,0.109197808869949,3.48030515711959,5.0084297063752e-4,0.00281821649953904,5237.00207214052,0.65480874445865,0.12620749721692,5.18835060434794,2.12164870857326e-7,2.29203887335486e-6
12226,REPS1,1366.39209441453,0.203077690122373,0.0971478477919615,2.09039824080567,0.0365820407975739,0.0959695968064354,1366.39209441453,0.328960128460753,0.112706046162355,2.91874428801168,0.00351444385875644,0.0127699218355697
12277,RGMB,2250.36881623113,1.89307144741386,0.24177735424411,7.82981290093252,4.8859652700780705e-15,5.21208873509292e-13,2250.36881623113,1.74783099118109,0.278562793750123,6.27445958468142,3.50850748017992e-10,6.173472928681991e-9
12319,RHOBTB1,404.394536188734,1.19895347637136,0.219881637967779,5.45272214384289,4.96045458101818e-8,9.67397904412665e-7,404.394536188734,1.54370040113656,0.258215986674486,5.97833008334448,2.254365871868e-9,3.43460715704033e-8
12348,RILPL1,621.295316727647,0.920089012443641,0.158176643725234,5.81684495747624,5.99687156295333e-9,1.55025695820113e-7,621.295316727647,1.6319817211489,0.181785044095195,8.97753568931821,2.7689885644657397e-19,1.87072040851555e-17
12451,RNF10,7039.71470719722,0.512543489446246,0.112481109127863,4.55670728551947,5.19617577591892e-6,5.55639375845243e-5,7039.71470719722,0.411694642216082,0.129956815282482,3.16793421969597,0.00153526253528082,0.0062270303458321
12484,RNF169,1701.4476788794,1.17386746610305,0.182341133078791,6.437754588241,1.2125383698441e-10,4.9360067708504e-9,1701.4476788794,0.606581623994688,0.2107521481018,2.87817528531994,0.00399982823198701,0.0142524403383104
12536,RNPEPL1,1087.97921794513,0.524318488271408,0.14009773983193,3.74251925049192,1.8218457124026e-4,0.00119309333858085,1087.97921794513,0.491784728339707,0.16208577791945,3.03410166303489,0.00241253116624522,0.00921157513623702
12537,RNPS1,4131.22670708311,0.429441145615455,0.126203868201391,3.40275739353859,6.6709486827561e-4,0.00358523588196973,4131.22670708311,0.311512451531608,0.145593696427007,2.13960122708872,0.0323870073740104,0.0834613087836369
12608,RPAP1,1291.20808263539,0.31971389661184,0.098916237516308,3.23216799020615,0.00122854808358365,0.00596028707408257,1291.20808263539,0.62690047359241,0.113991389043036,5.49954236767597,3.80778208903466e-8,4.71893925421366e-7
12652,RPL14,17922.8070454501,0.200621034086161,0.0801837786086266,2.5020152151395,0.0123488617677645,0.0402565618894649,17922.8070454501,0.256634195903918,0.0924884116458044,2.77477136148396,0.00552405280244116,0.0187828169091079
12669,RPL18A,9758.87260147735,0.267619054694542,0.0986072066052805,2.71399083198662,0.006647800595797,0.0243725161387936,9758.87260147735,0.635891764313007,0.113297557476098,5.61258140491826,1.99330384960538e-8,2.59272697564332e-7
12718,RPL28,16701.6820498974,0.337079591448614,0.128459553807825,2.62401340699721,0.0086900364384544,0.0302859998528145,16701.6820498974,0.609195613301257,0.148159766612654,4.11174792745136,3.92674894270042e-5,2.4911603488624e-4
12727,RPL3,29538.8726462591,0.313507892684193,0.0903753164025293,3.46895485585729,5.2248724183612e-4,0.00291599236098454,29538.8726462591,0.311834685167793,0.104300087106387,2.98978355454025,0.00279175194610768,0.0104848497689744
12775,RPL39L,1063.94462834643,0.489785719500792,0.116210227565581,4.21465244291335,2.50163133244872e-5,2.1619759704735e-4,1063.94462834643,0.825024452463468,0.132102234701989,6.24534819054839,4.22857060247072e-10,7.291666602698561e-9
12855,RPRD1B,2353.20231337996,0.451625853531458,0.114278282952885,3.95198319279664,7.75061854200786e-5,5.7091494651362e-4,2353.20231337996,0.303906016630893,0.132603974336388,2.29183188627475,0.0219153459342507,0.0605061380734283
12881,RPS16,20699.4220913128,0.313861261394323,0.113453287627497,2.76643601924369,0.00566727044150986,0.0213115364150046,20699.4220913128,0.720561688510206,0.130958726045803,5.50220447515797,3.75071589302405e-8,4.6514015040475e-7
12889,RPS19,21609.0117310513,0.251600475321542,0.121340221086505,2.07351258361539,0.0381246012494429,0.0993516784119452,21609.0117310513,0.709243705718799,0.140071264030066,5.06344902810732,4.11738506462146e-7,4.16050287145448e-6
13014,RRP12,2069.81546290441,0.468140178679941,0.177106920964322,2.64326304207077,0.00821112172656362,0.028907066308944,2069.81546290441,0.518712844671696,0.203384003629939,2.55041121923976,0.0107595924304819,0.033329270883471
13020,RRP8,967.519971370965,0.31926069555152,0.138954147695256,2.29759745100736,0.0215847108716782,0.0629482971205002,967.519971370965,0.431918017295756,0.159749427523617,2.70372184734059,0.00685676597579341,0.0226012388053369
13023,RSAD1,1589.67067885574,0.302684914906322,0.137658849118462,2.19880463075677,0.027891817096806,0.0775853435674271,1589.67067885574,0.805134599064144,0.156767356757059,5.1358561866413,2.80862381865874e-7,2.94970666244983e-6
13090,RUSF1,1077.034291217,0.808477147264101,0.164994222969477,4.90003306002819,9.58205302019866e-7,1.24596425296452e-5,1077.034291217,0.903031190640934,0.191412356256126,4.7177267356377,2.38494537711402e-6,2.01784210271152e-5
13093,RUVBL2,5019.53980619152,0.237347429104101,0.0832936091050362,2.84952749261707,0.00437842215069593,0.0172602625655662,5019.53980619152,0.281560761142976,0.0958267011899787,2.9382286737052,0.00330093450600162,0.0121206084294596
13152,SAMD4B,3429.04849889868,0.261615698231853,0.125051087623122,2.09207055455853,0.0364322047298416,0.095659882859473,3429.04849889868,0.464394736731042,0.144402051726563,3.2159843380232,0.00129997926571148,0.00542212038354576
13176,SART1,3427.73002061782,0.246844674602178,0.0941503703704632,2.62181310207164,0.00874633810271504,0.0304490940290816,3427.73002061782,0.617814669096255,0.10779961827185,5.73113967378107,9.97580767109788e-9,1.39154062937518e-7
13221,SCARB1,1796.26551489013,0.242029818092981,0.114768422546921,2.10885374846057,0.0349572075344572,0.0925986882603095,1796.26551489013,0.74256757271897,0.130971268475886,5.66969825794799,1.43049230775618e-8,1.92568726574226e-7
13273,SCYL1,5170.74556241828,0.51611345116691,0.135419787546498,3.81121149661895,1.3828738607828e-4,9.3895438369413e-4,5170.74556241828,0.540331796141559,0.1565188597022,3.45218331624457,5.56069796847e-4,0.00258260477231121
13329,SEC24C,4193.80776810475,0.547647810209721,0.124092780135024,4.41321251416748,1.01847933061948e-5,9.84455894465595e-5,4193.80776810475,0.386135419814613,0.143214829257869,2.69619718722945,0.00701361343085366,0.023017669889258
13375,SEMA4C,1303.75686784673,0.600757176697116,0.138784199941581,4.32871448587084,1.4998222104244e-5,1.3803976976193e-4,1303.75686784673,0.817590103430648,0.159741689594962,5.11820117530817,3.08463484125857e-7,3.21718884999007e-6
13553,SH3BP5L,2909.30176101452,0.240022759237941,0.10723529421263,2.238281351306,0.0252027134493326,0.0713720853607518,2909.30176101452,1.10577120560409,0.123194559649577,8.97581198998902,2.81269395328118e-19,1.89318352111929e-17
13554,SH3D21,1494.94099302753,0.641509465603922,0.160773200639097,3.99015173582306,6.60310390106853e-5,4.9820095389911e-4,1494.94099302753,0.423720695190342,0.1861330171572,2.27644026654597,0.0228196719514708,0.0625640491146774
13563,SH3PXD2B,544.162537841869,0.939464739525416,0.192529877224547,4.87957896752679,1.06312550566548e-6,1.36815599232008e-5,544.162537841869,0.635236320186967,0.216304909483939,2.93676330187103,0.00331657138701847,0.0121681543127369
13614,SIAH2,739.123389268685,0.746700739908044,0.140612101906558,5.31035899317013,1.09409506699351e-7,1.92778462152449e-6,739.123389268685,0.496618082685868,0.163165406715912,3.04364811562375,0.00233728352722287,0.00896585922540198
13639,SIPA1L3,4278.32937024979,0.519159328944466,0.181854442620259,2.85480696244828,0.00430629944259842,0.017036628804632,4278.32937024979,0.831981008261833,0.209867022693288,3.96432463559432,7.36040313248905e-5,4.3324921689482e-4
13717,SLC19A2,1194.23198285951,0.609260649510937,0.113176631244538,5.38327252553153,7.31436666188761e-8,1.35768139254409e-6,1194.23198285951,0.501007352895759,0.133745868184412,3.74596508809496,1.797015832564e-4,9.5640119530876e-4
13943,SLC6A8,215.201242947716,0.721872848862216,0.182142668543773,3.96322758765738,7.3943228742276e-5,5.4821096257922e-4,215.201242947716,0.741757705054247,0.219983305879655,3.37188179843082,7.4656481743581e-4,0.00334090523591026
13953,SLC7A6,1166.52726127187,0.373807932951257,0.11176260030041,3.34466030627855,8.2383404723039e-4,0.00426687724725235,1166.52726127187,0.287298703347501,0.13022509105033,2.20617010923391,0.0273720913108692,0.0724877995136166
14011,SMAD4,1382.80729905819,0.314037027100699,0.115454379312439,2.72000966070644,0.00652800090965042,0.0240178350525846,1382.80729905819,0.303386021745961,0.136294431663632,2.22596050361545,0.026016827086271,0.0696452511308387
14022,SMARCA4,6987.81477387582,0.242924591491356,0.107376344163592,2.26236601165383,0.0236747990488445,0.0678714403500136,6987.81477387582,0.425700055009293,0.123724328596229,3.44071420584187,5.8018099495264e-4,0.00268183739969684
14124,SNAPC2,1353.26541171475,0.3824616318667,0.142768663167628,2.67889061493587,0.00738665199577379,0.0264890306887733,1353.26541171475,0.72011790598931,0.163128165942805,4.41443022317674,1.01276374393444e-5,7.37911482803906e-5
14140,SNHG16,704.619879980382,0.635395129734386,0.144710576754448,4.39079951158342,1.12934635768245e-5,1.0746085600129e-4,704.619879980382,0.429615351422482,0.168046991420626,2.55651914854663,0.0105725251954405,0.0328290415346675
14295,SOCS2,283.050956690284,0.636766301086663,0.180630661917893,3.5252392607414,4.2310046161321e-4,0.00245165673241061,283.050956690284,0.519695920303322,0.224208141720334,2.31791725454628,0.0204538185130207,0.0571595675253517
14303,SOCS7,56.6264731678785,1.04093308185663,0.315777637134712,3.29641164998828,9.7928410310309e-4,0.00493701418031898,56.6264731678785,1.47767558179905,0.385546834862854,3.83267465371538,1.2675754561913e-4,7.0379396534192e-4
14445,SPIRE1,2235.28117013431,0.353308101241505,0.0984824017232561,3.58752523353696,3.3383143458534e-4,0.00199915016693855,2235.28117013431,0.532719483859179,0.113874742266914,4.67811802032909,2.89519900377629e-6,2.39910632322075e-5
14511,SRF,4498.23881403131,0.294387389080507,0.135648412051757,2.17022362906971,0.0299899088767719,0.0820552080330465,4498.23881403131,1.02820485393866,0.156714713266331,6.56099757647684,5.3448989869631e-11,1.0740814767808402e-9
14535,SRPK1,9061.68012222404,0.580952678322305,0.117389731403971,4.94892246003259,7.46254669999024e-7,1.00111194669263e-5,9061.68012222404,0.564424958460809,0.135727257486586,4.15852326874423,3.20311608861469e-5,2.0764632975459e-4
14544,SRRM1,4493.77893332811,0.731059217158293,0.11610056984825,6.29677544316818,3.0390103012396004e-10,1.12819275501784e-8,4493.77893332811,0.588438261201516,0.134215339540058,4.38428471155409,1.16367499842699e-5,8.3509708765434e-5
14567,SS18L1,1318.69192162705,0.253755586000439,0.0912459953539639,2.78100518292407,0.00541908719866157,0.0205396395791736,1318.69192162705,0.35574384719979,0.106703249397279,3.33395514390832,8.5620464209781e-4,0.00375999060146084
14581,SSH1,8443.3590091543,1.10962734106975,0.128393961159627,8.64236394802236,5.5061703219623295e-18,1.05981808762292e-15,8443.3590091543,0.632133133172202,0.148774054620801,4.24894740405777,2.14777334516662e-5,1.4515708916605e-4
14610,ST3GAL4,1977.60262895052,0.202273136258825,0.063308342280495,3.19504711342196,0.00139808015735453,0.00665563235385937,1977.60262895052,0.20183866875443,0.0737732528038664,2.73593289008197,0.00622037103647351,0.0207784161938392
14701,STK32C,1075.6832107446,0.427418123623891,0.111900858244132,3.81961434729484,1.3366048679019e-4,9.1278823759382e-4,1075.6832107446,0.75805281071932,0.129743214661928,5.84271642023501,5.135640070891621e-9,7.42305286320022e-8
14723,STPG1,1107.38779062266,0.477498508862321,0.136525821097672,3.49749596833198,4.6964781130933e-4,0.00266814432944144,1107.38779062266,0.335907509007167,0.158176313810212,2.12362711531011,0.033701336329249,0.0860886562609173
14735,STRN4,5500.52124944861,0.453637651424309,0.12558905091177,3.6120796210412,3.037512656634e-4,0.00184902970517961,5500.52124944861,0.52779803888328,0.145108099844041,3.63727482787345,2.7553788851094e-4,0.00139082492594903
14761,STXBP1,2185.58491566956,0.269722460408415,0.0967190578042409,2.78872092565596,0.00529166419107966,0.0201342478503736,2185.58491566956,0.806722754207253,0.112505160570552,7.1705400011527,7.47025142136039e-13,2.0217693906599598e-11
14765,STXBP5,1117.17517466103,0.306543244975248,0.121039971941125,2.53257861894047,0.0113226975402406,0.0375965362915019,1117.17517466103,0.330324031573552,0.14060493969208,2.3493060222276,0.0188084413918252,0.0533102128741997
14784,SUGP2,8076.64570451118,0.544363981436951,0.0700359840568547,7.77263272255931,7.68713902513929e-15,7.82321022167624e-13,8076.64570451118,0.173759890370449,0.0810101759237034,2.14491436895655,0.031959694162539,0.0825716641705097
14811,SUPT20H,1267.61555986355,0.321900729349631,0.0936340292707786,3.43786048572931,5.8632970507163e-4,0.00320949811975534,1267.61555986355,0.351275990848398,0.109304269169067,3.21374447236878,0.00131016211837564,0.0054595616375856
14926,TAF4B,484.685301983553,1.10702116798523,0.131461843223747,8.42085536638255,3.73745437897684e-17,6.303127823135421e-15,484.685301983553,0.766967065181217,0.149231232832559,5.13945405813118,2.75537847620396e-7,2.89714765912595e-6
14966,TARS2,1458.99156704397,1.13885304932246,0.141490769060756,8.04895652827666,8.35028986388275e-16,1.03403449587158e-13,1458.99156704397,1.16017143671605,0.162452514273659,7.1416034519582,9.22484072653802e-13,2.4671339172038e-11
14989,TBC1D16,2211.67194789162,0.681108190963109,0.112043336934676,6.07897095532072,1.2095626395102101e-9,3.77758998596944e-8,2211.67194789162,1.09657642462307,0.130103176809445,8.42851382660064,3.50082812655196e-17,1.79563722547733e-15
14997,TBC1D22B,1884.2882750178,0.347674403909324,0.106801363290189,3.255336759744,0.00113257983642643,0.00556022282878827,1884.2882750178,0.313618360274744,0.123920498794382,2.53080292062997,0.0113801770952803,0.0349473348858794
15009,TBC1D5,1602.77263136675,0.60704273624545,0.100422709763827,6.04487508525795,1.4952580453650401e-9,4.58097395628445e-8,1602.77263136675,0.438455322959642,0.117607610829457,3.72812031353519,1.9291328054723e-4,0.00101537437720586
15026,TBKBP1,412.198742618905,0.355555672593778,0.171479247175591,2.07346182380715,0.0381293204476835,0.0993516784119452,412.198742618905,1.50380573819427,0.203237650358957,7.39924780442134,1.36958063393736e-13,4.12606105791511e-12
15034,TBRG4,3771.17351655166,0.503059835558375,0.0919633658647425,5.47021991668142,4.49477499349915e-8,8.88320040009855e-7,3771.17351655166,0.596343325342184,0.106010370454267,5.62533007654611,1.85153588175788e-8,2.43810244909878e-7
15101,TEAD3,3038.97406965995,0.49974981552718,0.10185403820004,4.90652922906875,9.27021794358853e-7,1.21149091767576e-5,3038.97406965995,1.14270792729349,0.118481199699542,9.64463501543954,5.1795117150284e-22,4.68901195561521e-20
15194,TGDS,450.137191474393,0.790712469409014,0.192573599001941,4.10602737606334,4.02521797432059e-5,3.2726611519407e-4,450.137191474393,0.849052565626136,0.225343745050215,3.76781066382356,1.6468553012915e-4,8.8585745945287e-4
15225,THAP3,624.397786576988,0.542586794236294,0.13437716951639,4.03779002183933,5.39571163526114e-5,4.1885881149654e-4,624.397786576988,0.438006551716796,0.153007736431279,2.86264317042242,0.00420123406343772,0.0148981415719996
15226,THAP4,1679.1901344476,0.231119573467232,0.108083191762019,2.13834889310189,0.0324884370799114,0.0875521600686458,1679.1901344476,0.493992785353662,0.123695207117353,3.99362915399785,6.5069608603504e-5,3.8780458636439e-4
15233,THAP9-AS1,1181.53584804961,0.407878475376213,0.107284261087943,3.8018482043873,1.436207139759e-4,9.7255663597911e-4,1181.53584804961,0.423739981909359,0.124549738898519,3.40217479102557,6.685186637859e-4,0.00302983702791179
15239,THBS3,323.204871315262,0.527493950339898,0.204931024925743,2.5740072813818,0.01005281575645,0.0341025405009993,323.204871315262,0.789395366359499,0.244439147104049,3.2294146650065,0.0012404389425513,0.00520160098448308
15280,TICAM1,887.29483959827,0.37781504307986,0.172663353938039,2.18815999146779,0.0286579502684887,0.0792434389997497,887.29483959827,0.547594844330779,0.199142102792772,2.74976931874928,0.00596372322983041,0.020059292736264
15303,TIMM44,2262.08829899192,0.514769135107136,0.122654063314741,4.19691872568619,2.70570975500387e-5,2.314623591382e-4,2262.08829899192,0.386733096456816,0.140112850463664,2.76015436968866,0.00577740548539643,0.0195123491360917
15329,TKT,17257.5438792758,0.645827461149047,0.139075022230521,4.64373437293843,3.42167428769864e-6,3.86668846755376e-5,17257.5438792758,0.428368296833754,0.16065444188264,2.66639559923703,0.00766694152985216,0.0248554419587293
15350,TLN1,25361.8667008394,0.283624101974123,0.0865044348531241,3.27872325223196,0.0010427784478933,0.00519862633876537,25361.8667008394,0.5517401640372,0.0999406466361332,5.5206783486802,3.37693441100931e-8,4.2264677236878e-7
15376,TM9SF4,5021.53052122135,0.244378289750352,0.0809825729666428,3.01766516915945,0.00254730183808722,0.011023367778311,5021.53052122135,0.438258521261908,0.0936690346853931,4.67879831081734,2.88561113316931e-6,2.39333478854888e-5
15403,TMED3,3010.98674067075,0.586145469971026,0.167531691110177,3.49871398113894,4.6750778933411e-4,0.00266108258872663,3010.98674067075,0.410001247787107,0.193597563953976,2.11780168827215,0.0341918663064079,0.087132713771122
15428,TMEM120B,733.99328203332,0.578076835690687,0.126265791801835,4.57825375694739,4.68873689163804e-6,5.09375171025315e-5,733.99328203332,0.533955009335575,0.144191004339615,3.70310902390237,2.1297330103178e-4,0.00110934827056431
15513,TMEM214,3700.69168200129,1.01111528453318,0.170763959905576,5.92112811797218,3.1974063907001603e-9,8.90246420857208e-8,3700.69168200129,0.48556805944672,0.197606565349679,2.45724659293315,0.0140006546687543,0.0415703268993875
15570,TMEM44,1158.98934339992,0.476098385168422,0.104320795400695,4.56379174775015,5.02379139720221e-6,5.39813701830441e-5,1158.98934339992,0.626307703246105,0.119897952450684,5.22367305232936,1.75408379906634e-7,1.9259818839233e-6
15681,TNFSF12,370.802657361184,0.341817743700243,0.148154503541203,2.30717079488023,0.021045300530588,0.0617207985749673,370.802657361184,1.1121994891073,0.171935402145857,6.46870554421246,9.884599609519819e-11,1.9141236420317203e-9
15718,TOB2,1461.64075606543,0.548408684536658,0.156120504409227,3.51272682990541,4.4353323115511e-4,0.00255534374267185,1461.64075606543,0.638925990598511,0.179260401978283,3.56423383830143,3.649205289476e-4,0.00177873098707556
15778,TPD52L2,8519.06771560748,0.405926056489608,0.0875394369616526,4.63706496841449,3.5339135976939e-6,3.98335722393148e-5,8519.06771560748,0.379052492755618,0.10099098061564,3.75333015329606,1.7450078197315e-4,9.3283470871151e-4
15802,TPRA1,1441.54713959727,0.94184444764396,0.140453981116356,6.70571556717717,2.0042177840263698e-11,1.0082581965778101e-9,1441.54713959727,0.809674966233205,0.161458704866618,5.01474954169911,5.31025925119251e-7,5.20618854076859e-6
15807,TPRN,844.051829970391,0.689813072163671,0.162130759280699,4.2546712001107,2.09356426175387e-5,1.852715439637e-4,844.051829970391,0.72811789798546,0.186277154244245,3.90878796135546,9.27603339754649e-5,5.3284219763952e-4
15825,TRAF2,1679.3410401939,0.417889171482233,0.102167945328031,4.09021802425911,4.30967875998574e-5,3.4594647090583e-4,1679.3410401939,0.542973899301449,0.116928449420256,4.6436423470385,3.42319946886351e-6,2.79065509154627e-5
15826,TRAF3,2221.55955102817,0.31314098588798,0.0728705636887324,4.29722195131584,1.72951998857781e-5,1.5617715429748e-4,2221.55955102817,0.514934090422623,0.0831375850470426,6.19375809546611,5.87463665016189e-10,9.866991761394361e-9
15828,TRAF3IP2,729.273177613063,0.554433739178497,0.134923356113799,4.10924954098288,3.96946963651567e-5,3.2332736119328e-4,729.273177613063,0.587272166420666,0.152482137570682,3.8514161447169,1.1743674316972e-4,6.5647103174775e-4
15834,TRAF7,2883.29873875648,0.516398212045378,0.0989273475680116,5.21997430175067,1.78947959646946e-7,2.95047529741911e-6,2883.29873875648,0.515225229268787,0.114040088506007,4.51793080853009,6.24468819677684e-6,4.80519866089424e-5
15844,TRAP1,1883.84733847386,0.492058521843796,0.113284408507591,4.34356791306213,1.40187113444135e-5,1.303114648225e-4,1883.84733847386,0.708899344340934,0.129788428117734,5.46196109022813,4.70903307296162e-8,5.71076710107456e-7
15942,TRMT1,2594.54636278504,0.401291712119606,0.130663460748607,3.07118539353308,0.0021321072087672,0.00947278452926591,2594.54636278504,0.683309715757473,0.14884151277495,4.59085441297983,4.41435183551242e-6,3.51942995745433e-5
15994,TSC22D2,1555.66786175135,0.538056091988472,0.147399983504533,3.65031310856235,2.6192082953033e-4,0.00163169279265273,1555.66786175135,0.869221765822387,0.171719027045154,5.06188382720002,4.15133969811827e-7,4.18741819354482e-6
16110,TTLL4,951.635344444874,0.384775576831917,0.107138648991083,3.59137977242871,3.2893191069778e-4,0.00197515302632634,951.635344444874,0.451258339071788,0.121712448054405,3.70757754268549,2.0925135343471e-4,0.0010927905985835
16143,TUBG1,4454.0407008464,0.358143535022926,0.0783108168436322,4.57335971527474,4.79965076006298e-6,5.20148198648686e-5,4454.0407008464,0.512883880784235,0.0898523542786303,5.70807392752106,1.14261792877889e-8,1.56847916743522e-7
16145,TUBG2,983.539808928823,0.260244935540271,0.100342093856891,2.59357688819445,0.00949832983547978,0.0325520465892541,983.539808928823,0.799884470613143,0.117074545631172,6.83226628214365,8.35835135822917e-12,1.90840239208193e-10
16201,TYRO3,915.148617191824,0.238320863380328,0.104157952682958,2.28807169535814,0.0221333462598122,0.0642414842761439,915.148617191824,0.768693530059218,0.119543815535932,6.43022415348762,1.27415909047906e-10,2.43610607098352e-9
16203,TYSND1,1359.80321097626,0.431527234919401,0.0857178896419374,5.03427273725456,4.79666349084451e-7,6.8389144199577e-6,1359.80321097626,0.246401485715415,0.0968414985428267,2.54437910836796,0.0109472198526253,0.0338358420368101
16220,UBA2,5078.97443143048,0.999665657294536,0.0872055635379536,11.4633243194336,2.01624361016509e-30,2.55026013205739e-27,5078.97443143048,0.775553341945207,0.101140824146828,7.66805440322814,1.7462482425297602e-14,6.11558427064677e-13
16230,UBAC2,1699.81900958901,0.465964014774228,0.119771557699901,3.89043963126661,1.0006276924435e-4,7.0933207276985e-4,1699.81900958901,0.46361928809169,0.138819053776068,3.33973813738542,8.3857420572228e-4,0.0036906233759863
16236,UBAP2,2920.5362376571,0.322938285897681,0.0934149298751714,3.45703075867227,5.4616250564121e-4,0.00302895259940325,2920.5362376571,0.42976690391235,0.107729414575741,3.98931810411162,6.62635095964833e-5,3.9388283150161e-4
16255,UBE2E2,1147.09605300767,0.321363169424939,0.126223410769176,2.5459870515828,0.0108969230294709,0.0364080590577115,1147.09605300767,0.605272674900592,0.147476220055269,4.10420523847002,4.0570717738991e-5,2.5648513106919e-4
16312,UBQLN4,1918.34752526387,0.357479627231073,0.124984795677259,2.86018491524499,0.0042339405163337,0.016779400894881,1918.34752526387,0.430747746137911,0.144016336753997,2.99096446866092,0.00278097849539466,0.0104595755375188
16318,UBR4,17926.7239985316,0.534710585823474,0.121425073830943,4.40362578299057,1.06456513544219e-5,1.0226471717415e-4,17926.7239985316,0.376283882904968,0.140283474473811,2.68231083038376,0.00731154900591628,0.0238785906026551
16336,UCK2,2865.09448570304,0.468605089865322,0.0965054756968671,4.85573576505913,1.19940552621686e-6,1.51060263572178e-5,2865.09448570304,0.34747080579919,0.110521922710756,3.14390844166317,0.00166707590082875,0.00668380785217125
16366,ULK1,1412.27661476811,0.837042840648896,0.117268564966374,7.13782794979125,9.48172040339021e-13,6.359935791789159e-11,1412.27661476811,0.627935552322111,0.135640590406819,4.62940739522573,3.66713675144165e-6,2.97212077088642e-5
16367,ULK2,548.960481600894,0.343511125922228,0.123103016174841,2.79043630770465,0.00526370555449194,0.0200537215918553,548.960481600894,2.26335901758828,0.168714750309375,13.4153001645554,4.9193727168935e-41,1.71288773869372e-38
16373,UNC119B,1256.52244318825,0.383981418478186,0.0917099204481782,4.18691256738315,2.82774691477712e-5,2.4050788840957e-4,1256.52244318825,0.252925454371981,0.10711009525227,2.36135962512479,0.0182080638392869,0.051901008166582
16416,URB1,2152.58815681171,0.515742124150083,0.143573593628788,3.5921795304751,3.2792380031323e-4,0.00197110477119712,2152.58815681171,0.786597492909728,0.165471962009465,4.75366027789489,1.99766600228554e-6,1.7190941367577e-5
16420,URI1,2715.10145810965,0.487084596311659,0.11290442972726,4.31413185017003,1.60231301674099e-5,1.4618113807547e-4,2715.10145810965,0.452745295877432,0.130813269774074,3.46100435115919,5.3816411372147e-4,0.00250810796474674
16445,USP20,1390.95826632862,0.616959349065715,0.101998934622644,6.04868424702886,1.46033548752875e-9,4.48951750228457e-8,1390.95826632862,1.01221974068554,0.117416065293817,8.62079425121773,6.649128786108629e-18,3.69291796936451e-16
16446,USP21,1417.45130716413,0.415884202522261,0.098069629958751,4.24070329109211,2.22820522044958e-5,1.9542871740327e-4,1417.45130716413,0.480382008613577,0.112144143094711,4.28361210275485,1.8388338288475e-5,1.2582738210549e-4
16463,USP36,2553.79114482787,0.343555039010162,0.143159393379251,2.39980787079779,0.0164036791199154,0.0504386785649353,2553.79114482787,0.820693602522578,0.16477922370022,4.9805648072214,6.33989664999008e-7,6.12214233305176e-6
16588,VPS25,3041.90833124253,0.28230245955812,0.082963098497215,3.40274730177293,6.6711950706405e-4,0.00358523588196973,3041.90833124253,0.654772356635365,0.0961688568330432,6.80856961596312,9.85738864431806e-12,2.21162179422581e-10
16608,VPS4A,1568.374826919,0.342668124647341,0.108022124351705,3.17220316397094,0.00151287130008152,0.00710419649478749,1568.374826919,0.418029713338045,0.125006605374706,3.344060996497,8.256158280871e-4,0.0036380141599769
16615,VPS72,1930.20761046572,0.419027134909069,0.099969166970176,4.19156373518725,2.77038335729324e-5,2.3619618917163e-4,1930.20761046572,0.494731113713765,0.114590008985161,4.31740182320636,1.57876593229857e-5,1.0960558270781e-4
16663,WASHC1,105.878809030582,0.606638531231936,0.235669409388181,2.57410808134507,0.0100498873448281,0.0341025405009993,105.878809030582,1.27184494607646,0.264549546535081,4.80758694442824,1.52762987908563e-6,1.35253137362955e-5
16688,WDR12,1803.12947597712,0.19737789404249,0.0915069552583952,2.15697149451798,0.031007885563331,0.0842546628134825,1803.12947597712,0.429306168557818,0.105336360175826,4.0755743585712,4.5900911461704e-5,2.8530103087044e-4
16694,WDR24,346.474961525946,0.623924141398152,0.149716067397526,4.16738264799268,3.08117042684466e-5,2.5908490709128e-4,346.474961525946,0.760486266646249,0.171216796099465,4.44165691667575,8.92688124977211e-6,6.59714742483159e-5
16698,WDR3,2777.90219466923,0.390329156512488,0.149412037851037,2.61243446061317,0.00898999274907984,0.0310745250050177,2777.90219466923,0.813228987689773,0.171991943470325,4.72829698462059,2.26410853360722e-6,1.92369540635816e-5
16715,WDR5,3636.83973079582,0.259537986179147,0.0864010070547496,3.00387686470699,0.00266563185583279,0.011440380247961,3636.83973079582,0.417308029061133,0.0995448599353264,4.19216049258852,2.7631040496329e-5,1.8192277062783e-4
16756,WHRN,568.731183961386,0.60456624169751,0.140944551675834,4.28939064695446,1.79164000425721e-5,1.6088418456078e-4,568.731183961386,0.917302507525721,0.163977206791503,5.59408545537716,2.21787703231152e-8,2.85205124623809e-7
16761,WIPI1,1432.16213786322,0.902672018617342,0.193332270293182,4.66901887226831,3.02641579933706e-6,3.47321911695791e-5,1432.16213786322,0.544419620473658,0.223354456918904,2.43746924947787,0.0147904721296983,0.0435582772251656
16785,WRNIP1,3641.26393492323,0.330193974850942,0.0946026067674123,3.49032638881452,4.8243095336974e-4,0.00272587342765523,3641.26393492323,0.684963554986021,0.109212243774327,6.27185681123271,3.56767608647697e-10,6.2593355835031e-9
16824,XPO5,5572.05272510206,0.286538616000611,0.101615918164037,2.8198201736273,0.00480505686650341,0.0186025244844867,5572.05272510206,0.64278609520678,0.117380881042897,5.4760714819637,4.34872076606338e-8,5.31653870292664e-7
16830,XRCC1,815.154490777507,0.488741843303992,0.0916521584403561,5.33257319435687,9.68307186753291e-8,1.73550441933475e-6,815.154490777507,0.462356478358227,0.103465402778612,4.46870611761443,7.86941602810819e-6,5.89506191993905e-5
16844,XYLT2,1467.17512200579,0.538514060377442,0.0991074739393301,5.43363723211329,5.52167813728734e-8,1.06164903860026e-6,1467.17512200579,0.695941195965815,0.11357645002222,6.1275131933571,8.926319980498971e-10,1.45866380475554e-8
16857,YBX3,4742.52174669374,0.880168373698977,0.107358356418413,8.19841513099036,2.43576936642049e-16,3.45060831524593e-14,4742.52174669374,0.31578300824648,0.123831216417264,2.55010826335107,0.0107689471736688,0.033347452971857
16859,YEATS2,3097.19141697328,0.221244462828475,0.101989329752813,2.16929029109904,0.0300606518720586,0.082177852279348,3097.19141697328,0.503668892829321,0.118163509294962,4.26247405679237,2.02175976708321e-5,1.371010574637e-4
16916,ZBED4,1623.65439573607,0.49502903494408,0.121455735844887,4.0757979151869,4.58568308557374e-5,3.6512264424163e-4,1623.65439573607,0.496482634875754,0.140141554801867,3.54272246784819,3.9601923630029e-4,0.00191668652564908
16939,ZBTB34,813.839665294706,0.612522112402094,0.176316044017982,3.47400099527882,5.1275913179019e-4,0.00286976570977899,813.839665294706,0.432121958581665,0.20624739364619,2.09516324517998,0.0361564833462107,0.0912657587434115
16956,ZBTB5,1246.87600484788,0.726891108891062,0.115786389314823,6.27786316848216,3.43257790786528e-10,1.24813325651906e-8,1246.87600484788,0.448116234351156,0.13478418460633,3.32469447851014,8.8515475242256e-4,0.00387303333672377
17016,ZDHHC18,1621.36840472813,0.798597262113055,0.154001849084379,5.18563424310246,2.15280948904611e-7,3.44371729286617e-6,1621.36840472813,0.484312272302919,0.177482182230598,2.72879376518857,0.00635664443962352,0.0211646569002985
17038,ZFAND3,6378.24542099227,0.329957163385424,0.10080733421669,3.27314640298062,0.00106357372724645,0.00528296313101827,6378.24542099227,0.668922346492487,0.116827692076109,5.72571737578027,1.02997567981358e-8,1.431215629985e-7
17084,ZFYVE21,1230.6697483668,0.585349939674805,0.141186401514589,4.14593709730832,3.38426732953132e-5,2.8069604623578e-4,1230.6697483668,0.674363488683403,0.162458850719239,4.15098029869013,3.31054265197173e-5,2.135400258518e-4
17098,ZKSCAN1,3012.46596060972,0.560703697639787,0.126645709489683,4.42734064895788,9.54020035166327e-6,9.29762618752081e-5,3012.46596060972,0.522362227326086,0.146816361898341,3.55792924284408,3.7378996493912e-4,0.00181687009535242
17252,ZNF318,2460.65683765666,0.672492934702115,0.0981696166232366,6.85031639965615,7.36868283942423e-12,4.15556164715045e-10,2460.65683765666,0.330723805847978,0.114128877831841,2.89781002083689,0.00375778138965934,0.0135265188551038
17264,ZNF330,1914.87109110974,0.4444407532055,0.139785348263228,3.17945162871133,0.0014755399418162,0.00695946056374359,1914.87109110974,0.562148665551403,0.160904850270841,3.49367135052283,4.7642713093901e-4,0.002255636028203
17379,ZNF516,634.453855576801,0.572117270589415,0.132071374524829,4.33187942995064,1.47841899773313e-5,1.3663801467566e-4,634.453855576801,1.09307275480865,0.154302424919056,7.08396355651607,1.4008876297369499e-12,3.61832687931772e-11
17389,ZNF526,632.198162512709,0.374341140942584,0.105951900821968,3.53312340824911,4.1068072030404e-4,0.00238985678447061,632.198162512709,0.439444608883072,0.120653281682337,3.64221016416336,2.7030724427043e-4,0.00136670845148295
17437,ZNF581,610.286433961955,0.40619889949356,0.144328428240621,2.81440672807961,0.00488673563310253,0.0188392433508864,610.286433961955,0.555972670053197,0.16431274412168,3.3836247640139,7.1535697239733e-4,0.0032203514028409
17522,ZNF692,1171.48717054203,0.679923030818376,0.102210841762423,6.65216154269405,2.88819437090641e-11,1.3602166468088e-9,1171.48717054203,0.96309875354584,0.116609242462452,8.25919741186857,1.46655206194627e-16,6.705401927676581e-15
17525,ZNF697,1130.00867134671,0.671196105100769,0.161951545980283,4.14442542698841,3.40666791323446e-5,2.8228954332033e-4,1130.00867134671,0.559316460424431,0.186318703278438,3.00193405483601,0.00268270283503968,0.0101405047038055
17630,ZNF875,886.890076264476,0.422330053000506,0.11763722592558,3.59010551020374,3.3054413654332e-4,0.00198348884104006,886.890076264476,0.478994298338437,0.135564736936167,3.53332517853798,4.1036739033213e-4,0.00198030702807932
17668,ZRANB1,1039.85249653985,0.50695723825205,0.137819724231883,3.67840845044131,2.3469390261219e-4,0.00148215393275918,1039.85249653985,0.464627958643069,0.16048079671603,2.89522465086727,0.00378887269675248,0.0136179201252222
