...1,gene_name,baseMean,log2FoldChange,lfcSE,stat,pvalue,padj
2,BAG1,917.939217413917,-0.949901491180218,0.0587379071326039,-16.1718647727057,7.96505019945233e-59,6.812033893165659e-55
4,EMC10,1348.32988168787,-0.898985937272588,0.0600521666968623,-14.9700832912588,1.15176914999386e-50,5.89043537535611e-47
5,PKM,36580.7426731461,-0.62943310758654,0.0427546664199274,-14.7219744718478,4.658571890164749e-49,1.82726230805656e-45
6,TTYH3,1695.12078498974,-0.774483426566964,0.0526411973852102,-14.7124963913636,5.35932631780777e-49,1.82726230805656e-45
16,SPATS2L,945.128624136202,-1.07375086212329,0.0836018036253382,-12.8436327394957,9.33872887445144e-38,1.19401485365408e-34
24,SLC4A2,2126.80918557525,-0.883916399765425,0.0749710171522977,-11.7901081423214,4.38977003827097e-32,3.74173023637122e-29
29,PTGES,1138.24608438668,-1.1320022607001201,0.0974352025557405,-11.6180007944513,3.3385729233589397e-31,2.3550753894191e-28
30,L3MBTL3,418.77945111693,-1.09605463904941,0.0950649904829389,-11.5295297825346,9.36538284923839e-31,6.38625456489566e-28
31,PRKAR1B,449.099336916563,-1.00505226843166,0.0874457425203538,-11.4934385536006,1.42331455557929e-30,9.3924986656405e-28
44,PIK3C2B,461.61188166791,-0.975013018468394,0.0887477885607525,-10.986335933328,4.44611313818332e-28,2.06713946517764e-25
56,TLN2,264.799191526979,-0.912238561133835,0.0887420929865295,-10.2796601976957,8.70339051928426e-25,3.17937964023211e-22
63,RHOD,738.437468447173,-0.712918180934119,0.070492916009111,-10.1133308323063,4.82165504697844e-24,1.56566027454028e-21
64,PFKFB4,299.256167627085,-1.0608352162589,0.105052825513067,-10.0981121743075,5.6315829176903e-24,1.80008268354985e-21
71,ANO1,402.813368480904,-2.29380166496188,0.230369841944553,-9.9570397131842,2.3495459511687798e-23,6.7696706370506604e-21
81,LASP1,3449.13607215856,-0.494089821886299,0.0503282496964572,-9.81734562330865,9.48070027953974e-23,2.39440352615487e-20
85,MAGI1,326.879100099248,-0.581814871428761,0.0600840706197543,-9.68334644153542,3.5490490785002398e-22,8.54151729398582e-20
88,TEX261,1346.76551903689,-0.579453710955154,0.0600176373230763,-9.65472379120727,4.69422565771209e-22,1.09124743499791e-19
91,CPVL,363.04367886506,-1.04863528547858,0.109136658147165,-9.60846065182385,7.36416569448488e-22,1.6554806330997499e-19
95,AGFG2,740.765920903588,-1.03745165089295,0.109362940346273,-9.4863181952506,2.3933864066889703e-21,5.153842707540659e-19
96,RNF20,852.881482974806,-0.40492016830044,0.0427223823267736,-9.4779398115793,2.59352807106896e-21,5.526646223943509e-19
97,C15orf39,501.228373521496,-0.643402241143077,0.0680253688835832,-9.45826905024474,3.1308282434948902e-21,6.602819935791239e-19
98,ALDH1A1,32.5158977993861,-3.59990189498512,0.381936592530446,-9.42539145342078,4.28504189471619e-21,8.944806330633579e-19
102,ADAM10,2975.25476651775,-0.323544255447626,0.0344701148036986,-9.38622506162671,6.21892307115156e-21,1.24725989477007e-18
105,MBNL3,448.715732851094,-1.03398339721,0.11057973161361,-9.35056888022638,8.717755945764599e-21,1.69846793697625e-18
107,IDH1,1808.65404997169,-0.527835560346924,0.0565280019766519,-9.33759449988944,9.85475340876667e-21,1.88409991105738e-18
111,BCL9,473.219414116199,-0.504340615410627,0.0549764297472254,-9.17376078675026,4.56798025350774e-20,8.41866414828899e-18
113,PTTG1IP,2848.81004762839,-0.354851961170091,0.0388249744189592,-9.13978609080055,6.257598198821379e-20,1.13284678188751e-17
118,PCYOX1,1855.61157960411,-0.344953099776131,0.0380292814254475,-9.07072358052244,1.18229233616089e-19,2.04967409498673e-17
121,CTSD,1298.49914261702,-0.760685422901287,0.0841018411464133,-9.04481296166877,1.4992160870358198e-19,2.53466640433816e-17
129,SAMD9,1668.35780017817,-1.45861771381818,0.163000865041788,-8.94852744152151,3.6025589719511395e-19,5.71298828598484e-17
150,C2CD3,944.890498055769,-0.510251344162685,0.0589801638783671,-8.65123646002341,5.09444215471191e-18,6.94780021059611e-16
151,TSPAN14,934.207334205971,-0.666200340942803,0.0771148229041556,-8.63906984226378,5.66725241545569e-18,7.67781342138921e-16
154,AUTS2,87.456760100873,-2.66021616954206,0.308684871301197,-8.6179026472158,6.81916192919392e-18,9.05841529776105e-16
156,PHLDB1,1248.38818598816,-0.637258604663137,0.0739765917842404,-8.61432771222768,7.03531912817964e-18,9.22573867981864e-16
161,AGPAT2,924.579538080458,-0.72927284624913,0.0848806990184858,-8.59173940226747,8.56625014078296e-18,1.0884458331055702e-15
179,SLC44A1,1670.57833862127,-0.371413701538018,0.0440058697453853,-8.44009455299919,3.17081060700006e-17,3.6237582451061506e-15
183,SPTBN1,3660.55213565899,-0.382627748779245,0.0454819907130884,-8.41273090250063,4.00573236796449e-17,4.4778834454344e-15
190,ANKMY2,336.544542180806,-0.592681399758964,0.0706494091579501,-8.38904963003884,4.9008778976004204e-17,5.2766978500637805e-15
202,SGPL1,1044.8353972668,-0.389513455985587,0.046798499566844,-8.32320394010133,8.561695087661231e-17,8.6706235845686e-15
208,TNIK,370.716834061269,-1.42938995084872,0.172138941092397,-8.30369898744459,1.00919130925672e-16,9.925493564165771e-15
244,PGAM1,966.36956676169,-0.505276527877212,0.0635536979545722,-7.95038753273461,1.8592896824144003e-15,1.5588315177520998e-13
249,VWA1,322.754194033013,-0.797251998980807,0.100496569964212,-7.9331264665522,2.1369661983124e-15,1.7556593381075e-13
252,APLP2,9631.13269912806,-0.341061888180691,0.0430391757682512,-7.9244521321034,2.29154402764304e-15,1.86024270529736e-13
280,RNF167,1277.1515821194,-0.39347511739622,0.050654130147023,-7.76787828068833,7.98116996458929e-15,5.83109978448583e-13
281,GTF3C6,500.588247539116,-0.399505208208374,0.0515396350112727,-7.75141710105232,9.08726620040222e-15,6.61559447194406e-13
284,CAMK2G,847.722844214417,-0.356543816675699,0.0461864062885146,-7.71967003556114,1.1663123689112101e-14,8.40114511648473e-13
289,SLC52A3,245.252192939828,-0.736625621560868,0.0955495073786763,-7.70936074679606,1.26449511583248e-14,8.931530976687309e-13
304,MB21D2,46.7940871439576,-1.26270819771688,0.16534364912168,-7.63687147601069,2.2256346913126102e-14,1.4976910815849299e-12
310,WNK1,5809.9770718273,-0.24873408938415,0.0327363131214023,-7.598109428564,3.00488196047057e-14,1.98293129888214e-12
317,SLC2A1,2317.27609035055,-0.778445845949821,0.102625237742528,-7.58532562821274,3.31653073074529e-14,2.14026085674626e-12
318,BAZ1B,3570.28204371437,-0.423717416961878,0.0558699450568509,-7.58399559066545,3.35072551100644e-14,2.15552804335405e-12
321,SRD5A1,1070.27441316424,-0.394323611406422,0.0520519021225891,-7.57558504735789,3.5751281125442404e-14,2.27839239247095e-12
322,KAT14,267.89615354064,-0.599541667180451,0.0791659879867952,-7.57322282493908,3.6407702901516304e-14,2.31301980824944e-12
329,TRIP6,1522.22124123662,-0.455985406205338,0.0604726352375861,-7.54035944380219,4.68677814078469e-14,2.9109161763027498e-12
332,MEGF8,886.598252861212,-0.460919871893641,0.0612230398946832,-7.52853619628367,5.13122944374716e-14,3.16173375694987e-12
343,NCOR2,3650.01215218094,-0.353658193050222,0.0472954117402187,-7.47764275724618,7.56675527418062e-14,4.5129187359741395e-12
359,RDX,2088.51272507936,-0.329005068714792,0.0444997153768052,-7.39341961917987,1.43099970253195e-13,8.15430666147524e-12
362,TMEM109,1063.99840497362,-0.540284031712437,0.0733265906942849,-7.3681869918786,1.72964071666084e-13,9.77438125434554e-12
373,USP6NL,371.834966087397,-0.549478915662221,0.0748404192371052,-7.34200745083205,2.10413678744015e-13,1.1540033850043698e-11
376,LGALS3BP,5720.12861752966,-0.932191634622245,0.12719926625312,-7.32859286127664,2.32581779850419e-13,1.2654057102127698e-11
377,PSMD1,2807.81058449004,-0.381019996564542,0.0520933531344606,-7.31417683137182,2.58963938101322e-13,1.4014881697721598e-11
381,C1orf226,126.632233699918,-0.78636840577663,0.107746541547529,-7.29831690634589,2.91389677187762e-13,1.5645560698766498e-11
397,NECTIN1,1644.50402481129,-0.55466267169705,0.0767351484935951,-7.22827390818624,4.89171360802295e-13,2.5206495032575696e-11
401,SUMF1,373.643467264707,-0.707835221517584,0.098013791870145,-7.22179203571034,5.13068962410854e-13,2.6174193925283896e-11
403,SRRT,3428.70686700882,-0.303987345230913,0.0421042195936624,-7.21987839139689,5.20340853772498e-13,2.64134313787196e-11
406,TSC22D3,285.068072277717,-0.775230204010109,0.107436930132552,-7.21567717035153,5.3666237408633e-13,2.7083321089759e-11
407,FES,33.1481748453053,-1.67240079188911,0.23193066233865,-7.21077918299212,5.56326083715415e-13,2.7962561903111196e-11
411,THADA,736.178826800986,-0.418418465860376,0.0581505884542906,-7.19542960754859,6.22644033505474e-13,3.0991311419517e-11
414,LRRC42,1044.15959941158,-0.296362766749001,0.0412374187643752,-7.18674387556545,6.6354716319754e-13,3.2787884824956696e-11
419,EIF3B,4834.54856330956,-0.433417535945077,0.0605202444525299,-7.16152982965948,7.978164878439299e-13,3.89521047537548e-11
425,RAD23B,4340.39607806173,-0.367509864757439,0.0515663564488491,-7.12693100824349,1.02631501318949e-12,4.9400767587805596e-11
429,RXRA,2493.38110021125,-0.489435082176715,0.0687334289993479,-7.12077207993448,1.07324142961602e-12,5.11778553045571e-11
433,NYNRIN,46.4113260294864,-1.53936310915715,0.216768402387552,-7.1014183441966,1.23482963137746e-12,5.83392835313825e-11
446,TMEM127,893.050255426043,-0.500156656401426,0.0708259299497805,-7.06177323412576,1.6439110924718998e-12,7.54024421943893e-11
450,TNS3,2003.16057376876,-0.74600391410046,0.105853589035428,-7.04750704154946,1.82151611873768e-12,8.28061227578149e-11
451,IFT46,180.553605688781,-0.638464236041559,0.0906153858857713,-7.04587007824918,1.84306164603362e-12,8.359980508405729e-11
457,UHRF1,1024.8669194462,-0.626649219523204,0.0891907936512364,-7.02594061415797,2.12628888773376e-12,9.51805071692987e-11
467,TNRC18,1947.42118475195,-0.318641342862812,0.0457298495910218,-6.96790708284706,3.21690562161411e-12,1.40916998503982e-10
477,PCYT1A,924.35061922297,-0.377424355080121,0.054464263851047,-6.9297614324198,4.2155091086709e-12,1.80789664226584e-10
478,STIM1,523.627581386656,-0.411049291504573,0.0593326658077406,-6.92787498941177,4.2720898621686796e-12,1.82832933703734e-10
485,ARID1B,1479.77791270612,-0.34439889776766,0.049918111285804,-6.89927741448026,5.22677141112313e-12,2.2046198506669201e-10
489,AGPAT3,2207.36370483111,-0.373671259095474,0.054348190562026,-6.87550505787334,6.177061521947e-12,2.58413389681942e-10
496,RRP36,653.321363548839,-0.365402533493304,0.0532424860449624,-6.86298782488721,6.743497614788799e-12,2.78128489326078e-10
497,DHX9,6079.67142555105,-0.396194956743938,0.0577779917253908,-6.85719501340557,7.0225737900021295e-12,2.88475485988099e-10
520,KALRN,26.5403890667345,-1.35908888481381,0.20092426112251,-6.76418505769761,1.3406163971205099e-11,5.27403646844121e-10
530,DGKZ,1208.4451317606,-0.40155695258574,0.0595566408870407,-6.74243789785526,1.55750822155667e-11,6.011687865733e-10
531,POMT2,722.403082093942,-0.479607932489668,0.0711752516550973,-6.73840866504784,1.60130663998302e-11,6.169101682510861e-10
535,ARF3,2566.69504300229,-0.410224336548558,0.0609393336427646,-6.73168398842944,1.67710582800525e-11,6.412813817477261e-10
536,S100A14,1208.1667091803,-1.32010214587897,0.196242529466273,-6.72689120686172,1.7332623155551397e-11,6.6151767144238e-10
539,ILRUN,1853.43185413898,-0.259747632148016,0.0386965701773779,-6.71242001441941,1.9142273963518e-11,7.26518550040236e-10
543,FKBP1A,2328.02275233494,-0.230511708238052,0.0343629805348578,-6.7081406982209,1.97119827658612e-11,7.41718026161095e-10
553,LIPH,108.668168273835,-1.32785988724371,0.19877584692418,-6.68018729534176,2.3863706399039497e-11,8.827845240599461e-10
556,TMPRSS2,14.3153611399635,-2.70981645224985,0.406091675290965,-6.6729180062809,2.50766513833844e-11,9.226493837228321e-10
558,TRIM29,2944.75585499438,-0.609218368337025,0.0914018080316243,-6.66527699458899,2.64166646683243e-11,9.68469012759695e-10
572,EEIG1,694.597563897645,-0.474348523340254,0.0719482519361411,-6.5929124137897,4.31281037594125e-11,1.5424328996613702e-9
575,SLC29A3,139.255361234006,-0.580909769530705,0.088270566025894,-6.58101330584304,4.6725276245701396e-11,1.66236343679707e-9
589,EHMT1,1780.78516733805,-0.324781638686959,0.04980473694387,-6.52109936958383,6.979392504097669e-11,2.42088588629321e-9
590,ALDH16A1,521.735177076323,-0.404055146348052,0.0619617478007047,-6.52104178287005,6.98207299659281e-11,2.42088588629321e-9
597,DCTN1,1713.36290384168,-0.348344696783137,0.0535328356414736,-6.5071220795422,7.6604158100771e-11,2.62494348788521e-9
608,STAG1,886.577402580843,-0.485220236448496,0.0747399975123325,-6.49210934705252,8.464278465444639e-11,2.84792343038818e-9
622,KIFBP,740.13434259102,-0.325437603568885,0.0503940634456754,-6.45785597185878,1.0619673652030101e-10,3.4927116382569e-9
626,ECE1,1766.34611620726,-0.449451242043625,0.0697062444524221,-6.44779023133856,1.1349269586133001e-10,3.70881801794766e-9
631,EPN1,2121.89233158595,-0.335869395863362,0.0521890309850523,-6.43563196181129,1.2296064696507e-10,3.986380277281181e-9
634,POR,1151.04328249142,-0.335882112163849,0.0522552991064357,-6.42771389519196,1.29537252029934e-10,4.17972171100374e-9
637,POGLUT3,1479.92281778247,-0.472875636377857,0.073628798040245,-6.42242775876074,1.34117904476609e-10,4.30045843072947e-9
639,TNKS1BP1,2162.50127878889,-0.307341218480744,0.0478575349799185,-6.42200269215093,1.3449304341954401e-10,4.305671657642591e-9
645,ZKSCAN5,375.210862797052,-0.459319534872993,0.071697869381753307,-6.40632056201501,1.49073367353559e-10,4.723055646355291e-9
656,RBM45,216.529949140725,-0.433438706479888,0.0679838759647639,-6.37561039774401,1.82235659928969e-10,5.674269246829401e-9
660,UMPS,980.821367820592,-0.255981752904223,0.0401621785425804,-6.37370188055981,1.84519108087624e-10,5.7192536274977504e-9
673,INTS4,424.534120777195,-0.345314622316519,0.0544492544012067,-6.34195318400661,2.26870265371388e-10,6.896114440865511e-9
681,CALM3,3389.17904842714,-0.364054599507302,0.0575372247709206,-6.32728813314778,2.49507198975957e-10,7.495108325185251e-9
683,CABLES1,148.225696789682,-0.665068616526827,0.105163371551698,-6.32414696023588,2.54635300681731e-10,7.626755997139331e-9
685,TRIM62,172.972377644218,-0.492083131903338,0.0778753738557904,-6.31885418379598,2.6350976677183503e-10,7.869517224600631e-9
688,BCL9L,2093.09553547447,-0.520663423562871,0.0825705008291898,-6.30568324443067,2.86925307093658e-10,8.5314404174636e-9
716,SLCO3A1,276.52396496975,-0.832310101510201,0.133320844053841,-6.24291053223515,4.29502600692176e-10,1.22448970161785e-8
722,NARF,1230.18778446183,-0.408537630757668,0.0655000303065772,-6.23721285082588,4.45435723944059e-10,1.2603428222301e-8
724,PHF12,1364.53203442602,-0.308169917044666,0.049424012668027,-6.23522657123357,4.51124675146728e-10,1.27467644744152e-8
731,BLTP2,3612.32767759838,-0.269666653858676,0.0433356010855536,-6.22275097387705,4.88512442193652e-10,1.36709973050007e-8
732,CLPTM1,2100.58427087527,-0.272126718317795,0.043738991242888,-6.22160481037713,4.92095254191321e-10,1.37524489275845e-8
751,TMEM184A,538.957900151181,-0.664663199636648,0.107708096251573,-6.17096785448882,6.78732219016372e-10,1.84884487409027e-8
757,PRCC,1152.53016241312,-0.245215377685395,0.0398394744368185,-6.15508565692256,7.50369282189334e-10,2.02778129534309e-8
773,DSP,6527.31272060822,-0.573849528128466,0.0937759587546532,-6.11936722107884,9.39476751226847e-10,2.4830589017891e-8
780,GATA6,164.272625136156,-0.614003339264686,0.100562765501335,-6.10567277265793,1.0236854964165901e-9,2.68481207694797e-8
781,WDFY3,1024.227039861,-0.343428153686113,0.0562683296752568,-6.10340053931139,1.0383519320776301e-9,2.71631272052584e-8
821,MORC2,835.604002925826,-0.416411054731248,0.0692078092200841,-6.01682179256738,1.7787471224649902e-9,4.43213518687776e-8
823,RHOV,130.453441182855,-0.584668079150158,0.0974762491381553,-5.99805680172916,1.99692675764134e-9,4.96368538044579e-8
824,SPOCK2,48.6347726759677,-0.841355939505797,0.140349087452808,-5.99473751326455,2.03814378839273e-9,5.05998877174152e-8
830,MPRIP,5990.72551648399,-0.377176181891631,0.063284980499122,-5.95996362670703,2.5229408375150204e-9,6.21080634332668e-8
832,ALDH3B1,572.367291398309,-0.613386250572321,0.102933545513709,-5.95905103152819,2.53706870106597e-9,6.23807865597435e-8
835,SLC38A10,1989.52059728457,-0.407456566926278,0.0684089859952163,-5.95618486370738,2.58194260265798e-9,6.32560476917057e-8
853,EVPL,1385.54829287659,-0.373794643326683,0.0630320662039056,-5.93022989469322,3.0251083057457404e-9,7.25494028260733e-8
866,SPINT1,1320.64156685351,-0.39404401648297,0.0668622723314427,-5.89336860299416,3.78401016445815e-9,8.93874087001391e-8
871,PSPH,510.097756177616,-0.301514362599458,0.0512967558482263,-5.87784466315101,4.15642667176846e-9,9.76211485928444e-8
891,RAPGEF1,1554.5021531524999,-0.293977449452683,0.0502849328561842,-5.84623330995517,5.02828676227121e-9,1.15447432430732e-7
894,GNAI2,2754.02105498665,-0.338925873840086,0.0580162144312363,-5.84191638773325,5.16037068616452e-9,1.1801819042484e-7
895,CNP,1662.81298679702,-0.458795327273071,0.0785351196531727,-5.84191288304144,5.16047927773301e-9,1.1801819042484e-7
916,SUPT6H,3150.76527521162,-0.328222225957413,0.056668768942791,-5.79194205345741,6.9577150043716705e-9,1.55386436511388e-7
918,EHD1,784.201499965766,-0.435508270508532,0.0752558477532706,-5.7870356060085,7.1639397954660406e-9,1.59643481912689e-7
927,SSRP1,4742.68829611898,-0.364346217714629,0.0631498016220026,-5.76955443020242,7.94814037125087e-9,1.75399253047119e-7
930,MCM7,5813.56850468786,-0.520519354549739,0.0902624987364256,-5.7667288390686,8.082493799881681e-9,1.77788791036752e-7
934,E2F3,946.267100236504,-0.29845217829283,0.0518327175520949,-5.7579882434848,8.51222820292159e-9,1.86240269890018e-7
940,ZNF385A,770.655845319631,-0.833254279799639,0.144869838905763,-5.7517443664838,8.83272903323683e-9,1.92224614715879e-7
944,CASKIN2,563.642160198548,-0.772002464220601,0.134399403010778,-5.74409146861085,9.24158251463618e-9,2.00270183794399e-7
948,CYREN,287.694659380697,-0.476502693724541,0.0830292717236355,-5.73897233870229,9.52527747315109e-9,2.05584017879625e-7
964,EPHB4,1499.54862936157,-0.357773228374121,0.0625765172069113,-5.71737201658464,1.08184099301399e-8,2.29576983341153e-7
968,CDC123,1058.53117876248,-0.248755008603935,0.0435892680386398,-5.70679480975513,1.15123425328731e-8,2.43293379333663e-7
980,RIPK4,403.573318452618,-1.30760235502659,0.229875493643755,-5.68830689300454,1.28305090277628e-8,2.67830329776474e-7
984,SASH1,648.274976325491,-0.427661720667547,0.0752403633358777,-5.68394013142173,1.31626371344397e-8,2.7364641042605e-7
1034,TRIM24,528.667129676767,-0.483140194824721,0.0858393949423667,-5.62842032086905,1.81867478471648e-8,3.59812669931771e-7
1039,CPTP,369.163272198223,-0.329625632971449,0.0586115081543322,-5.62390635135168,1.86686882651198e-8,3.67570121116031e-7
1041,FEN1,2096.95360379481,-0.428404992928216,0.0762845752873898,-5.61587963640447,1.95564765520298e-8,3.8431012567231e-7
1042,ABCD1,308.016125524251,-0.651534519780185,0.116035813932683,-5.61494333256597,1.96626673320763e-8,3.86026089839044e-7
1052,TRRAP,3081.49867560581,-0.375744942962351,0.0671248420557469,-5.5977031968328,2.17210198189594e-8,4.22382987106893e-7
1059,DDX31,856.613299645365,-0.28546394630496,0.0510214405857257,-5.59498013046743,2.20647037497284e-8,4.26230070451551e-7
1063,CYP2J2,27.1266054993692,-1.21660493080309,0.217913747829048,-5.58296547566841,2.36451696887485e-8,4.55041614602754e-7
1064,VSIG10,611.600088729129,-0.455283224460518,0.0815723969238053,-5.58133929649985,2.38673520233138e-8,4.58885733403131e-7
1066,SRPX,130.891306061044,-0.679745421383253,0.121864678260539,-5.57787072583904,2.43480485477199e-8,4.67249558293345e-7
1073,PGK1,7577.62319604745,-0.363451252491831,0.0653960086162559,-5.5576977889364,2.73356145549086e-8,5.21159987837619e-7
1075,TSC22D4,995.779581363756,-0.497333781900426,0.0895577125107327,-5.55322113481656,2.80452919000444e-8,5.33695382696937e-7
1076,ODC1,2202.49679427906,-0.7760551163827,0.139791042924747,-5.5515367805108,2.83169119608845e-8,5.38363446081611e-7
1090,DHCR24,6119.43415369721,-0.372379945757127,0.0673149984099031,-5.53190157547926,3.16777650425274e-8,5.94524806857783e-7
1100,ELAC2,2183.99276520693,-0.158646220243802,0.0287736214463693,-5.51359934096236,3.51568445748708e-8,6.53821426789211e-7
1107,AKT1S1,1653.34350883346,-0.198428598135736,0.036079491576525,-5.49976148402386,3.80305338405783e-8,7.02791897720605e-7
1109,ALKBH3,232.564547915944,-0.667840683499133,0.121478259265002,-5.49761486162108,3.84962563195122e-8,7.10115343127377e-7
1116,HOXD9,84.6378352714123,-0.921405475324354,0.167801349468616,-5.49104925700664,3.99552892512581e-8,7.3240622958153e-7
1121,SMG7,2097.71460318794,-0.220812792752644,0.0402934924109817,-5.48011054739109,4.25060168408033e-8,7.74092598055931e-7
1134,PARD3,666.623712248775,-0.260150572702735,0.0476457557511515,-5.46009961645843,4.75867500179015e-8,8.58449863418176e-7
1138,ZNF609,1693.43163144223,-0.283265461856148,0.0519914796487961,-5.44830544869303,5.08519739332981e-8,9.14129025266678e-7
1140,HDAC1,2614.80296351529,-0.268138571388883,0.0492908381047176,-5.43992720958054,5.33023448922192e-8,9.56496552158007e-7
1147,CUX1,1555.03950953456,-0.446125538852202,0.0821955198210346,-5.42761381427548,5.71124475765874e-8,1.01935033377574e-6
1150,NDST1,1871.7530562005,-0.291070285583332,0.0536491729092593,-5.42543845131853,5.78124492221083e-8,1.02840806411884e-6
1180,ARHGAP35,2117.95131529138,-0.351155423238227,0.0652512198286837,-5.38159170296251,7.38300754010442e-8,1.27995072243997e-6
1186,ZNF282,664.740766527408,-0.449685410840427,0.0836567592984207,-5.37536254824679,7.64287379449376e-8,1.31829906588498e-6
1216,CGN,243.404770140151,-1.90705133699893,0.35673938666692,-5.34578296727157,9.00270305974921e-8,1.51463622344392e-6
1225,ACP2,408.046619699041,-0.546696371831432,0.10246382920057,-5.33550596436613,9.52784969147351e-8,1.58925233465036e-6
1230,SIN3A,1875.74304316442,-0.263838960669426,0.0494640559161767,-5.33395322689543,9.60972862238103e-8,1.59826193843942e-6
1236,UNC93B1,728.550927105458,-0.676671980896672,0.12706116372584,-5.32556102159373,1.00641921430617e-7,1.66572151028004e-6
1240,CYP2S1,272.119928084074,-0.645927484314748,0.121562304754534,-5.31355082168807,1.07509433816183e-7,1.77364555449811e-6
1243,DDX49,608.494663745567,-0.397902897347153,0.0750140460060003,-5.30437856018758,1.13057477238957e-7,1.86067321953126e-6
1287,HS6ST1,461.260221172692,-0.570278377038433,0.108678847957942,-5.24737230614672,1.54283914168096e-7,2.45235899932925e-6
1289,CBX6,2378.44653693849,-0.3603507346331,0.0687420353148928,-5.24207252494648,1.58782932189747e-7,2.51995534818128e-6
1293,GALNT18,255.317252769259,-1.0113732755123,0.193178765895057,-5.23542673453932,1.64604110272563e-7,2.60425853352345e-6
1305,CREB3,355.384030753653,-0.392437722108099,0.0751624047463674,-5.22119699911632,1.77770307267757e-7,2.78670281668698e-6
1306,EIF4G1,11380.7112927698,-0.339466620981092,0.0650250231836987,-5.22055363243906,1.78389034767115e-7,2.7942607076806e-6
1312,KPNB1,8423.15251265219,-0.297300256475985,0.0570963584453187,-5.20699155902754,1.91926820186219e-7,2.99256628090662e-6
1315,MKRN1,1207.15580431386,-0.456620780193908,0.0877185698661082,-5.2055201183841,1.93453985959508e-7,3.00949672302179e-6
1324,DNAJC1,267.059112175734,-0.489022660510146,0.094147720961113,-5.19420603619427,2.05595351137472e-7,3.17817319414563e-6
1327,WIPF2,1500.7198253669,-0.234262990390491,0.0451226061654481,-5.19169902402211,2.08383672325283e-7,3.21243766748931e-6
1331,MOCS1,90.2154671405122,-0.572180179888333,0.110463738617596,-5.17980096499458,2.22122771198307e-7,3.41327948506132e-6
1335,NFE2L1,3282.98594166215,-0.327985561958913,0.0633750276457502,-5.17531232952302,2.27530035031688e-7,3.48657822220467e-6
1341,PBX1,494.168881429247,-1.33625079844496,0.258557299985784,-5.16810315747585,2.36481780857147e-7,3.60753750260601e-6
1348,POP7,465.291462036677,-0.443613443009489,0.0859560589027266,-5.16093279138716,2.45722391392159e-7,3.72903780468056e-6
1350,NACC1,2162.9551394674,-0.265109098704113,0.0513919243361596,-5.15857505101401,2.48836361792089e-7,3.77070033568946e-6
1357,ABCC5,1135.54257549478,-0.539743197047602,0.104781380163494,-5.15113654931271,2.58912584341229e-7,3.90315013844401e-6
1367,AMBRA1,608.967733237548,-0.319724081448533,0.0621855900013262,-5.14144967414017,2.72626682141481e-7,4.07684505597097e-6
1374,SYNE2,7468.50834319975,-0.399198696106533,0.0776893289267336,-5.13839804798681,2.77090458089892e-7,4.12550182033837e-6
1379,ZNF777,339.176552502656,-0.468527400880123,0.0913359041616856,-5.1297176633925,2.90177068757237e-7,4.30467896705352e-6
1385,ZFAND3,857.639902131068,-0.263293636281737,0.0514571664566131,-5.11675349445712,3.10839433588415e-7,4.59122187214311e-6
1395,ACTR2,4857.37290390734,-0.187945647345074,0.036838449382069,-5.10188812226597,3.36281533528608e-7,4.93140597232598e-6
1405,SLC45A4,297.671070990959,-0.469145697283431,0.0921911500549602,-5.08883658576498,3.60266889592507e-7,5.24553719600991e-6
1406,UGGT1,2286.94836842291,-0.238632202070029,0.046899137608889,-5.08820021511014,3.61477634474061e-7,5.25942245265709e-6
1434,NRSN2,442.482328932084,-0.567475663000308,0.112072625241879,-5.06346364043458,4.11706933861176e-7,5.87328364435013e-6
1435,ZC3HAV1,2057.95933858933,-0.529755325040837,0.104635320236026,-5.06287287930947,4.12985244788862e-7,5.88741404365557e-6
1448,SLC25A23,625.841643065795,-0.631921822131896,0.125113990749066,-5.05076864984114,4.40035758934672e-7,6.21672066334709e-6
1478,ERBB2,1836.25393875128,-0.341193183073468,0.0678462707274657,-5.02891580355271,4.93260907153338e-7,6.82722488338013e-6
1479,TCN2,15.2038352263385,-1.4925929074859,0.29684309007676,-5.02822183632414,4.95048977399543e-7,6.8473407239097e-6
1484,SPHK2,226.008442832782,-0.367171455506765,0.0730904525459848,-5.02352144113158,5.07325580474743e-7,6.99080550055837e-6
1493,ZMYND19,1058.51676570195,-0.330913900954306,0.0659942013274104,-5.01428753281785,5.32303355027478e-7,7.28870798781601e-6
1496,WDR33,1480.31735106326,-0.177105455091546,0.0353283750440616,-5.01312202643513,5.35539097515336e-7,7.3232107739781e-6
1504,PACS1,2619.60686799765,-0.370000791829161,0.073953407341419,-5.00316084316422,5.63978463631866e-7,7.67425767822448e-6
1512,ZNF408,223.701246823027,-0.430234599704778,0.0861651458659279,-4.99313957379262,5.94055939133331e-7,8.0374354145837e-6
1527,TPI1,8648.08058439803,-0.345103693079401,0.0693332768273139,-4.97746116830652,6.44237012116083e-7,8.63075085583412e-6
1528,SEPHS2,1014.40496956373,-0.383382065755619,0.0770862841519395,-4.97341479062554,6.57836959836711e-7,8.80717976922748e-6
1531,NUP62,1586.31847258748,-0.328876681829407,0.066158968033338,-4.97100682803401,6.6606103429688e-7,8.8998109592497e-6
1534,TKFC,754.044955879711,-0.510333021804131,0.102681375398098,-4.9700641408976,6.69307567615298e-7,8.92570072405877e-6
1540,HUWE1,8837.70786511003,-0.221811197524385,0.0446721661456558,-4.96531099031907,6.85910665500772e-7,9.10556423371141e-6
1544,INTS1,2922.92560533446,-0.264402219744894,0.0532801718946626,-4.96248811410799,6.9595826721322e-7,9.21502800801349e-6
1554,KMT2A,2347.8371332248,-0.462686207894246,0.0933986882090514,-4.9538833656703,7.27468213157513e-7,9.57265970200412e-6
1560,MYORG,325.142175493065,-0.401038816595473,0.0810422633929173,-4.94851451336096,7.47820151144587e-7,9.80288206581388e-6
1562,FAH,296.765446425021,-0.396402398608765,0.080113782991962,-4.94799251520224,7.49827915481185e-7,9.82024946670846e-6
1570,CNDP2,1505.24306181604,-0.31641398692782,0.0640201406251771,-4.94241318181961,7.7161469462477e-7,1.00476905206486e-5
1575,AP2M1,5726.80848276938,-0.215203133271481,0.0435756012218748,-4.93861535439814,7.86792312413481e-7,1.02193081492334e-5
1580,PLXNB2,4859.28607344315,-0.327042594206191,0.0663040577466812,-4.93246726249662,8.11973917357457e-7,1.05130065996085e-5
1604,POLR3B,333.814653584683,-0.311623022993409,0.063573585650059,-4.90176886842185,9.49775441700306e-7,1.21131896576454e-5
1611,TOMM40L,206.850481669397,-0.390167021543811,0.0797105800344918,-4.89479591510914,9.84077983114302e-7,1.24961410928425e-5
1617,SDSL,111.276514216333,-0.873842744513383,0.178700830418446,-4.889975846599,1.00848351311046e-6,1.27585326083492e-5
1620,ZDHHC5,2213.76233554139,-0.337214172066614,0.0689929095034899,-4.88766417438239,1.02039394830295e-6,1.28853080249589e-5
1621,ZC3H4,966.395661979475,-0.303508752711634,0.0621198080252091,-4.88586108618471,1.02977787840436e-6,1.29957841199988e-5
1622,MAP4K4,2410.77612914669,-0.395845311076954,0.081022294427471,-4.88563442783398,1.03096335184598e-6,1.3002723359256e-5
1627,WIPI2,1047.14528973278,-0.31205699429915,0.0639451770975234,-4.88007084292266,1.06047740136033e-6,1.33338575289664e-5
1632,CSK,1293.06013129038,-0.286524457975001,0.0588058963251541,-4.87237634115341,1.10263871880051e-6,1.3821495263788e-5
1655,MYO5C,704.998074614914,-0.933061628510261,0.192479442832813,-4.84759107143049,1.24969667866067e-6,1.54461371596498e-5
1656,PRR15,54.1864873501949,-1.43325806316127,0.295670490785585,-4.84748430373678,1.25036922013883e-6,1.54461371596498e-5
1659,ICMT,2431.18069716086,-0.382627487852962,0.0789714127342738,-4.84513920423891,1.26522937380879e-6,1.55895933660501e-5
1660,ZNF786,185.283317164364,-0.523131491439763,0.10797234220396,-4.84505087841448,1.2657923733201e-6,1.55895933660501e-5
1665,NEDD4L,474.579941392406,-0.484052685801882,0.0999576037610975,-4.84257992977489,1.28164053049215e-6,1.57468590584252e-5
1682,VPS18,516.152131744086,-0.485112510711303,0.100602350138461,-4.82207930573824,1.42069436152395e-6,1.72789206621258e-5
1684,UBE2E3,625.469288311328,-0.332851879820544,0.069077545178303,-4.81852502084993,1.44623391387389e-6,1.7568650342113e-5
1692,TBC1D22A,671.422019210972,-0.408319608144056,0.0849108439454834,-4.80880402515155,1.51835968976709e-6,1.83576147597905e-5
1693,PGAP2,436.828517509188,-0.464004882161026,0.0965298996813984,-4.80685138690184,1.53325878517155e-6,1.85268015169843e-5
1695,B3GNT2,515.872166073791,-0.285493796971445,0.0594462609356479,-4.8025526328813,1.56655623213494e-6,1.89068087556251e-5
1711,SLC9A1,704.27014102151,-0.440438972716265,0.0919537460930231,-4.78978825148357,1.66957402371875e-6,1.99500442775785e-5
1712,CRYBG1,1339.62934611516,-0.462102374994544,0.0964754485490604,-4.7898442758683,1.6691079534911e-6,1.99500442775785e-5
1721,CYP3A5,81.9040179079595,-0.476288695966631,0.099617550072507,-4.78117255061946,1.74275692671168e-6,2.07156179254741e-5
1733,ZNF398,386.211205119847,-0.354275137249767,0.0742268748112715,-4.77286883154577,1.81620084120618e-6,2.14391348000893e-5
1740,PDSS1,198.944718878519,-0.38446524928634,0.08063193652069,-4.7681510066137,1.85924406492177e-6,2.18589401356924e-5
1759,PLXNA2,431.624777742702,-0.744846161621284,0.156896121291787,-4.74738416404865,2.06064333672825e-6,2.39650828535814e-5
1782,NLRX1,373.733699586206,-0.405916730014881,0.0860582428172018,-4.71676758352013,2.39621154274319e-6,2.75080244275519e-5
1792,KMT2C,2009.90275528232,-0.533358131388736,0.113200463290871,-4.71162498706619,2.45749300472788e-6,2.80540928558696e-5
1803,CUL1,1629.90345471472,-0.401715878869352,0.08560779784708,-4.6925150391899,2.69866689558768e-6,3.0619317073232e-5
1818,TRAF4,1168.10835724088,-0.405317206766416,0.0866535344076059,-4.6774457561057,2.90470377660528e-6,3.26851073476426e-5
1821,CDC42BPG,791.903363776612,-0.720120686873828,0.154024492906041,-4.67536476366212,2.93431592837286e-6,3.29639214424621e-5
1833,GRB2,2774.78926721805,-0.20940277619893,0.044860644365665,-4.66785038779338,3.04367399306543e-6,3.39685973137695e-5
1847,YBX1,12607.0660063631,-0.182590298479642,0.0392266409629493,-4.65475233151123,3.24370372768593e-6,3.59266091809805e-5
1857,NOTCH1,1530.22057689564,-0.601143931133618,0.129481117427573,-4.64271503889265,3.43860453457749e-6,3.78802008421388e-5
1861,RAP1GAP2,1139.28260963367,-0.204093215829526,0.0439942493479164,-4.63908849121419,3.49949198022734e-6,3.84474261221862e-5
1867,DHX40,1064.69651195868,-0.218305011425184,0.0471278552853344,-4.63218642358032,3.61824116527781e-6,3.96456130252213e-5
1869,IRF2BPL,1073.43557886073,-0.496146393190471,0.10713160134557,-4.63118619491247,3.6357672384199e-6,3.97950189386602e-5
1878,CLSTN1,3730.01004173921,-0.349032711687415,0.0754785552645648,-4.62426328198782,3.75932125859067e-6,4.09501783743288e-5
1883,LEO1,596.860771821683,-0.314436641741093,0.0681027714324909,-4.61709024650764,3.89158062308458e-6,4.22593638447478e-5
1885,RARG,1937.25660553558,-0.242914253870106,0.0526176424814009,-4.61659326443541,3.90090753701164e-6,4.23122298433972e-5
1892,AKAP9,2014.18922425431,-0.487002283402892,0.105685222117082,-4.60804522758512,4.06472260586445e-6,4.39492760825417e-5
1906,SFT2D2,1259.83185315452,-0.47999798402915,0.104341402430513,-4.60026387271161,4.21956086352797e-6,4.53041115488309e-5
1911,UBE3C,3238.77204958041,-0.348178593016441,0.0758241202375089,-4.5919239409019,4.39178434873809e-6,4.70134654223627e-5
1923,CARMIL1,737.820130951236,-0.319819680724939,0.0698323592173886,-4.57982064918269,4.6537482115158e-6,4.94811471741054e-5
1929,CTR9,1218.89453332698,-0.354017095616936,0.077397448597209,-4.57401506165026,4.78465421219414e-6,5.0741146303191e-5
1955,TRIM28,6025.639975688,-0.223481024131559,0.0491056514512829,-4.55102452623546,5.33853239673967e-6,5.58620753146309e-5
1975,FRMD8,1462.5199793651,-0.50632564034243,0.1116558032422,-4.53470062137413,5.76852483990949e-6,5.9750234253179e-5
1991,ARHGEF12,3448.94200933712,-0.274522627448767,0.0607105700058286,-4.52182589329027,6.13084787567358e-6,6.2992845300178e-5
2002,SIPA1L3,795.487922379136,-0.344940743496618,0.076481108145031,-4.51014311720624,6.47839042361089e-6,6.61980184294745e-5
2014,KDM2A,4149.27606620906,-0.351719769412254,0.0781828571962296,-4.49868145045504,6.83762224405913e-6,6.94524519596413e-5
2020,BIRC6,2365.34480463909,-0.297435187703618,0.0661660292820043,-4.49528543470438,6.94766855740969e-6,7.03606216232326e-5
2026,TRUB2,764.914407798799,-0.192135236553209,0.0427952129960971,-4.48964318908125,7.13425768094329e-6,7.20362830103933e-5
2028,SLC27A4,732.537297754246,-0.376164527339891,0.0838353908924234,-4.48694189095607,7.22527706617076e-6,7.28474583256063e-5
2059,CEL,110.944424968772,-0.688913623204475,0.154669419293714,-4.45410363826504,8.42444024419212e-6,8.37002302454775e-5
2062,KIAA1217,323.121637385929,-0.770247422933367,0.172993588202623,-4.45246226138275,8.48911637779835e-6,8.42201036569452e-5
2082,TET3,937.170327667004,-0.378548121343527,0.0851949022437606,-4.44331892371237,8.8581710379822e-6,8.7037274219021e-5
2085,MYCBP2,1820.51691618976,-0.331385548904617,0.074642701838825,-4.43962424645579,9.011607743583e-6,8.84174866237302e-5
2087,DNMBP,816.741922983827,-0.65179783071093,0.146876751612169,-4.43771954074811,9.09169729932138e-6,8.91178014624904e-5
2121,MAP7D1,1563.96009258547,-0.323739430877331,0.0735401563486426,-4.40221298065417,1.07152292133302e-5,1.033481584239e-4
2126,ZNF189,291.564957226545,-0.318344924988342,0.0723969840373002,-4.39721252510084,1.09649968909054e-5,1.0545883469546e-4
2131,DDX56,1737.00535998849,-0.242175661600261,0.0551244460343976,-4.39325342968786,1.11666825362664e-5,1.0706784456257e-4
2140,MCM3,4714.0026794059,-0.296512614485605,0.0675619635385272,-4.38875069574494,1.14003665528421e-5,1.0898004606144e-4
2141,PCDH1,566.847409015535,-1.39033735814665,0.31689695182479,-4.38734847445095,1.14740876295483e-5,1.0963354069951e-4
2151,PDAP1,1772.90973260539,-0.291127819782107,0.0664104276803682,-4.38376667566874,1.1664470367674e-5,1.1088293230088e-4
2156,CPT1A,1873.50734252648,-0.404549265349258,0.0923533788958761,-4.38044899045186,1.18435016118822e-5,1.1237593342962e-4
2171,MCM10,830.829080306693,-0.341403404145405,0.0781184837937571,-4.37032809093881,1.24059991438425e-5,1.1684600574842e-4
2172,ZNF3,509.744763800472,-0.381070554413692,0.0871930565777455,-4.37042316636659,1.24005983663754e-5,1.1684600574842e-4
2175,NT5C3B,901.069549508427,-0.191214457268173,0.0437861498362823,-4.36700778632351,1.25960238819189e-5,1.1847211979421e-4
2180,ACTMAP,565.575525533944,-0.321849486387706,0.0737654971784973,-4.36314399954353,1.28206493420562e-5,1.2030826770203e-4
2184,SLC12A9,731.942935630126,-0.425107317869554,0.097529000594371,-4.35877857128467,1.3079036259697e-5,1.2250817067977e-4
2206,ZSCAN29,559.83623443989,-0.333715598125607,0.0768918607900916,-4.34006401583417,1.42441214073472e-5,1.3209065803721e-4
2207,CNOT4,490.870357300556,-0.321543003892752,0.0740928808501831,-4.33972873241245,1.42658708895377e-5,1.3223240633768e-4
2234,PSAP,10711.8001202842,-0.240412862136912,0.0557524085074534,-4.31215204101491,1.6167319293372e-5,1.4797979900873e-4
2262,SLC35B4,814.80382074046,-0.285280272479995,0.0664039056036684,-4.29613694987595,1.73800235213487e-5,1.5718087585156e-4
2272,MCM2,3043.44014443037,-0.336454221357618,0.0784157759453744,-4.29064454570975,1.78155280251983e-5,1.6034332626699e-4
2273,TMUB1,545.832510055735,-0.592193730209998,0.138019919163355,-4.29063959607961,1.78159251407769e-5,1.6034332626699e-4
2277,TXNL4A,792.333769662106,-0.247318778211616,0.057680159461249,-4.28776169347748,1.80482567936612e-5,1.6214896320945e-4
2295,UBE4B,1320.82849925141,-0.24491870690945,0.0572849463267531,-4.27544621430619,1.90754850760676e-5,1.7003363756039e-4
2298,ITPR2,610.525967854658,-0.324623466030147,0.0759567828133055,-4.27379167477433,1.92176603125586e-5,1.7107731810879e-4
2302,HNRNPM,5051.41141389595,-0.343811138708432,0.0805013620246303,-4.27087356116086,1.94708780427336e-5,1.7303030066038e-4
2309,ZNF142,737.864470329281,-0.305120330830051,0.0715753186350093,-4.26292661561144,2.0176679479651e-5,1.786815290542e-4
2330,TYW1,303.274088764724,-0.344212661520786,0.081158848609005907,-4.24122159715545,2.22306516575243e-5,1.9518130513217e-4
2331,LRRC20,288.478245944057,-0.364844953129885,0.0860399826140414,-4.24041174864607,2.23110142313901e-5,1.9580283918127e-4
2346,TOR4A,1067.0969510778,-0.25470349667118,0.0602749135613841,-4.22569658954035,2.38202764905805e-5,2.0756662793778e-4
2355,GFM1,1566.57875583515,-0.252280398395061,0.0597894322385511,-4.21948141919962,2.44864901815139e-5,2.1270493827738e-4
2365,FKRP,311.45630757315803,-0.314148290789498,0.0746445703333608,-4.20858864062744,2.56970721513598e-5,2.2227695771685e-4
2378,CPSF7,3085.36446144154,-0.277841926454978,0.0661479989987366,-4.20030735110045,2.66552889746103e-5,2.2930498172985e-4
2392,ACSL3,2669.55386549304,-0.359104262244345,0.085788835054535,-4.18590906399494,2.84027050786723e-5,2.429072482418e-4
2393,ARHGEF37,120.044666038525,-0.578529843332637,0.138212517255798,-4.18579919401887,2.8416448691175e-5,2.4292323062071e-4
2401,TOR2A,177.376877074147,-0.316884965091797,0.0758194358759541,-4.1794687790904,2.92190828342969e-5,2.4895242713086e-4
2402,LMTK2,951.43098973803,-0.367359281619615,0.0878989126098736,-4.1793381819191,2.923586597359e-5,2.4899171949281e-4
2411,TK1,2637.71531421207,-0.551140089957253,0.132088626880698,-4.17250222803088,3.01272652534318e-5,2.5562565959745e-4
2415,SMG6,526.092462752731,-0.242228913147872,0.0580984586227922,-4.16928295328036,3.0555944895828e-5,2.5883352576975e-4
2425,TAF6,824.39962430345,-0.221837120311915,0.0533336132621926,-4.15942417441971,3.19050913243348e-5,2.6914740339048e-4
2443,SF1,4997.51615687283,-0.193728509971914,0.046735510411886,-4.14521010393511,3.39502271188072e-5,2.8428972417905e-4
2454,NCBP1,1611.94151944148,-0.256228469506229,0.0619389071851904,-4.13679351397232,3.52192768167419e-5,2.9359443595765e-4
2463,TRIM35,371.321994882119,-0.291688326473719,0.0706120924509122,-4.13085516020494,3.61416251657118e-5,3.0018238977465e-4
2479,MED16,472.893048974636,-0.303305345853888,0.0736407690769309,-4.11871507665858,3.80990872789706e-5,3.1439815589588e-4
2481,CWF19L2,272.984114884789,-0.334282845368114,0.0811893386660197,-4.11732440318573,3.83296367224359e-5,3.1604569868233e-4
2484,INTS5,372.913131532685,-0.327976607670246,0.079696732714878,-4.11530807471883,3.86662620363429e-5,3.184362811906e-4
2493,B4GALT5,3469.91161282561,-0.334284929224094,0.0813439486488684,-4.10952424583023,3.96475087769936e-5,3.2533858285237e-4
2498,DNAJB12,762.911631563345,-0.2500019964993,0.0608551280611656,-4.10815003540907,3.98840987232356e-5,3.2662490295485e-4
2500,USP14,2188.08608644074,-0.155978816265014,0.0379913069076675,-4.10564492145791,4.03188413215645e-5,3.2992101476609e-4
2506,SELENBP1,45.7534003893095,-0.945092411176811,0.230368369068332,-4.10252681389813,4.08662477200768e-5,3.3362369256561e-4
2522,ZNF787,432.814997894234,-0.305855737150902,0.0748994043419663,-4.08355366558677,4.43521807066075e-5,3.5982638513023e-4
2526,CDC42EP4,788.853564798688,-0.418709342563274,0.102595848538165,-4.08115287830109,4.4812866193116e-5,3.6297399206155e-4
2532,XPO6,2822.25343932215,-0.191965181548224,0.0470998131616341,-4.07571004346558,4.58741524980446e-5,3.7048856598993e-4
2539,MEN1,1055.06799364671,-0.207858522070471,0.0510722945687839,-4.06988806407608,4.70357313742876e-5,3.7882281760779e-4
2554,SUPT16H,6189.08492137755,-0.178734265609696,0.0440069830229411,-4.06149781993737,4.87588736818577e-5,3.9054826895448e-4
2563,SH2B2,67.7883129983384,-0.666931728513741,0.164416880730776,-4.05634582987745,4.98464383094358e-5,3.9785742820762e-4
2575,ARF5,1355.6144206133,-0.328579675654578,0.0811897041850521,-4.04706087985813,5.18647554717131e-5,4.1203778745042e-4
2593,MARK2,1016.39653440011,-0.467954265937816,0.115859699348944,-4.03897359105378,5.36856085378434e-5,4.2340520636217e-4
2599,LRRC61,576.385563427345,-0.64476022639059,0.159699084364573,-4.03734454055281,5.40596452329465e-5,4.2562397481261e-4
2605,MCCC1,809.138972833667,-0.313335766951138,0.0777388390223576,-4.03062061244603,5.56297738019992e-5,4.3685922559213e-4
2642,EXOC4,937.088727892058,-0.369691418521648,0.0922532981446915,-4.00735177989863,6.14033721171463e-5,4.7544617085558e-4
2650,H1-2,463.696310294017,-1.00231084001781,0.250269668485596,-4.00492335360847,6.20375929633462e-5,4.7895442835618e-4
2658,RUSC1,1079.03055591738,-0.281461492824428,0.070344714469749,-4.00117471434855,6.30287967277774e-5,4.8509409129426e-4
2659,TRAM2,754.544608154779,-0.306195359970858,0.076545875289104,-4.00015492427772,6.33010294101456e-5,4.8688458638976e-4
2660,USP40,868.609032933932,-0.312878365934054,0.0782171474891578,-4.00012498509261,6.33090384610048e-5,4.8688458638976e-4
2692,DNAJC9,305.188772543913,-0.334933658298953,0.0840492238916508,-3.98497026850267,6.74885752522822e-5,5.1285801780681e-4
2699,PTPN6,451.643220445947,-0.473622146415949,0.11895960145246,-3.98136964678068,6.85192946799785e-5,5.193402042491e-4
2707,HPGD,16.4772194478737,-1.81749748360894,0.456802053073751,-3.97874193292101,6.92808902320374e-5,5.2356083172397e-4
2710,IGSF9,272.528285895506,-0.794214567323168,0.199709324884455,-3.97685269720216,6.98333927747653e-5,5.271519247208e-4
2729,HINFP,336.543930043471,-0.251613702165627,0.0634650051242463,-3.96460540219038,7.35174576108192e-5,5.5109806901595e-4
2731,FGD3,118.401607816762,-0.952346350817087,0.240319545847775,-3.96283351592354,7.40654326962261e-5,5.5479917856708e-4
2732,TNFSF15,24.9059560243362,-1.05616324795018,0.266603764471802,-3.96154664223389,7.44658314314916e-5,5.5759425827014e-4
2741,RAB14,2260.08411242102,-0.180389042045175,0.0456482440536199,-3.95171919062833,7.75917573548426e-5,5.7909324341773e-4
2744,CDC73,1015.3826340936,-0.200105528253975,0.0506568709601143,-3.95021493553228,7.80810437723624e-5,5.8210783981458e-4
2750,BAIAP2,618.975189039866,-0.391157469008518,0.0991323039715857,-3.94581234710973,7.95298827007426e-5,5.9161556742148e-4
2758,ST6GALNAC1,5.09663704472671,-2.53209865662661,0.642606626349623,-3.94035565896727,8.1360893723801e-5,6.0348071171421e-4
2794,CDK9,1094.38434929963,-0.231345976079327,0.0590735590081957,-3.91623562154484,8.99423474022729e-5,6.5853636392566e-4
2805,SPR,624.24818596411,-0.546072677267531,0.139625634472072,-3.91097723088061,9.19234386204108e-5,6.7040206198137e-4
2829,SMC3,2448.22727990065,-0.13624191021106,0.0349762049462001,-3.89527424203472,9.80876855601986e-5,7.0928942506362e-4
2834,COTL1,4735.11600858284,-0.49121632172519,0.126284442676463,-3.88976117179907,1.0034292574266e-4,7.2431730131179e-4
2835,EGFL7,414.386458113976,-1.00145468895669,0.257467868958759,-3.88962977402474,1.0039726938705e-4,7.2431927398326e-4
2840,NCAPG2,2385.47987216877,-0.386094494855243,0.099313422051284,-3.8876366042031,1.0122502151713e-4,7.2914093844228e-4
2846,CDIPT,890.542876851219,-0.269603888859579,0.0694140251777496,-3.88399733582947,1.0275303361789e-4,7.3858707263568e-4
2856,MEST,742.97383680334,-0.524152498347744,0.135178241503502,-3.87749161786636,1.0553896250805e-4,7.5595607704035e-4
2868,SLC20A1,2051.58455558743,-0.245255529904959,0.0633600005626991,-3.87082587952729,1.0846724942689e-4,7.7368009816108e-4
2885,NET1,1353.67913341552,-0.28526190470971,0.073954319828132,-3.85727169653715,1.1465968978352e-4,8.1303059753956e-4
2902,ATXN7L3,1537.19766108185,-0.252415264835614,0.0656019344133715,-3.84768021084702,1.19241560159e-4,8.4027716023866e-4
2906,CDC6,1970.81354338268,-0.304530392429056,0.0791795069037874,-3.84607588929668,1.2002460211343e-4,8.4477624730223e-4
2919,AACS,950.923405567978,-0.180775378731398,0.047120153374448,-3.83647687423335,1.2481194296054e-4,8.7470980374915e-4
2934,CLASP1,1309.96917037429,-0.254123008671022,0.0663855129650278,-3.82798892892332,1.291945662155e-4,9.0059311118047e-4
2943,PTPA,2640.7955564232,-0.244805433512625,0.0640280534159621,-3.82340896610165,1.3161920002411e-4,9.1489431698716e-4
2953,TTC7A,538.587315216854,-0.241876590622107,0.0634109275978049,-3.81443072645542,1.3649721801162e-4,9.4583587717153e-4
2963,SWAP70,771.765931061937,-0.230223657733719,0.0604459570087049,-3.80875196831716,1.396699732644e-4,9.6351018865396e-4
2977,YWHAG,6339.60229061426,-0.343890197182229,0.090444401599837,-3.80222756853144,1.4340091475261e-4,9.8540561407263e-4
2990,PKP3,2059.26630175106,-0.473677503723526,0.12480647346509,-3.79529595358706,1.4746743711541e-4,0.0010089435990201
3014,MCAT,396.687151513594,-0.29874417619879,0.078963728030799,-3.78330891472433,1.547571445066e-4,0.00105003877451793
3031,GIRGL,10.317174066962,-1.30738675657609,0.345985331864449,-3.77873463458937,1.5762728800197e-4,0.00106386718266458
3054,USP22,3980.74093535085,-0.188557409723122,0.0501317085627192,-3.76124044300664,1.6907280702754e-4,0.00113215136280277
3060,POLDIP2,2368.68736943531,-0.180738524809581,0.0480724999100493,-3.75970721613748,1.7011232600171e-4,0.00113725093235849
3066,CNPY4,117.259464708473,-0.399143553434459,0.106262678762683,-3.75619698357001,1.7251492475345e-4,0.00115105603903501
3115,RAB3GAP1,1515.61804983832,-0.193606444105802,0.0519767964135648,-3.72486296703109,1.9542134810444e-4,0.00128338186779219
3118,MGME1,651.712671601043,-0.280364583738163,0.0753211334718033,-3.72225656751592,1.9745023774928e-4,0.00129545847133971
3123,ARID5B,403.429479273459,-0.671377724205323,0.180548053321771,-3.71855421231709,2.0036629452777e-4,0.00131248584282889
3124,CCT6A,7076.28752183703,-0.255042506841745,0.0685982374111336,-3.71791632652578,2.0087277544196e-4,0.00131538231985157
3146,TNS2,187.080709512221,-0.658524989754821,0.177611993306847,-3.70766060047046,2.0918275423216e-4,0.00136021983576843
3171,FKBP8,2330.26512141913,-0.177303500038405,0.047996782162799,-3.69407056158503,2.2069251792869e-4,0.00142374860904044
3174,PFKL,2996.63578157873,-0.184285153621039,0.0499294113806274,-3.69091380261177,2.2344985607554e-4,0.00144017445045285
3178,SMARCD1,1624.10599205294,-0.205546121326092,0.0557230082650637,-3.68871185755709,2.2539230245656e-4,0.00145075458233694
3189,ANXA11,2498.93374351868,-0.344487357032872,0.0935516292746617,-3.68232343684234,2.3111793051561e-4,0.00148258999829348
3190,LANCL2,451.79847159942,-0.318492847671791,0.0864981580753922,-3.68207664484822,2.3134183313905e-4,0.00148356109107389
3198,EIF4H,3705.87977418661,-0.238930618361908,0.0649866335948335,-3.67661171451884,2.3635237519829e-4,0.0015119013569204
3213,TMEM19,490.826801191002,-0.403372190978414,0.109932084481613,-3.66928538543159,2.4322943302608e-4,0.00154862885509323
3220,CACNB3,375.673011267025,-0.328087933801519,0.0894981115529978,-3.66586431946373,2.4650460224621e-4,0.00156606976650646
3228,RCL1,528.789554067432,-0.213314609513385,0.0582757756045835,-3.6604336416006,2.5178875831804e-4,0.00159567615517726
3232,LSG1,1248.35393828902,-0.153206061526609,0.0418747544800526,-3.65867366696061,2.5352391627598e-4,0.00160468402080996
3247,TFRC,6085.82851749429,-0.310164001101875,0.0849848072755148,-3.6496405774781,2.6260749485147e-4,0.00165450000682989
3251,SMPD1,192.381753175522,-0.791144762471987,0.217026650853743,-3.64538069107997,2.6699626398852e-4,0.00168008076666047
3274,CCT3,8247.31367151344,-0.178142430490949,0.0490584364256523,-3.63122927411114,2.8207445233674e-4,0.00176249146959464
3285,ADGRA3,989.947176575369,-0.255889852846216,0.0706245700603437,-3.62324121233696,2.9093427404879e-4,0.00181176330113124
3287,TUFT1,345.409626491558,-0.391034002546591,0.107947307974362,-3.62245256398117,2.9182298761968e-4,0.00181595068496384
3289,RBCK1,1274.64236481818,-0.196523370357317,0.0542553651003271,-3.62219238583895,2.9211673509278e-4,0.00181691457883644
3296,KANSL3,1318.13199547475,-0.154808331013061,0.0427838907635253,-3.61837897980611,2.9645406882061e-4,0.00183886018370625
3297,MTA2,2210.56237204454,-0.277704950538076,0.0767469673497926,-3.61844852152097,2.9637443557376e-4,0.00183886018370625
3315,DKC1,2495.44888850584,-0.154644809005487,0.0428407023568049,-3.60976362426335,3.0647615904928e-4,0.00189166110532376
3317,TOM1L2,787.264069200969,-0.250736908722564,0.0694998198500394,-3.60773465691828,3.0888214018114e-4,0.00190475594602456
3323,THNSL1,169.534731105998,-0.492527459578882,0.136667691234461,-3.603832442987,3.1355923944907e-4,0.00193032842654522
3344,MTPN,4124.47221924817,-0.283609366261902,0.078935274193387,-3.59293572056359,3.2697326829402e-4,0.0020002667911157
3351,ZBTB7B,1147.59171018357,-0.263988294392466,0.0735626488511894,-3.58861866062613,3.3243468019656e-4,0.00202942890265027
3370,ORC4,536.710834635896,-0.250741446365356,0.0700720801485239,-3.57833599108072,3.4578874916836e-4,0.00209905057618317
3373,LPCAT3,406.201655481194,-0.326857191273191,0.0913650113426191,-3.57748755754515,3.4691272743872e-4,0.00210400049368929
3374,SMPDL3A,43.3285769598499,-0.762053639803603,0.213057795427997,-3.57674610437401,3.4789777880737e-4,0.00210934939569131
3398,GCC1,508.703205079932,-0.37054510989927,0.103892904429724,-3.56660651594273,3.6163385768675e-4,0.00217650598019943
3399,SCPEP1,856.625387375123,-0.532616257264997,0.149328941152907,-3.56673162719085,3.614613221669e-4,0.00217650598019943
3409,LMAN2L,394.074051073909,-0.334077577208223,0.0937745392352264,-3.56256164981216,3.6725362646005e-4,0.00220384495057006
3418,CNPY3,616.762272582705,-0.270206843813455,0.075939645205157,-3.55817890751886,3.7343493281626e-4,0.00223495880683189
3429,H2BC12,230.308371102837,-0.785058805153343,0.220773168492211,-3.55595206842828,3.7661274199828e-4,0.00224682614845695
3434,STAT6,2490.48766100462,-0.301499134241739,0.0848370860870668,-3.55386008817317,3.7962111241842e-4,0.00226147614931385
3437,DHX8,1290.72871068584,-0.254150775323719,0.0715521523311462,-3.5519654831276,3.8236501561525e-4,0.00227583390295059
3439,HSPD1,12193.0478100356,-0.296151508728737,0.083435638976671,-3.54946054660817,3.8602130533982e-4,0.0022962599137356
3443,SELPLG,6.94269232384913,-1.41684572392858,0.399321088496422,-3.54813648651385,3.8796712277244e-4,0.00230580767712864
3454,NAPA,483.727576264395,-0.260276783772936,0.0734121414806969,-3.54541876211817,3.9198979591595e-4,0.00232163730603726
3471,SRPK2,1173.57876715911,-0.221788882807637,0.0627031721465176,-3.53712380434895,4.0451000034691e-4,0.00238405677818979
3479,INO80,1194.39014303201,-0.172159271738171,0.048723869340233,-3.53336617287111,4.1030375734916e-4,0.00241264270310201
3484,LPAR5,71.3499866564732,-0.484594741331643,0.137269224060079,-3.53025045963361,4.1516644680403e-4,0.0024377324920408
3504,CDK19,409.319932885514,-0.277638895893023,0.0788804070473726,-3.5197447158999,4.31962343332e-4,0.00252187604381929
3506,CNNM3,549.887878098179,-0.211194083946761,0.0600145731340927,-3.51904667346183,4.3310050655042e-4,0.00252707845479237
3509,RC3H2,2138.03836733984,-0.119743086688298,0.034040371561256,-3.51767860326727,4.3533927992643e-4,0.00253796969206469
3514,POLR1A,2353.74191932265,-0.234030795105085,0.0666011315019664,-3.5139162027326,4.4155208273119e-4,0.00257032380630867
3531,NOLC1,5415.63433073226,-0.208683335330072,0.0595554355428389,-3.50401828864074,4.5829388257048e-4,0.00265514527208847
3543,GALNT2,1800.08985818432,-0.246445545220206,0.0704937149012695,-3.49599316145229,4.7230080399833e-4,0.00272702725018174
3547,NUP205,3372.82400108212,-0.270615896735493,0.0774418684124503,-3.49443914878462,4.7505889141088e-4,0.00273985896295246
3553,UBE2H,2931.14962985771,-0.470608394613639,0.134839775707969,-3.49013035762434,4.8278498656327e-4,0.00277971642840554
3563,GGA2,1687.87973380322,-0.12639575946727,0.0362526797957384,-3.48652182899119,4.8934544594148e-4,0.00280958175347318
3568,NUP98,3007.11652996143,-0.244417920049973,0.0701696777619773,-3.48324130658065,4.9538162879371e-4,0.00283945698521517
3578,FAM234A,1443.89943261672,-0.196796813590007,0.0565602177356408,-3.47942107489444,5.0249835864881e-4,0.00287220143137156
3606,GRWD1,1161.0596035834,-0.21722018115802,0.0627292641050726,-3.46282049147225,5.3454488779079e-4,0.00303249716293294
3620,HIRA,235.361375084846,-0.270567620397659,0.0782389602224713,-3.45822106567245,5.4375500927337e-4,0.00307281663665896
3629,RCE1,614.353180492414,-0.217493962926042,0.0630277497586706,-3.45076515913725,5.5899974829153e-4,0.00315113195117111
3634,INPPL1,3770.57819195142,-0.179686621788383,0.0521043267391212,-3.44859310222061,5.6351516566083e-4,0.00317221511940666
3643,STK36,618.530357375638,-0.419167221892284,0.121700566710527,-3.4442503697563,5.7264515779516e-4,0.00321564699231835
3645,TNPO3,1804.68421759824,-0.312035941407686,0.0906214886709698,-3.44328862816006,5.7468562884605e-4,0.00322533440584467
3647,DBN1,1866.34310464236,-0.224278534578918,0.0651427363531002,-3.44287862522749,5.7555756472202e-4,0.0032284565674577698
3669,FZD5,294.661804754646,-0.340372363487462,0.0991555825891984,-3.43271003608162,5.9758082276243e-4,0.00333138553231198
3674,BBOX1-AS1,16.9758846139003,-0.799658829573047,0.233061545934432,-3.43110583243972,6.0112602961075e-4,0.00334759472973101
3684,EIF1AD,953.834233455479,-0.222088113071277,0.0648165713582901,-3.42640945698329,6.1161763394418e-4,0.0033962708842552
3710,OASL,720.927337509746,-1.23139212151164,0.360651617090196,-3.41435352888957,6.3933559002572e-4,0.00352568839103127
3736,EPS8L2,2334.77789581845,-0.51736527906078,0.1519424075527,-3.40500909123305,6.6161851148053e-4,0.00362278637295433
3738,AGAP3,1428.56921707088,-0.220830178205162,0.0648592932425957,-3.40475770186367,6.6222783630059e-4,0.00362329661901664
3741,CCDC127,665.104009215303,-0.21292378390496,0.0625437864116796,-3.40439548228564,6.6310671219278e-4,0.00362622057922668
3749,MTHFR,336.88800438828,-0.254936765060712,0.0750088042883163,-3.39875788555161,6.7692611797122e-4,0.00369375235938581
3769,ADD1,2224.25615144897,-0.175942920340897,0.0519614553714704,-3.38602756760926,7.0912259588678e-4,0.00384890446910478
3770,ZNF776,238.499058752606,-0.250355823237915,0.0739473038077697,-3.385597720895,7.1023416625714e-4,0.00385391520931629
3774,BCR,1112.08258186597,-0.213904852659511,0.0632066262033511,-3.38421563541973,7.1381917789796e-4,0.00386823812510165
3781,INPP5K,307.779691919228,-0.216941069075434,0.0641797793659739,-3.3802090193917,7.2430724135489e-4,0.00391884507706876
3793,ZNF48,253.018181980086,-0.27400212340315,0.0811284780989369,-3.37738522678809,7.3178485166617e-4,0.00394677635395066
3816,ITPRIP,399.156584472547,-0.286773951969852,0.0852185940634042,-3.36515704256382,7.6500104285571e-4,0.00410105511889395
3825,MADD,1415.23531056448,-0.231217998099752,0.0688001417471479,-3.36071979254807,7.7739649698019e-4,0.00415769938267292
3828,BRD3,1256.58157535687,-0.276355125906959,0.0822468557630844,-3.36006918857801,7.7922955272273e-4,0.00416390356485139
3835,NIPA2,215.902707425568,-0.315146023591339,0.0938854308706811,-3.35670849746032,7.8876224893086e-4,0.00420748613464895
3839,ZC3HC1,405.726834226992,-0.223611486657811,0.0666501835417498,-3.355001813577,7.9364464207264e-4,0.00422911915678042
3846,LIMK1,1145.1592324319,-0.379472881193366,0.113348283676423,-3.34784849743867,8.144152000064e-4,0.00433190113014328
3848,OAS2,445.860725165797,-1.15244713881744,0.344423888009212,-3.34601396401002,8.1982266936421e-4,0.00435839717962154
3860,SLC36A1,377.005061683821,-0.335656130735352,0.100424153611677,-3.34238446293784,8.3061926126357e-4,0.00440206689835984
3866,PRKD2,796.007746498229,-0.200102341147959,0.059892536988644,-3.34102295893559,8.3470320383548e-4,0.00441684517352884
3867,NCKAP5L,596.038115901823,-0.230383366735988,0.0689604692090616,-3.34080335267956,8.3536367257015e-4,0.00441919696140873
3871,ARHGDIA,3318.55557242338,-0.254114583928404,0.0761072032561031,-3.33890319255723,8.4109870651949e-4,0.00444493832065855
3885,SMARCAL1,331.16483479256,-0.305255292800354,0.0916469113994008,-3.33077556176487,8.6604398122707e-4,0.00456027328802115
3912,LRRC8D,893.967395833934,-0.266076987714407,0.0802093578008348,-3.31728111294812,9.0898108667213e-4,0.00475332977762063
3919,ABHD15,269.297859592294,-0.226229506271798,0.0682385426271543,-3.31527458767524,9.1553145131934e-4,0.00477903212545033
3920,SSH2,928.211210605905,-0.181113980784488,0.0546546397998217,-3.31378966996832,9.2040714594597e-4,0.00480325739403489
3921,NHSL1,304.019203070975,-0.448412751105142,0.135321763108912,-3.3136780130794,9.2077473978218e-4,0.00480395022997302
3935,B4GALT1,5382.39560647433,-0.501890902238109,0.151787701305288,-3.30653207026743,9.4458537108774e-4,0.00491064369411484
3950,RREB1,942.858976648354,-0.234791034363684,0.071120781293234,-3.30129998706891,9.6237924418612e-4,0.00498414992362421
3952,KRT19,5021.54650733898,-2.38184975322245,0.721695222318902,-3.30035405467873,9.6562922990704e-4,0.00499845069742113
3954,GTF2I,982.419984960556,-0.320017226158683,0.096982366186018,-3.29974652860986,9.6772189396209e-4,0.00500674931329856
3968,HNRNPK,10482.2986815592,-0.190585801114302,0.057870328518828,-3.29332502497019,9.900994639591e-4,0.00510445179793632
3974,VAV2,1730.978741086,-0.218830924626126,0.0665400852209969,-3.28870821098789,0.00100648308830264,0.00518093383997802
3976,MARVELD3,328.331733911708,-0.925788222033013,0.281528875024266,-3.28843079401079,0.00100747550291722,0.00518358308933037
3979,SIK3,552.491931730768,-0.352349823817917,0.107157939813863,-3.28813547955439,0.00100853293819996,0.00518511141411324
4007,MLLT10,809.858401494185,-0.175831362051032,0.0536498135503984,-3.27738999290009,0.00104771547627282,0.00534828987109252
4008,ADAR,7842.39753075585,-0.283865702464426,0.0866143278589813,-3.27735271382114,0.00104785383014806,0.00534828987109252
4054,VPS50,448.620980180128,-0.283709435026406,0.0870565059548026,-3.25891134631225,0.00111840610973351,0.005643619582343
4060,UNG,2581.09439240995,-0.158482767343853,0.0486540364980009,-3.25734057749483,0.00112461410310508,0.00566655928749277
4062,CCNE1,529.713592737867,-0.321299192901887,0.0986794633778897,-3.25598844889825,0.00112998348539041,0.00569081047775275
4067,PRPF4,1445.08162625988,-0.146592853645435,0.0450359928912549,-3.25501547172285,0.00113386188711887,0.00570332250425146
4072,KRT10-AS1,161.522580530152,-0.468109490855542,0.143853223703124,-3.25407716841715,0.00113761372707588,0.00571615770324054
4073,PAM,2575.44777373115,-0.390391190124108,0.119990155887698,-3.25352681839571,0.00113981965785222,0.00572484427711339
4088,TNRC6B,1471.37318503817,-0.193288010402753,0.059558834312946,-3.24532896979044,0.00117315011565723,0.00587062913796475
4111,ZNF296,76.1336129277838,-0.371708077272451,0.114805443580248,-3.23772171145029,0.00120488277521821,0.00599569129959595
4113,IMPDH1,1281.02508500832,-0.324746958788653,0.10031535079165,-3.23726086013631,0.00120683039748872,0.00600246278663427
4125,HDGF,7188.75808043115,-0.24401133198699,0.0754825801574995,-3.23268403753348,0.00122633116486869,0.00608171070053788
4141,UBA1,7634.93671845377,-0.120834920698371,0.0374425882073887,-3.22720534245883,0.00125005716077311,0.00617393030853101
4144,PPIF,1601.34322338444,-0.208491754596274,0.0646293265904031,-3.22596204533614,0.00125550005086308,0.0061978196285005
4145,CHPF2,1020.44686014729,-0.280000156554477,0.0868097974044226,-3.2254441886327,0.00125777356570544,0.00620754495383263
4152,TOR1A,989.485887057037,-0.19122850040352601,0.0593378475095025,-3.22270706521503,0.00126985346138018,0.0062565973649938
4163,PYM1,370.396943966697,-0.247362472317341,0.0768711413770505,-3.21788473393463,0.00129139703673156,0.00634593062224779
4167,BICD2,1421.04097159366,-0.18773331478044,0.0584205000353605,-3.21348353175357,0.00131135317883211,0.00643708506290734
4169,RNF26,672.385432084827,-0.354592044417644,0.110361819926392,-3.21299562343342,0.00131358291210112,0.00644566218106324
4183,MESD,1250.85073076122,-0.265859979144176,0.0829193759368283,-3.20624674438843,0.00134478621435183,0.00657668935859319
4193,GTF2F1,1803.6395603092,-0.259151583127955,0.0808858234239515,-3.20391846380359,0.00135570864814081,0.00661429330193575
4195,FAM136A,1284.30523073766,-0.307547166281116,0.0960303242857107,-3.20260468314256,0.00136190791613612,0.00664137073668573
4199,PSD4,620.123900324753,-0.409010586371998,0.127737140998755,-3.20197072812194,0.00136490866996691,0.00664966341069611
4215,CD14,380.540112633773,-0.49986619889991,0.156522102703719,-3.19358218593644,0.00140519332348971,0.00681993827250984
4217,TARBP2,437.546807728977,-0.226387183146131,0.0709172105236363,-3.19227422334495,0.00141157250611896,0.00684689170209157
4220,FOXA3,21.7847157124615,-0.914755644030436,0.286678820730514,-3.19087277427562,0.00141843726372398,0.0068760595033179
4227,ZNF416,70.2306464952232,-0.475835496575916,0.149195886674372,-3.18933388300747,0.00142601070387496,0.00690132504593569
4266,TMEM140,111.140567771463,-0.3267857725383,0.103020556697816,-3.17204432797661,0.00151369900076333,0.00725872959648746
4279,IMPACT,963.762787476628,-0.186539077732077,0.0589588556774395,-3.16388565532245,0.00155677945447653,0.00744263549900127
4306,EIF5B,2731.305050112,-0.185449066854641,0.0588240597776007,-3.15260571194471,0.00161820217646404,0.00768719051727649
4316,RNF214,340.454802558118,-0.320024375030342,0.101604351808932,-3.14971130008438,0.00163431876381311,0.00774635286175274
4328,TBC1D13,698.403275422192,-0.244844727216031,0.0779111184617785,-3.14261599692151,0.00167445352329897,0.00791457849494618
4352,GRB10,508.465149744245,-0.307249114609005,0.0980827620353788,-3.13254957581822,0.0017329515861390901,0.00814723415143496
4353,MAGEF1,814.682260711242,-0.181466711270878,0.0579340728279035,-3.13229680588719,0.00173444438212032,0.00815105185505062
4356,COG4,1627.60004857006,-0.346995602755309,0.110797732087325,-3.13179336993853,0.00173742107233152,0.00815990515203278
4364,RAP2B,991.465960366506,-0.204248835584795,0.0652573817185685,-3.12989626929327,0.00174868040492418,0.00819723992748255
4365,GLOD4,1196.36632145342,-0.141662563096009,0.0452699491176449,-3.12928478730702,0.00175232383600885,0.00821172908103648
4371,RAC2,467.575342439518,-0.482160367296261,0.154197104777005,-3.12690934109007,0.0017665439248354,0.00826771655693381
4380,FAM13A,239.115411117065,-0.235827279406326,0.0755342104421967,-3.12212543198284,0.00179550422261394,0.00838541921848697
4395,RB1,1750.83095473109,-0.137927360909582,0.0442325760151744,-3.11823034820004,0.00181940544503701,0.00846861824553403
4399,LTBR,2568.29281442031,-0.241088055074563,0.0773710925857184,-3.11599651778815,0.00183324437243431,0.00852527395473714
4402,NSD1,3565.72587190438,-0.171737810624479,0.05515239104311,-3.11387788228872,0.00184645895451606,0.00858087479157998
4405,SLIRP,1139.81074679227,-0.138796363513677,0.0445811988172273,-3.11333851928724,0.00184983707523681,0.00859071896665595
4407,KIF1C,3666.44595476295,-0.181382804668153,0.0582727319017244,-3.11265318698377,0.00185413761723916,0.00860678312590459
4436,ZNHIT2,95.3643299325389,-0.369969813816426,0.119268400672638,-3.10199358530766,0.00192222123641466,0.00886357066847956
4439,PXN,2447.06142055865,-0.22483793882108,0.0725056875476078,-3.10096968149499,0.00192888039228913,0.00888918814711845
4447,FOXM1,2470.42295226029,-0.474304260491635,0.153098898706247,-3.09802529279906,0.00194814801140694,0.00896183131759655
4453,TRAPPC14,396.284552637193,-0.35589529143638,0.114979725038116,-3.09528737626047,0.00196622290038641,0.00903279179726134
4466,PRKACB,1579.81594988174,-0.57659352762768,0.186538023454047,-3.09102410838894,0.00199467437991464,0.00913682350871335
4480,TACSTD2,5527.0631029042,-0.487101318165041,0.157835326890777,-3.08613621399295,0.00202775905999783,0.00925727897575889
4482,RRS1,526.563200554644,-0.19839374371369,0.064288502894721,-3.08599103697562,0.00202874937531096,0.00925973359454178
4485,PHRF1,18.5752436328952,-0.686501529802656,0.222570678059573,-3.08442035486322,0.00203949208869949,0.0093033292286514
4500,MX1,559.52655720303,-0.960779391994237,0.311995763774812,-3.07946294004074,0.00207374168813033,0.00942722971424047
4511,SUMO3,2162.92322559227,-0.234536524728011,0.0762816792062038,-3.07461145544547,0.00210776949478505,0.00955855476719527
4515,RBM17,1489.17339974511,-0.127615682666073,0.0415195587601419,-3.07362810388491,0.002114728729229,0.00957509834055144
4516,ZBTB2,673.067555005011,-0.215558649154171,0.0701278911103107,-3.07379340432608,0.00211355741729617,0.00957509834055144
4528,RNF8,466.625245722612,-0.17699193334639,0.0576642007363694,-3.06935552884129,0.0021452113299491,0.00969182601077047
4533,CD9,3440.7881527533,-0.34957628531335,0.113971459936265,-3.06722652766613,0.00216055055898628,0.00975098855961446
4549,SPINT1-AS1,47.969456335362,-0.450886930815415,0.147264966217484,-3.06173927442821,0.0022005503623226,0.00989594608969737
4554,FAM174B,76.0139845855777,-0.5388249736428,0.17607997035525,-3.06011508609237,0.00221251954755984,0.00993884769091602
4555,APOBEC3C,1238.23051224252,-0.201116223368447,0.0657434049641665,-3.0591087193927,0.00221996570633912,0.00997010723481437
4569,IPO13,872.903011322835,-0.189697118851269,0.0621614368167586,-3.05168491215002,0.00227560837047927,0.0101886890862102
4570,TRIM4,538.385292408009,-0.190999428434837,0.0625924972261819,-3.05147480766982,0.00227720156920688,0.0101935913569508
4572,ARFGAP2,1284.29679456717,-0.262001606681768,0.0858816437152978,-3.05072883269814,0.00228286647197702,0.0102144793126059
4574,F11R,1188.02326081021,-0.415659600644289,0.13625877339476,-3.05051623677888,0.00228448327864221,0.0102192933336408
4589,PBDC1,226.558502263192,-0.402323312915155,0.132093443264813,-3.04574779013522,0.0023210243911354,0.0103467413313264
4599,GALM,67.1888941090061,-0.681527885249417,0.224075754700112,-3.04150659298918,0.00235397410096108,0.0104708084764864
4631,RNF40,1199.6420458634,-0.224074898456177,0.0739080113566659,-3.03180797782306,0.00243093792717761,0.010738436013015
4644,SNHG7,781.050827463301,-0.241987471758415,0.0799627167146403,-3.02625375550941,0.0024760440886209,0.0109070701810762
4678,MIDEAS,1292.2736560844,-0.160215774722316,0.0531465603317498,-3.01460289663568,0.00257315911671657,0.0112524831232729
4693,SPRED2,636.383570517232,-0.260829951408593,0.0867440698134421,-3.00689086838504,0.00263934496954685,0.011505024513535
4694,CTCF,1696.7069699451,-0.319392208804107,0.106242012715025,-3.00627031286407,0.00264473774635933,0.0115239052085042
4707,PPP5C,1319.14229138829,-0.18860949416533,0.0628270134264289,-3.00204456457561,0.00268172914046038,0.0116550102031863
4718,ACLY,4896.92202505959,-0.123499525855737,0.0412092140194446,-2.99689107871515,0.00272748146137697,0.011826216247433
4719,VEGFA,5281.33797303219,-0.223207124447583,0.0744836497696168,-2.99672646463994,0.00272895457908631,0.0118275897932984
4729,EFNB2,132.010004169021,-0.616390245126686,0.206029694946851,-2.99175439387849,0.00277379323679743,0.0119990459389226
4739,C2CD2L,326.850622392705,-0.279253211555132,0.0934528929642725,-2.98817086017757,0.00280652609135706,0.0121150251637247
4749,SOCS6,719.029074441908,-0.468124650360609,0.156933924051921,-2.98294108930668,0.00285492940001258,0.012298018685209
4755,AAMP,1522.966629207,-0.132829643082698,0.0445787086779256,-2.97966556282219,0.00288563242877508,0.0124145915027238
4773,CREBBP,2236.30895545599,-0.201223498957961,0.0677381144396671,-2.97060968735979,0.00297209248936768,0.0127383398397223
4779,FAM120A,4599.73534053185,-0.127357645064227,0.04292997879457,-2.96663657053415,0.00301076613224737,0.0128825021475391
4785,MFSD5,422.66677878922,-0.259178590267203,0.0873992602501639,-2.96545519407548,0.00302235367407798,0.012921272541403
4788,NUP153,2210.41550602128,-0.142268484398328,0.0479845893410443,-2.96487864858388,0.00302802348384376,0.0129359461338574
4803,FBXO41,969.038102390697,-0.315403092114611,0.106566130065551,-2.95969359045507,0.00307945155535112,0.0131160400724168
4807,FBXO21,1628.4622224534,-0.149305599768654,0.0504789585230313,-2.95777892684796,0.0030986426611439,0.0131867969459165
4832,TLE3,1820.09851093224,-0.339694513976882,0.115228562005644,-2.9480061893009,0.00319830661264166,0.0135405129086942
4849,AP1B1,2237.15525367772,-0.156416855500255,0.0531932069120523,-2.94054193346284,0.00327638650737417,0.0138195956250213
4859,TMEM216,301.849353194874,-0.25823934492101,0.0878925859320927,-2.9381243273526,0.00330204575405505,0.0139020271641704
4866,SLC1A5,1618.13635322263,-0.191135669715678,0.0651503273474712,-2.93376376600964,0.00334878980700795,0.0140785435844557
4885,HSPA9,8834.66923142135,-0.130892354386391,0.0447058595933659,-2.92785678604454,0.00341307216479038,0.0142929820419891
4893,DEAF1,297.558714992895,-0.271696297105632,0.092907322934437,-2.92437978540575,0.0034514336382772,0.0144299975348941
4896,PPCDC,209.400856480626,-0.362945457085586,0.124119469826875,-2.9241621607942,0.00345384767398208,0.0144312422113258
4904,GPR137,463.063494175548,-0.319125604304152,0.109191694010729,-2.92261794448208,0.0034710213288612,0.0144793399927638
4914,LARP4B,1825.44593060672,-0.107098685261526,0.0367031848656681,-2.9179670825162,0.00352321541000536,0.0146671586574033
4924,EED,648.029669549177,-0.213432129009779,0.0732521498900824,-2.91366368536681,0.00357214512027814,0.0148406524625365
4929,ARMC7,417.801678279611,-0.304180317777205,0.104454769297301,-2.91207687139149,0.00359034265807662,0.0149011239107879
4930,AGK,218.723846113656,-0.333221491245589,0.114454548235163,-2.91138706485424,0.00359827960312016,0.0149280076741085
4945,SPATA20,1602.98975850276,-0.25068887549439,0.0862777231200527,-2.90560374600479,0.00366545313327057,0.0151575044971328
4949,GATAD1,1038.42828406426,-0.160509903666482,0.0552626420443344,-2.90449203528332,0.00367849562609033,0.0152052909725055
4959,WWC1,1424.69935513129,-0.27066319196169,0.0932626960220386,-2.90215920733978,0.00370600142963997,0.0152850143641421
4963,PDIA4,4860.40220709681,-0.219680945365391,0.0757204526778818,-2.9012101433139,0.00371724501989669,0.015322119962125
4965,RAB35,1284.98992416797,-0.126632249828906,0.043659643665053,-2.90044167104065,0.00372637184454741,0.0153535526332138
4966,PAXIP1,725.871723306842,-0.249281591590654,0.0859484152060641,-2.90036286292182,0.00372730896637776,0.0153543212898087
4977,GLG1,5042.01770109009,-0.216355040978671,0.0747354864254124,-2.8949439058592,0.00379226293091994,0.0155873664411953
4992,PACSIN3,773.511764562056,-0.314103337460077,0.108730934365146,-2.88881300702557,0.00386698954605481,0.0158467558380696
5001,CHD3,5427.8313783694,-0.238494992926508,0.0826761425457947,-2.88468941078625,0.00391799989370257,0.0160268993852176
5002,PPP6R1,2495.83836295964,-0.117244787775515,0.0406447663450492,-2.8846220145585,0.00391883866131417,0.0160271256486414
5026,WWP2,1456.81141818181,-0.237157817313951,0.0825100326338163,-2.87429067403803,0.00404936094623077,0.0164775021524006
5029,ACOT11,158.579848335076,-0.394318074251778,0.137196687470434,-2.87410783395738,0.00405170600362363,0.0164782802616558
5034,TMCC3,144.811256861065,-1.27766043391393,0.444821528124497,-2.87229900787611,0.00407497202595971,0.0165597343534084
5039,SLC25A13,672.984346282063,-0.364675790181738,0.127052874229463,-2.87026792894993,0.00410124124660434,0.0166499488354406
5061,CSTPP1,428.353005631406,-0.205963688535253,0.0719988750679303,-2.86065148019227,0.00422771528992453,0.0170887910859487
5064,ISYNA1,1779.71381694167,-0.265940839372763,0.0929904622514549,-2.85987221628852,0.00423811741032221,0.017120688756509
5066,UPF1,2583.48294393884,-0.15203266337336,0.0531814511233186,-2.8587535721961,0.00425309037929615,0.0171743920034073
5078,CLNS1A,1384.69458354688,-0.173123193521628,0.0606459178203366,-2.85465534604497,0.00430835555566854,0.0173530280768481
5083,TRAPPC10,968.710397339111,-0.163351026808365,0.0572737314881007,-2.85211077686292,0.00434299627193521,0.0174787870814437
5091,GTF3C4,2352.08496635757,-0.143468938313764,0.05033659680541,-2.85019145947396,0.00436929191513098,0.0175569838357562
5093,SSH3,1552.62352390243,-0.375808301677084,0.131882334719632,-2.84957270794465,0.00437779984454542,0.0175842629923161
5098,RALBP1,1462.65279219122,-0.155321247507927,0.0545783332038655,-2.84584080147259,0.00442943332938907,0.0177742090269345
5145,MAPK14,1284.05529764963,-0.105541772106468,0.0372896813482877,-2.83032110466974,0.00465013082265989,0.0184893539823427
5146,SART1,1844.25154184728,-0.125783292418333,0.0444490091649334,-2.82983343794231,0.00465722427585146,0.0185033826424429
5152,HEBP1,476.457954830872,-0.209001502573317,0.0738704544978905,-2.82929763995543,0.00466502912605522,0.01852338913659
5166,USP43,233.784520703605,-0.206851428804985,0.0733290371282592,-2.82086656126662,0.00478941204797803,0.0189609345126162
5170,FBXL19,889.491288974193,-0.261040690136331,0.0926692468723936,-2.81690743096021,0.00484884987819901,0.0191862518294617
5177,SART3,1478.57811118798,-0.149438556005028,0.0531003165786823,-2.81426864534028,0.00488883537285843,0.019318312772371
5187,HPSE,232.338374909465,-0.289644777396943,0.103023748692755,-2.81143698489115,0.00493207507164386,0.0194462272619439
5215,ESRP2,1146.64835516559,-0.6379649837618,0.227650363406471,-2.80238948102494,0.00507255931601379,0.0198982446649461
5220,PPP2R1A,3542.94357046189,-0.132903933346954,0.04745787228357,-2.80046127126869,0.00510296303400111,0.0199983361660078
5230,RAC3,544.181726265995,-0.374448721423007,0.133898579881732,-2.79651002836435,0.00516578077873112,0.0202058082964632
5254,COQ4,868.220933092319,-0.150670818681582,0.0540395082553615,-2.78816043198605,0.00530082858707022,0.0206393320147879
5266,RAI1,1615.54479669471,-0.271807614308623,0.0976553178427838,-2.78333653827443,0.00538029660065123,0.0209010116899966
5300,ST6GALNAC4,517.643205104124,-0.332671399798334,0.119996535430493,-2.77234170640727,0.00556545802213881,0.0214775655081859
5342,ABHD17C,515.038880428479,-0.160574334709906,0.0582093795514998,-2.75856461530982,0.00580558264605286,0.0222322733415019
5343,INAVA,173.737282509569,-0.302356793098047,0.109649168629812,-2.75749280068723,0.00582464959065243,0.022301114856069
5354,APOD,10.2003397655107,-1.21423818883814,0.440987398105129,-2.75345325978833,0.00589701899695356,0.0225318112851474
5357,MED27,456.126444548385,-0.199824600154059,0.0725993461769211,-2.75242974870732,0.00591548367667955,0.0225897049792484
5368,CDK13,1298.04291009207,-0.147679797650829,0.0537570355587954,-2.74717153049311,0.00601116871370673,0.0229080622906666
5370,ANKRD17,2966.67462010903,-0.101200093178496,0.0368410617092885,-2.74693747908412,0.0060154600373372,0.0229158782092751
5382,MBOAT7,16.8002059419414,-0.732143372971499,0.266915468181556,-2.74297843418162,0.00608846839420257,0.0231434060411173
5386,VGLL4,446.375961051116,-0.183673668545579,0.0669742257848531,-2.74245303164248,0.00609821704247424,0.0231598759921626
5407,M6PR,1759.23914570581,-0.134890163596837,0.0492904606470536,-2.7366383236449,0.00620704936800911,0.0234839298911342
5451,FOXRED2,2991.71379039799,-0.199289514521326,0.0732121465895945,-2.72208265710994,0.0064871914433325,0.0243457118613563
5456,ARPC1A,451.06143834027,-0.297608589714622,0.109401831447419,-2.72032548063566,0.00652176873661009,0.0244530467457538
5462,LINC01559,18.0389911789739,-2.40061357121538,0.88279468104159,-2.71933397738979,0.00654135237131923,0.0244995323068615
5469,PEBP1,4424.89140460914,-0.17179781228107,0.0632175845307902,-2.71756368985272,0.00657644968920161,0.0245994571753515
5472,PTPRR,8.2772795954111,-1.23387756273544,0.454332269671004,-2.7158043685273,0.00661149727793616,0.0247169955801791
5476,ANKRD11,4349.46576812237,-0.198148702089938,0.0729934160025967,-2.71461061752321,0.00663537363902152,0.024788137058704
5505,ACAP3,1120.78042267283,-0.349518486733243,0.129236890242848,-2.70447924022674,0.00684115442546844,0.0254222517859778
5512,PARP1,4724.05535373842,-0.18448472578899,0.0682597523096564,-2.7026867157689898,0.00687815410493226,0.0255272856539549
5517,BPTF,2451.36862112732,-0.14452919530111,0.0535003777829302,-2.70146121000333,0.0069035532648384,0.0255983304583649
5526,METTL13,874.7813020992,-0.207785886034582,0.0771189148718891,-2.6943569729911,0.00705245874826904,0.0261078806755953
5537,PFKP,2574.07773983767,-0.162687345400419,0.0605010244725415,-2.68900149739208,0.00716660977310708,0.0264777562088589
5563,GIT1,1513.83441232963,-0.133748319437665,0.0498746649223054,-2.68168858168806,0.00732516149084121,0.0269370534995755
5590,AKAP13,2144.18513200837,-0.208759484159668,0.0781395051786348,-2.67162536648297,0.00754848699682166,0.0276150010453793
5592,SEM1,1079.69953240472,-0.225166006157621,0.0842845610300262,-2.67149764329206,0.00755136027490005,0.0276150010453793
5597,NCL,15397.3917473529,-0.203797589589421,0.0763035051666566,-2.67088109706495,0.00756524397811583,0.0276509194318948
5603,DNAJB2,534.1959239794,-0.368210860211018,0.137957553902461,-2.66901557613403,0.00760739222488727,0.0277751959208493
5617,THRAP3,3641.54729005752,-0.13819528748843,0.0518966962978173,-2.66289180905418,0.00774723186896003,0.0282152612325646
5627,H2BC5,192.013628012038,-0.592329288857484,0.22282479344859,-2.65827370325442,0.00785420777669801,0.0285489567320382
5653,PLEKHA7,370.206547535342,-0.511188788138451,0.192951645321016,-2.6493103351774,0.00806562301877538,0.0291877675738701
5661,PPL,3965.23206097744,-0.263612814136341,0.0996472548243065,-2.64545987344189,0.00815799620695631,0.0294803265157579
5662,CDH3,2680.92801143775,-1.51312512545175,0.572085746884633,-2.64492715242718,0.00817085055624858,0.0295215630217551
5667,CAMSAP1,1395.25140521879,-0.12613888927567601,0.0477287401500301,-2.64282880459806,0.00822165937462941,0.0296789281501313
5672,SLC19A1,82.7889562954541,-0.353466010618001,0.13386782128801,-2.64041057228785,0.00828056431219176,0.0298650892663567
5675,TANC1,976.470761008574,-0.287165104039849,0.108781756859006,-2.63982778299904,0.00829481663348296,0.0298979646923877
5693,RASSF5,475.915929900697,-0.208742169657235,0.0791557442148575,-2.63710703155835,0.00836164440547741,0.0300464007733798
5713,S100A9,44.8640855846924,-0.856290763807331,0.325514184657149,-2.6305789552895402,0.00852395671445178,0.0305224194832032
5726,C9orf78,975.540042589016,-0.1344705068662,0.0511872766137217,-2.62702991372182,0.00861337616597035,0.0307714350497992
5754,VWA2,11.0850493333165,-1.1121747823355,0.424763501309239,-2.6183388612898,0.0088359012359729,0.0314139783775283
5779,ULBP3,205.652871051903,-0.422817646622123,0.162039477400072,-2.60934960668994,0.00907145110608295,0.0321119008958538
5790,AHNAK,12507.3250907433,-0.253959626006371,0.0974289729793758,-2.60661298421087,0.00914426501592037,0.0323081570692026
5800,STRADB,209.464937938368,-0.406719871135275,0.15617473972596,-2.60426155887276,0.00920724615129452,0.032474592158109
5804,TLCD1,186.110707327128,-0.242030262651487,0.0929928701580492,-2.60267547651918,0.00924994651414497,0.0325970983358938
5809,MGST3,712.952402957816,-0.203308730635006,0.0781833959948677,-2.60040802843038,0.00931129745004892,0.0327891087696729
5815,USP47,1021.07801484071,-0.154591584882987,0.0594722567170441,-2.59938992425492,0.00933896247775499,0.0328541969746232
5821,HSPB1,2643.37090418449,-0.395695187653812,0.152336596826181,-2.59750575959964,0.00939035454118375,0.0330009419084343
5830,FASN,16918.0852380538,-0.213967170951242,0.0824427580424753,-2.59534222327938,0.00944967773419658,0.0331581573599416
5833,TTPAL,1288.70427546105,-0.205059407847112,0.079038287014692,-2.59443132679475,0.00947475393999708,0.0332233529911759
5835,ZNF653,68.6533318576513,-0.299022765195295,0.11529001784736,-2.59365702927717,0.00949611634028997,0.0332925538943123
5838,CTSL,753.492430664643,-0.199353925361826,0.0768840704940193,-2.59291585475217,0.00951660512434417,0.0333415295476466
5865,TASOR2,2552.93236267115,-0.133589530438989,0.051733311743934,-2.58227292890549,0.00981519287776318,0.0342351919352773
5879,ZFP36L2,430.707700205693,-0.364644284164022,0.141474144232769,-2.57746237760639,0.00995287155141482,0.0346313196798099
5896,NIBAN2,4015.32022347226,-0.250257812371111,0.0972659866885761,-2.5729221580035,0.0100843886061225,0.034985906022402
5922,PHF14,683.968513747825,-0.269821649523326,0.105279344392094,-2.56291156713918,0.0103798482909291,0.0358562236554436
5932,DNAJC7,1359.72958544661,-0.103297971155338,0.0403621048071156,-2.55928107934368,0.0104888896017827,0.036165719633182
5958,STRBP,666.481074366021,-0.18751519784895,0.0734847467225238,-2.5517567415317,0.0107181323162116,0.0368010796899531
5968,ARCN1,3162.76593592907,-0.120350693254481,0.0472447330883935,-2.54738857407255,0.0108532507263324,0.0372025720691322
5973,FLT1,3.16354187479536,-1.63592673603192,0.642606328030565,-2.54576817045304,0.0109037575823327,0.037344411327939
5990,ATG13,1110.17949659583,-0.239507550951096,0.094283238791463,-2.54029829714316,0.0110757958920487,0.0378259693762338
5993,LMNB2,4725.74186405566,-0.271770659514999,0.107030382805698,-2.53919169857001,0.0111108924422033,0.0379268357567417
5996,KHSRP,6019.16138808088,-0.148455245518391,0.0585258747843725,-2.53657456749423,0.0111942899802586,0.0381923932832137
6003,PLBD1,242.622146758493,-0.199409397442371,0.0787076851569998,-2.53354417735199,0.0112915506180854,0.0384793021812714
6031,CHST14,423.474277114193,-0.266864418908147,0.105581929756408,-2.52755769404707,0.0114858950722631,0.0389598666047564
6066,IL1R2,10.2335447767503,-1.39398451060747,0.553423125935371,-2.51884036875297,0.0117742023076046,0.0397073617881088
6126,PARP6,1201.32002416098,-0.221083128552161,0.0884142039617191,-2.50053858594807,0.0124004623653789,0.0414097712387457
6131,PRMT5,1289.4451124132,-0.144761524006899,0.0579273235566758,-2.49901972193251,0.0124537380068625,0.0415402117081993
6138,HNRNPA2B1,22746.7624565033,-0.111166691661261,0.0445191704874327,-2.4970521787382,0.0125230528189487,0.0417363809312149
6141,ZNF746,520.60787563757,-0.207155923942972,0.0829784098576462,-2.49650390141675,0.0125424289052764,0.0417815450440059
6142,CNNM4,445.066474245427,-0.231905999826193,0.0929035992620443,-2.4962003804834,0.0125531667269292,0.0418105066318446
6143,TMEM139,12.3808261569863,-0.761174462862746,0.304988903212446,-2.49574477905688,0.01256930005979,0.0418574265543096
6144,IRF5,323.312601685321,-0.35048714169217,0.140453238778964,-2.4954009230342,0.0125814885219139,0.0418911964018216
6149,ZSCAN25,363.402252255665,-0.259530280978391,0.104078218009254,-2.49360803770982,0.0126452095461991,0.0420691253352733
6159,ESYT2,2915.16730856982,-0.17810603533585,0.0715123324292675,-2.4905639249288,0.0127540550149674,0.042366426598394
6163,KIDINS220,994.107142661764,-0.111915007837191,0.0449436243175091,-2.49011977864881,0.0127700050557849,0.0423877970835944
6172,PSMD3,3208.64116497877,-0.172747805538892,0.0694710407678298,-2.48661605799473,0.012896449695474,0.0427447635489818
6180,ARHGEF16,647.912667048816,-0.383853873323597,0.154492104845507,-2.48461805674442,0.0129690497748911,0.0429300730169818
6188,MLKL,523.204812943633,-0.521072974982838,0.209942274858536,-2.4819821321549,0.0130653826604159,0.043193040252768
6234,DGCR2,1881.20907001337,-0.200212608000967,0.0812262620010376,-2.46487531333659,0.0137060937589279,0.0449768302897637
6240,RPTOR,1076.50027194936,-0.249069035891619,0.101139011386057,-2.46264060206105,0.0137918085481827,0.0452122516776047
6258,RUNDC1,487.894295658782,-0.143111036959196,0.0582151311024166,-2.45831340150079,0.0139591297187104,0.0456314983470213
6272,TRIB2,197.219088637468,-0.898177765502046,0.365988301273918,-2.45411605337029,0.0141231393503563,0.0460645825398977
6282,MREG,209.545579201498,-0.174765690562203,0.0713279119055569,-2.450172532649,0.0142787777345148,0.0464914555372341
6312,FAM120AOS,748.902796865793,-0.187787591359991,0.0768243078691845,-2.44437726246429,0.0145102443828328,0.0470312565761706
6322,GLE1,1290.62800535221,-0.127097156453551,0.0520624213869632,-2.44124558688653,0.0146366973347778,0.0473620558964805
6324,HEXIM1,1426.05832168134,-0.130991195846485,0.0536634569727917,-2.44097572604948,0.0146476392894341,0.0473824726350336
6327,DDR1,30.8877461770103,-0.659266711199753,0.270224340363897,-2.43970143589565,0.0146994049677139,0.0475273790776867
6329,PREP,878.521163067753,-0.16446909055824,0.0674278098044627,-2.43918779262136,0.0147203163306918,0.0475799512050818
6330,XXYLT1,354.55926175275,-0.206880589033667,0.0848305159339446,-2.43875198395304,0.0147380794603483,0.0476298406825188
6333,ARAP1,1234.56039725907,-0.270902180843761,0.111137723336016,-2.43753581333234,0.0147877493288953,0.0477677227255977
6349,SMAP2,502.6771375387,-0.165878608517297,0.0681944382993865,-2.43243602636712,0.014997640637835,0.0483165338709626
6351,TIMELESS,2648.91514285345,-0.163807316704461,0.0673498556468706,-2.4321851194951,0.015008034579884,0.0483342826512416
6354,TAF3,300.645166280318,-0.246178338295319,0.101247801920086,-2.43144378077091,0.0150387819860523,0.0484180615499955
6356,WRNIP1,977.361576853849,-0.11060686310307,0.0455018162087817,-2.43082303782246,0.0150645702876819,0.0484858266795325
6371,ATP2B4,1960.50527229512,-0.261375532886835,0.107687058935397,-2.42717681651644,0.0152168376122469,0.0488605944174752
6376,DTX4,417.737076190751,-0.379549027649312,0.156453239867878,-2.42595824777956,0.0152680266927716,0.0489726862606909
6381,MACF1,3553.2232771444,-0.303030622830653,0.124958661068921,-2.42504697344281,0.0153064061116512,0.0490711722027971
6431,GNA12,858.426163936691,-0.194657804193026,0.0806534791462068,-2.41350783938477,0.0157997879948797,0.0502662689747703
6437,TGFA,566.877913867816,-0.600226999129906,0.248833786117436,-2.41216037619036,0.0158583042034077,0.0504025719031881
6448,D2HGDH,547.854468777594,-0.224736418095134,0.0932720125694454,-2.40947323751384,0.0159755676958061,0.0506842723872683
6456,CCDC86,741.843699526168,-0.232381725852782,0.0965650119573427,-2.40647954308167,0.0161071060914092,0.0510230652918668
6470,MTMR1,778.516289555498,-0.106741408354081,0.0444381859482514,-2.40201993120021,0.0163048200294409,0.0515450012891782
6471,IPO8,1392.41551871137,-0.132274163079866,0.0550673875006852,-2.40204173619495,0.0163038481547049,0.0515450012891782
6485,BEX3,1450.89733999107,-0.122273256065244,0.0509888349549422,-2.39803980956408,0.0164830737193094,0.0519960276138647
6488,MAP3K14,414.534066986632,-0.212067722368446,0.0884661040345454,-2.39716357674839,0.0165225458032635,0.0520964425859066
6494,NAA40,990.357594148806,-0.227494809700072,0.0950562662184333,-2.39326473414497,0.0166991871243733,0.052604753773222
6501,CAMSAP3,391.849341641516,-0.492271954466835,0.205857976412842,-2.39131834017254,0.0167879895253984,0.0528319946431514
6520,RAB17,295.668389588062,-0.418142726948697,0.175148606022079,-2.3873597195286,0.0169698777128423,0.0532442926950328
6523,LCLAT1,551.340618546856,-0.18557566295305,0.0777807055373801,-2.38588299850102,0.0170381707424156,0.0534109175931005
6528,BMI1,457.328250586889,-0.151062532871637,0.0633225711933195,-2.38560326949538,0.0170511343343696,0.0534254947278601
6533,H3C10,72.6573490672675,-0.72303212445063,0.303390798486862,-2.38317090714912,0.0171642235619724,0.053746903628849
6542,POLR1E,669.195391923797,-0.197883091610217,0.0831162202412147,-2.38079993334554,0.0172750913628341,0.0540196490384435
6551,FOXK2,2237.58163999755,-0.136590043928612,0.0574401028055813,-2.37795611875785,0.017408897486946,0.0543632752084344
6574,ISG20L2,991.767786161247,-0.137013200046809,0.0577762196744646,-2.37144625970336,0.0177186231830024,0.0551249488529516
6581,PRMT6,436.229506177058,-0.290208040475313,0.122445601519707,-2.3700977158302,0.0177833845841981,0.0552795469440723
6585,CTDNEP1,555.767628710079,-0.168165193308201,0.0709883964083887,-2.3689110025921,0.0178405458354961,0.0554067171939795
6590,SLX9,263.110289464325,-0.16452889756785,0.0694795865649844,-2.36801779777382,0.0178836755808924,0.0555091160428514
6592,UNC119B,1575.8285327146,-0.142595091840248,0.0602303402197097,-2.36749603804471,0.0179089117811358,0.0555768519882729
6612,NLE1,633.001967879471,-0.139631253311713,0.0590816394069689,-2.36336118484963,0.0181100098646645,0.0560309243498854
6613,ANP32B,3483.32958758979,-0.128559294196422,0.0544248429624795,-2.36214359470088,0.0181696028814456,0.0562067996591159
6615,DMAP1,1029.5307088296,-0.133549520853468,0.0565424855975838,-2.36193226106025,0.0181799637408695,0.056213349190896
6639,HIBCH,371.389222963675,-0.17799338531136,0.0756132354804747,-2.35399773836318,0.0185727240866418,0.0572149643252353
6652,CTDSP1,1147.60661008969,-0.169402338703372,0.0720432644320826,-2.35139731713674,0.0187030509746789,0.0575177861979866
6653,PCBD1,672.725489778771,-0.42202347868345,0.179487137087571,-2.35127422238367,0.0187092399721127,0.057528171067114
6672,RBM6,1530.44497197637,-0.164919533351954,0.0703332442586093,-2.34483045806274,0.0190357333707086,0.0583639928989104
6681,PLPP1,158.709451938973,-0.196199815700658,0.0837442603705165,-2.34284492850728,0.0191373353235018,0.0585715841880427
6708,CITED2,355.097782294444,-0.370163500313671,0.158581733336547,-2.33421272756616,0.01958458579079,0.059725979654471
6720,SPTLC2,1479.37030476256,-0.108609935044638,0.0465775313743344,-2.33180960518842,0.0197107095103817,0.060003271496113
6729,MINDY3,241.879928101949,-0.336523186963486,0.144401050964455,-2.33047602296415,0.0197810058386753,0.0601367270681796
6737,ANKS6,752.841894351521,-0.47164792079143,0.202611726375281,-2.32784118288314,0.0199205383733269,0.0604890089807256
6745,PLCE1,293.86133135499,-0.343982316935492,0.147958068617241,-2.3248635248501,0.0200792589085531,0.0608964763253825
6782,KRT8P3,8.53027031546098,-0.774299620481492,0.334549196897694,-2.31445667083241,0.0206426853800268,0.0622659119462117
6791,INIP,668.236767299529,-0.152426215993048,0.0659117374897912,-2.31258076024254,0.0207457003513586,0.0624937111011254
6798,HSH2D,240.08274510376,-0.594859977262588,0.257350029577707,-2.31148206292694,0.0208062427994459,0.0626115488302831
6805,HPCAL1,742.447091900025,-0.29057820828094,0.12578747759189,-2.31007262283853,0.0208841338331724,0.0627812969618232
6820,USP9X,4018.18111612822,-0.177686083066399,0.0770612242922902,-2.30577809654883,0.0211230347218108,0.0633598125079301
6843,PFN2,1937.16637268198,-0.326549639402749,0.141885680987835,-2.30149820002448,0.0213634870107311,0.0638656808093711
6847,ABCG1,141.597060444828,-0.759136297627208,0.33000001622923397,-2.3004129099796,0.0214248381154474,0.0640116712907416
6848,HOXB5,93.6428682350101,-0.562674480689155,0.244692499371101,-2.29951666738996,0.0214756180303279,0.0641540184063109
6885,FKBP10,1810.38087024075,-0.149465326263006,0.0652230053644979,-2.29160440289007,0.0219284811891724,0.0651548205790706
6886,GOLGA1,729.085963957117,-0.163330212767078,0.0712792982657772,-2.29141162638938,0.021939617774386,0.065178443335843
6910,TPRG1L,576.882114473219,-0.182524906052395,0.0798501794697245,-2.2858421516961,0.0222634947129482,0.0659013617917495
6924,FTSJ3,1613.99323814208,-0.12931690604303,0.0566519780532132,-2.28265473663713,0.0224507139828818,0.0663211921946301
6931,CDKN1A,1795.40962204588,-0.478857423205153,0.209862823446992,-2.28176394151156,0.0225032807184589,0.0664224332164249
6933,RNASET2,266.256274178167,-0.164277349648824,0.0720152678744977,-2.2811461304999,0.0225398011830752,0.0665075310546906
6940,JRKL,239.864047308224,-0.223882062413808,0.0982056407896801,-2.27972711764368,0.0226238779386732,0.0666792088915866
6955,PRKCZ,282.557741238677,-0.151589600382214,0.0666533754798049,-2.27429742741451,0.022948109743365,0.0674981281121521
6964,TMEM41A,407.892204851498,-0.164505545164455,0.0724034652666102,-2.2720672906842,0.0230824463538728,0.0678055147991349
6965,FHL3,238.487014799331,-0.239810091032735,0.105567960036772,-2.27161812115346,0.0231095854251099,0.0678754901710658
6972,ALKBH4,183.383717864473,-0.248302794265668,0.109402766586187,-2.269620796747,0.0232306006957854,0.0681624208883651
6990,CTSV,399.565740528018,-0.471237465836329,0.207967887775918,-2.26591456438736,0.0234566147072592,0.0686483500810304
7009,NRF1,374.023244366108,-0.201590663462823,0.089093967908808,-2.26267465906515,0.0236557520586997,0.0690481348985001
7011,B3GALT6,339.316189822898,-0.20933488480724,0.0925396561983162,-2.26211003376355,0.0236906058341502,0.0691254776136373
7026,POLR3C,539.971761184046,-0.153585951764426,0.0680143453220065,-2.25814055898488,0.0239368976889149,0.0696950065502608
7034,TMEM104,466.483522372164,-0.234509032994794,0.103895412279621,-2.25716446808686,0.0239977997543515,0.0697928617535923
7065,TMED3,1345.0184287794,-0.163864282074264,0.072833006805859,-2.24986292974358,0.0244576477763803,0.0708164071162948
7094,NADK,1304.3366088597,-0.101048242435749,0.0450963579443509,-2.24071847576789,0.0250443165611614,0.072220409344753
7106,BAHD1,488.845504159168,-0.138285581925919,0.0617816685850123,-2.23829470930583,0.025201842910196198,0.0725601603885778
7113,ZNF45,333.372898580253,-0.171240944233368,0.0765813132483333,-2.23606695902535,0.025347385381869,0.0728991231206093
7118,ERCC3,1415.78625726612,-0.0899023101003545,0.0402573960651997,-2.23318741119648,0.0255365881440574,0.0733916807618687
7125,PLOD1,2931.59855859103,-0.300691974359664,0.134751408421025,-2.23145700577886,0.0256508724126298,0.0736477048344096
7127,ADO,715.504555136871,-0.16802277652778,0.0753166158419565,-2.23088590279145,0.0256886877673187,0.0737355809816245
7178,CDR2L,704.179511982606,-0.279674329764431,0.126280464870382,-2.21470779388956,0.0267801275590532,0.0763222442846964
7182,RARA,484.719691329694,-0.195325587255929,0.0882402858559835,-2.21356476082499,0.026858733692,0.076502155202783
7186,TCTN1,482.232152813552,-0.4472088918755,0.202071677577612,-2.21312010290871,0.0268893664995937,0.0765376054657281
7192,RBM10,1366.27860114437,-0.104669601070184,0.047315227986304,-2.21217577352649,0.026954522107062,0.0766697245194893
7208,CDK4,1632.27063532849,-0.139226508299439,0.0630471621741249,-2.2082914360986,0.0272239639303336,0.0772652532823792
7210,ARHGEF35,27.0534017111642,-0.485074604914033,0.219679956435947,-2.20809678217261,0.0272375272801006,0.0772812892606128
7221,FBXW5,1914.84528113073,-0.162977838974016,0.073904802354969,-2.20524017087853,0.0274372456890984,0.0777293636701129
7223,DDX23,2371.13146166158,-0.128048112067802,0.0580787842486924,-2.20473127535697,0.0274729571047123,0.0778089829006091
7226,LIN54,484.19673496474,-0.224813569013629,0.101995466299053,-2.20415256845309,0.0275136162076805,0.0778810082690634
7229,KCTD3,1668.58498186468,-0.172736887297214,0.0784032941666482,-2.20318405155347,0.0275817789230423,0.078052351836862
7234,TGFBRAP1,764.153889421671,-0.129775406878639,0.0589733606908879,-2.20057675801899,0.0277660004678543,0.0785193629486999
7235,FURIN,2315.50526292713,-0.185317291152015,0.0842169738885661,-2.20047435327257,0.0277732576045161,0.078529029829383007
7242,MAPKAP1,1279.68946742289,-0.0870086154676701,0.039565002749532,-2.19913078279009,0.0278686242753877,0.0787116452853247
7252,CDH24,561.80575273188,-0.285636206307062,0.129992109564882,-2.19733495566124,0.027996532917992,0.0789747757726645
7255,ITGB4,7130.82263506201,-0.878947685840978,0.400121923515282,-2.19669964124675,0.0280419045118897,0.0790700538386944
7258,TNFRSF21,926.36752344026,-0.448242101813424,0.204097047330927,-2.19622041413777,0.028076170901323,0.0791339526217092
7302,PCNT,2851.7004723923,-0.199488532627584,0.0913501646423601,-2.18377857783388,0.028978522464533,0.0811844633757034
7305,KCNK1,611.505583906934,-0.434968645707234,0.199254842377508,-2.18297653656589,0.029037537959299,0.0813170313529609
7312,MIR1244-2,42.3698164180931,-0.588388193638937,0.26979429386323,-2.18087708681198,0.0291925088968529,0.0816727508893489
7313,SRP14,2676.66301030077,-0.135931132737416,0.0623312719839107,-2.18078547751286,0.0291992872142074,0.0816805440367893
7325,HNRNPUL1,5816.28883167085,-0.138943709946648,0.0638023926409929,-2.17771942705135,0.0294269316701818,0.0821824902630593
7327,NDRG2,211.757869926799,-0.231638156196862,0.106388238592795,-2.17729101694659,0.0294588610028139,0.0822379802858302
7337,SUPT5H,2226.62011147699,-0.0899756765998519,0.0413561651739373,-2.17562910442564,0.0295830052556463,0.0824832409042874
7341,EIF3A,6653.11107937312,-0.06124900646689,0.0281653747897735,-2.17462067961293,0.0296585533495303,0.0826488252106445
7345,CDCA5,1243.19028727518,-0.231255483134413,0.106384398476377,-2.17377253099536,0.0297222224392332,0.0827761491477675
7353,STIP1,4511.74053187505,-0.193944932118959,0.0893151769994298,-2.17146669395501,0.0298959121632177,0.083174306422269
7356,ZNF384,803.915454132888,-0.138244146139907,0.0637036662765768,-2.17011287136449,0.0299982963433007,0.0834251153201336
7365,MAPK7,407.595988940167,-0.196151010767193,0.0904612921432714,-2.16834190757006,0.030132682119681502,0.0836964396635879
7367,CENPQ,290.294754258907,-0.170888405426069,0.078833481852492,-2.16771353250417,0.0301804892040792,0.0837856268209535
7370,SETX,2881.9777707165,-0.0684703686651826,0.0315888816734371,-2.16754646058771,0.0301932110810537,0.0838076688039506
7371,UBR2,951.928273350421,-0.114871633263051,0.0530054994637616,-2.16716443435432,0.0302223182102005,0.0838770809423513
7372,LMNA,4682.41693225378,-0.205444696342529,0.0948117018499617,-2.16687067454651,0.0302447165888204,0.0839278577397583
7373,OSBPL5,329.001066238189,-0.25585032200483,0.118087974467024,-2.16660776137096,0.0302647750904506,0.0839721285806793
7406,RITA1,465.47797420222,-0.178772950253577,0.0828574046405238,-2.15759775519378,0.030959119388677,0.0855158932398279
7409,KIAA1549,254.460532628897,-0.37010420974262,0.171566342938856,-2.15720754667203,0.0309894967257329,0.0855651416545171
7414,B3GNT3,182.265775890775,-0.566909142969828,0.262928359777444,-2.15613539539702,0.0310730943708863,0.0857381024474266
7421,EHD4,817.009375755858,-0.142133920239314,0.0659881231311437,-2.15393185159758,0.0312455166513184,0.0861300315994488
7426,SIRT7,978.406492908858,-0.256652290468331,0.119208457103549,-2.15297049139218,0.0313209977273069,0.0862824738092536
7440,SLTM,2507.12387253242,-0.106540060793702,0.049590061557404,-2.14841557860085,0.0316807563017308,0.0871093053312509
7448,EXOC6B,1012.40991185348,-0.293097653584184,0.136528090011524,-2.14679377379003,0.0318097032427051,0.0873699112830315
7487,SF3B4,2032.84939342954,-0.137673299248758,0.0644385595625053,-2.13650491543367,0.0326382807514562,0.089178751079543
7491,DDB1,5480.80240528878,-0.15394277393649,0.072095862857782,-2.13525114804661,0.0327405009815845,0.0894102828167499
7514,MEAK7,916.170753649144,-0.208364773598681,0.0977928976304852,-2.13067388989736,0.0331160175646244,0.090158952797381
7541,H2AC6,593.916217286989,-0.490793668304836,0.230937352208588,-2.12522428100561,0.0335679029069157,0.0910620063342759
7544,NBDY,479.560581983557,-0.167607747261253,0.0788849714381295,-2.12471075549175,0.0336107554470731,0.0911521502260913
7555,C5AR1,61.8824879963974,-0.445255674148743,0.210007385440157,-2.12019055051576,0.0339899789938515,0.0920361350466208
7561,CLUAP1,240.664305745553,-0.155613428643469,0.073438382747453,-2.11896589796385,0.0340933490567368,0.0922427776291053
7565,SYTL1,480.923052938654,-0.216373176459994,0.102190655160429,-2.11734797198737,0.0342303263231686,0.0925644131649782
7574,NOM1,1162.05120076969,-0.150876368609447,0.0713412924143355,-2.11485331290592,0.0344424513696875,0.0930273604000128
7584,PODXL,1353.04389606265,-0.23253279141344,0.110137035730625,-2.11130424812024,0.0347461691471849,0.0937239428064296
7617,CHD4,508.434221975135,-0.142117171127164,0.0675734252432051,-2.10315180288208,0.0354525018588296,0.0952148917587079
7620,RAMP1,80.8380844146735,-0.47011345812223,0.22357976497881701,-2.10266549911962,0.0354950199533251,0.0952889097430361
7630,GYS1,1350.89007341415,-0.182868479029409,0.0870877030325418,-2.09981975252094,0.0357446999913958,0.0958360848917411
7655,PAQR7,474.076607726685,-0.160837125457351,0.0767740696987394,-2.09494072788474,0.0361762617786094,0.0966763928419351
7664,SAP130,745.685252696116,-0.137498030930667,0.0657409618062734,-2.09151231063289,0.0364821640462327,0.0973793880341575
