...1,gene_name,baseMean.MDA24h10w_24h,log2FoldChange.MDA24h10w_24h,lfcSE.MDA24h10w_24h,stat.MDA24h10w_24h,pvalue.MDA24h10w_24h,padj.MDA24h10w_24h,baseMean.MDA24h10w_10w,log2FoldChange.MDA24h10w_10w,lfcSE.MDA24h10w_10w,stat.MDA24h10w_10w,pvalue.MDA24h10w_10w,padj.MDA24h10w_10w
194,ACTN1,24852.4895954501,0.369231013250614,0.113909131009282,3.24145228726681,0.00118922339573892,0.00578855631988585,24852.4895954501,0.879945497525009,0.131577825652409,6.68764279362372,2.26793881910176e-11,4.848087397716231e-10
227,ADAM19,4257.98010628154,1.74792945520779,0.305586658987964,5.71991415134595,1.06577888831382e-8,2.56143298885724e-7,4257.98010628154,1.11140803476384,0.352749857098119,3.15069733523576,0.00162881183330253,0.0065550715834131
235,ADAM9,10393.6876639039,0.347802386029593,0.0851484993704481,4.08465667159252,4.41420348864806e-5,3.5289713488478e-4,10393.6876639039,0.309934751258043,0.0985963918218596,3.1434695076674,0.00166957809392141,0.00669235797399626
243,ADAMTS2,4.65540812754075,2.45359978793721,1.13146449789055,2.16851681383868,0.0301193867486956,0.0823077315657256,4.65540812754075,2.91320521234679,1.17331059276355,2.48289347280603,0.0130320053325603,0.039130595116308
270,ADCY6,1595.6087946226,0.338769999764189,0.0977850554518,3.46443531886296,5.3134590122779e-4,0.00296069012553237,1595.6087946226,0.4861117856377,0.113824256797799,4.27072224597296,1.94840946157639e-5,1.3262369064399e-4
298,ADGRG6,3105.34032890474,0.943559962269585,0.105849437444579,8.91417077926006,4.91480271331854e-19,1.19220995133486e-16,3105.34032890474,0.741890591702381,0.124523848556621,5.95781932779764,2.55625890866273e-9,3.87635040203077e-8
346,AFDN,5618.61496413079,0.327842365544933,0.0725694732138295,4.51763463376576,6.25342665124448e-6,6.50620911517257e-5,5618.61496413079,0.310356458819878,0.0849039424414751,3.65538336495751,2.5679794116049e-4,0.00130881977550393
361,AGAP1,1456.63272032096,0.331392568589332,0.138654654415484,2.39005729729275,0.0168457444821234,0.0515829920957013,1456.63272032096,0.369979369641468,0.160970732615047,2.29842632651896,0.0215375365634894,0.0596449429517496
382,AGO2,4471.21294002638,1.24299049531129,0.181526553858379,6.84743068653763,7.51881009995314e-12,4.22676473809429e-10,4471.21294002638,0.438661839823621,0.209852113380674,2.09033796589831,0.0365874511007493,0.0921231770852951
384,AGO4,809.629426566626,0.662453769708717,0.135858188950538,4.87606801493503,1.08221307495699e-6,1.38667359850495e-5,809.629426566626,0.338256093680404,0.159422742881162,2.12175557619498,0.0338582689132543,0.0863920260630471
386,AGPAT3,4501.51498623396,0.254083701752284,0.0942917968388911,2.6946533025181,0.00704619046946804,0.0255161433197014,4501.51498623396,0.520447942445247,0.109660756656195,4.74598168310056,2.0749749004126e-6,1.78054481264789e-5
397,AHCYL1,7951.0679322338,0.423558253174247,0.10614722069416101,3.99029056440991,6.59923996482562e-5,4.9812165940806e-4,7951.0679322338,0.52523786776866,0.123014611357335,4.26971936075901,1.95719074909883e-5,1.3317134800144e-4
423,AK3,1347.44596739371,0.361805107736062,0.12078116027775,2.9955425738919,0.00273957055068823,0.0116979281566536,1347.44596739371,0.772535454430518,0.143340386793629,5.3895170210665,7.06472889382995e-8,8.26317708990213e-7
443,AKAP8L,2165.0734994594,0.431006335948838,0.105486141739833,4.0859048292036,4.39053737363294e-5,3.5132234890326e-4,2165.0734994594,0.829161108040071,0.120960055370786,6.85483406483568,7.1395342866633694e-12,1.65728727941445e-10
469,AKT1,5611.89374730268,0.275356070704876,0.0718681163267635,3.8314079285577902,1.2741205429814e-4,8.7585895089736e-4,5611.89374730268,0.420218661178843,0.0831175986982705,5.05571224096957,4.28787462311377e-7,4.30117772443755e-6
565,AMPD2,3203.91331919523,0.636949319507241,0.144101591070835,4.42014078244381,9.86366209222456e-6,9.56024785599959e-5,3203.91331919523,0.623091691867636,0.166602823780519,3.73998277897433,1.8403286289345e-4,9.7543882188198e-4
609,ANKIB1,4932.76943022802,0.234772353478489,0.0823064072106455,2.85241892381039,0.00433878789074348,0.0171345352295463,4932.76943022802,0.26046998042917,0.096231224632361,2.70670960932132,0.00679536689810569,0.0224192625832911
619,ANKRD11,7167.2385704809,0.416616577811662,0.137640706411513,3.02684132240702,0.00247123646039699,0.0107493626236084,7167.2385704809,0.525306774293261,0.158839499458778,3.3071545559081,9.4248875843481e-4,0.00408735364316664
640,ANKRD27,2797.5338289212,0.421095493351088,0.0990202461471921,4.25262014320926,2.11283796383954e-5,1.8669727876083e-4,2797.5338289212,0.668936227449446,0.114491495921682,5.84267173788204,5.137018246763441e-9,7.42305286320022e-8
673,ANKZF1,1898.90632760857,0.423488922708712,0.120215214148659,3.52275646396157,4.270836079775e-4,0.00246988782823826,1898.90632760857,0.4183509436515,0.13950679061558,2.99878552008478,0.00271058047662894,0.0102287974384835
689,ANPEP,6.51626772291556,3.03913396098475,1.19135014658351,2.5509997792842,0.0107414393838346,0.0359946701467936,6.51626772291556,4.75184086076634,1.68125162138118,2.82637102045595,0.00470786992634258,0.0163766941184167
815,ARAP3,1592.8960591271,0.203885164010301,0.0821637130601848,2.48145022196058,0.0130848984875422,0.0422636569269876,1592.8960591271,0.368099752308661,0.0944048013104364,3.89916346625442,9.6525594763293e-5,5.5287364995384e-4
818,AREG,3326.55023383797,2.58111288438093,0.178452657144016,14.4638523499143,2.04995695653599e-47,1.2100212595446496e-43,3326.55023383797,1.25300844212657,0.209813274669672,5.9720169951081,2.34338111944029e-9,3.56249022238336e-8
884,ARHGEF2,4087.35207672833,0.754833106873559,0.146557221379897,5.15043270994423,2.59886163117534e-7,4.04044264836286e-6,4087.35207672833,0.79956844631128,0.168685312754278,4.74000037855104,2.1371781962072e-6,1.82527115191168e-5
967,ARNT,2105.18065874404,0.420854294515747,0.147455273029377,2.85411491816846,0.00431569169467171,0.0170585420824211,2105.18065874404,0.844548310124575,0.170743853530005,4.94628821280621,7.56419402895758e-7,7.18935942720766e-6
992,ARRDC4,262.908590763962,2.1130246554465,0.276560923130383,7.64035870118328,2.16617401974145e-14,2.06229083556891e-12,262.908590763962,2.4230596928667,0.323401088611692,7.4924289935711,6.76105089211502e-14,2.16281956630096e-12
1011,ASB1,2364.20976755395,0.93502976509037,0.123909062096906,7.54609670404178,4.4849707938671904e-14,3.85823668919239e-12,2364.20976755395,0.900296553343824,0.142475235544135,6.31896869589617,2.63314603966539e-10,4.7344331871083905e-9
1112,ATP13A3,8041.27562496291,0.2284943125342,0.103884707884072,2.19949901374497,0.0278424591876185,0.0774602148145088,8041.27562496291,0.470568876807934,0.120630587661547,3.90090843400522,9.58323959287229e-5,5.4926918666839e-4
1129,ATP2B4,4019.00496136943,0.466406472310284,0.128559694497046,3.62793699950025,2.8569494911462e-4,0.00175784786619935,4019.00496136943,0.753669097509434,0.149788385094316,5.03155900262145,4.86507331666409e-7,4.80562015665684e-6
1162,ATP6V0A1,2327.69252094479,0.481469788890831,0.122841829368571,3.91942867804616,8.87591218191475e-5,6.4284111622636e-4,2327.69252094479,0.37274555437111,0.141267852313722,2.63857309547916,0.00832557498009084,0.0267274575513342
1193,ATP8B1,1190.45328918485,0.435038052202285,0.136101943934299,3.19641321517268,0.00139147678654306,0.00663085870185806,1190.45328918485,1.18663998619814,0.163079088845004,7.27646931683534,3.4267000653288996e-13,9.72473846126099e-12
1225,AUP1,5294.21165910904,0.214790187148199,0.0947622565753738,2.26662170056445,0.0234133452777668,0.0672338383740128,5294.21165910904,0.490819833147984,0.109352772718949,4.48840775541609,7.17574831151259e-6,5.42933969612399e-5
1234,AVL9,2803.29760679207,0.665891491865484,0.12413369530995,5.36430894289271,8.12597191299897e-8,1.48959327779902e-6,2803.29760679207,0.339616462949094,0.143672251597641,2.36382780371677,0.0180872173536807,0.0516378362355317
1240,AXL,29113.1698903385,0.369990527356968,0.0740099539434914,4.99919953523368,5.75688046073982e-7,7.97047992561106e-6,29113.1698903385,0.256096803532427,0.0855493324464367,2.99355700633633,0.00275745990505595,0.0103840617805622
1321,BAZ1A,2631.45167442513,0.398404803285543,0.125213186074481,3.18181188240477,0.00146356847598698,0.00691116548607401,2631.45167442513,0.659690696374393,0.144117545255582,4.57744888177551,4.70680756401239e-6,3.72086086883692e-5
1341,BCAM,703.107719724367,0.41762508782928,0.179200710864015,2.33048789715009,0.0197803789571059,0.058691513165622,703.107719724367,1.9086045637147,0.217480765737039,8.77596948514719,1.69437771904672e-18,1.00256218892353e-16
1398,BECN1,2576.61991289101,0.314359102280348,0.0934460651745397,3.36406997654941,7.6802067415402e-4,0.0040320516151555,2576.61991289101,0.518804672100809,0.107752232815735,4.81479277545928,1.47352719757599e-6,1.31039702550643e-5
1432,BIRC2,6130.64614970043,0.465628167072879,0.113629786326783,4.0977650502114,4.17158377650518e-5,3.3669282367526e-4,6130.64614970043,0.42041668143055,0.131560655438959,3.19561102844774,0.00139535084850017,0.00576019663997813
1453,BLTP3A,2446.36072107563,1.39216926213481,0.1314460213085,10.5911860113851,3.27416878824623e-26,2.5208252566201798e-23,2446.36072107563,0.734846531867154,0.152969450167874,4.80387770931195,1.55621899148897e-6,1.37515378525619e-5
1534,BRD9,2569.99192149153,0.210876327053767,0.0850366494393886,2.4798287378911,0.0131445500414355,0.0423746026094555,2569.99192149153,0.341980549698725,0.0983914171492843,3.47571525654372,5.0949292919813e-4,0.00239296471493164
1550,BRWD1,2401.83884283039,0.856414704008246,0.130961960902,6.53941570597822,6.17596389594712e-11,2.7003449054180604e-9,2401.83884283039,0.379575670508347,0.153063934584239,2.47985047254517,0.0131437488742542,0.0394268915038512
1569,BTBD3,1284.3029833875,0.812289107316701,0.0811921794034919,10.0045239983023,1.45590146975472e-23,8.31648491174731e-21,1284.3029833875,0.364990414669356,0.0946919607039149,3.85450266269823,1.1596512156179e-4,6.4944772378531e-4
1853,CAD,6356.91792195597,0.33220154183037,0.101163433571392,3.28381046493376,0.00102413772785583,0.00511949908208504,6356.91792195597,0.775305358797687,0.116481153802517,6.65605837071419,2.8126858666917697e-11,5.96328926256689e-10
1930,CAPRIN2,4551.95886731145,0.927351980616844,0.154586605076578,5.99891549566961,1.9863969000389903e-9,5.85276477635449e-8,4551.95886731145,0.511816531943846,0.178867498889811,2.86142834847343,0.00421736820380187,0.0149402599683108
1949,CARM1,2548.43792750472,0.367705793164189,0.123908204409863,2.96756615040512,0.00300167684568513,0.0125837342763713,2548.43792750472,0.613061811584269,0.143364675240491,4.27624036783029,1.90075995223676e-5,1.2972167242819e-4
1963,CASC3,4568.68911669086,0.47507172555478,0.0863095709939176,5.50427629385691,3.7068781971212e-8,7.57983823494483e-7,4568.68911669086,0.449530788015847,0.0994636810756772,4.51954706636908,6.19720698801401e-6,4.7727192566985e-5
2002,CBFA2T2,1934.03252597217,0.704223724444454,0.12669471447204,5.5584301790259,2.7221180864799e-8,5.88562479552943e-7,1934.03252597217,0.73596979908251,0.1468818217542,5.01062548307796,5.42534081510616e-7,5.30692710957926e-6
2004,CBL,5095.35931308914,0.473100196673461,0.138112839165933,3.42546138020567,6.1375618343527e-4,0.00332773867001586,5095.35931308914,0.469012708560828,0.159585272193112,2.93894732336755,0.0032932904138537,0.0121023576686087
2126,CCDC71L,1038.42458520029,0.896283598054137,0.158061455852755,5.6704754060287,1.42401811798849e-8,3.32233370663243e-7,1038.42458520029,1.28106835990267,0.184063066294479,6.95994251151457,3.40411621100076e-12,8.312259923258409e-11
2161,CCN1,56614.7039811413,0.6145894575653,0.133097327159333,4.61759428744624,3.88214306916035e-6,4.33448861719366e-5,56614.7039811413,1.27430081575637,0.15374735837091,8.28827779064767,1.1489997764477699e-16,5.36180153411424e-15
2183,CCNI,8697.12497455237,0.408853891664767,0.109434220901493,3.73606983534697,1.8691877730252e-4,0.00121823986325843,8697.12497455237,0.402044723788019,0.126914293887287,3.1678443103113,0.0015357373881742,0.00622756128785714
2360,CDK10,2680.75966792308,0.262421505994206,0.0973139858546938,2.6966473902944,0.00700413933940486,0.0253794351181054,2680.75966792308,0.467080585762933,0.111951424039433,4.17217190197073,3.01709870142177e-5,1.9685617689348e-4
2394,CDKN1A,3772.72144274744,0.586882938619677,0.126601156510205,4.63568386575023,3.55759332226758e-6,4.00749761772992e-5,3772.72144274744,1.10403368065997,0.145513504871591,7.58715613120737,3.2700297552095303e-14,1.0881198868720899e-12
2407,CDR2,194.385801278748,0.931861631855719,0.196500554482477,4.74228499919485,2.1132105015263e-6,2.50641202686054e-5,194.385801278748,0.683719032273125,0.228630688892837,2.99049543866613,0.00278525289057239,0.0104713016687508
2436,CELF1,7025.51416362878,0.584195349505985,0.12919258759642,4.5218952602059,6.12883862384894e-6,6.41363710575999e-5,7025.51416362878,0.315253858584542,0.149526442800927,2.10834854811772,0.0350008514705647,0.088806812882013
2517,CERS2,5533.01465490587,0.25754866739601,0.102739981204256,2.50680080312631,0.0121829347370572,0.039831346361136,5533.01465490587,0.28308385052225,0.118861489261771,2.38162799642202,0.0172362995917639,0.0495995614126633
2521,CERS5,990.889831676122,0.3308479956802,0.157748482630569,2.09731333172322,0.0359658474715486,0.094633466125733,990.889831676122,0.429230140134062,0.18294052220624,2.3462824690648,0.0189617310648135,0.0536774707097426
2624,CHKA,1711.81725977786,0.315016531723056,0.111925362050829,2.81452323183011,0.00488496466640335,0.0188377513747105,1711.81725977786,1.02086362142397,0.130108112110574,7.84627188008367,4.28587265033748e-15,1.60995871798777e-13
2648,CHPF,2317.48742004987,0.518770950267935,0.136541326296151,3.79936949742782,1.4506467577652e-4,9.8046003001933e-4,2317.48742004987,0.873096917633006,0.158325328747191,5.51457511278653,3.49623566318621e-8,4.3584980810525e-7
2787,CLK3,2069.66422958356,0.45119864041916,0.111621444174519,4.04222184864151,5.29471021865434e-5,4.1285217328018e-4,2069.66422958356,0.565304966061744,0.128802369301766,4.3889329763594,1.1390816516518e-5,8.18442082339292e-5
2828,CMTM4,1234.75903590955,0.645956848872667,0.121200013639696,5.32967637110148,9.83879318167857e-8,1.75807618225191e-6,1234.75903590955,0.417507616134997,0.143267406006392,2.91418423612953,0.0035661937605597,0.0129308169331752
2864,CNOT11,1692.91903135947,0.341976242503519,0.103054581126808,3.31839922848961,9.0534983477367e-4,0.00462815671887188,1692.91903135947,0.273833671234879,0.120074064640853,2.28053969900934,0.0225756990642722,0.0619890214221585
2900,COASY,3518.42113217247,0.520271484612687,0.104770801489263,4.96580609499301,6.84162883509688e-7,9.26235194280547e-6,3518.42113217247,0.738130827139947,0.121079560726956,6.09624632521165,1.08588046936392e-9,1.74299217892759e-8
2904,COG1,1913.28931026336,1.05034235360188,0.149973541505248,7.0035177075893,2.4961434607719497e-12,1.54012921266027e-10,1913.28931026336,0.878356411742388,0.172886165466643,5.08054770820781,3.76348200789876e-7,3.84980820536807e-6
2909,COG6,1084.44565042134,0.923901788078151,0.17512087171377,5.27579482123778,1.32181916078267e-7,2.25281748788638e-6,1084.44565042134,0.493859910667891,0.205184751912364,2.40690356405637,0.0160884175703386,0.0467571249644544
2927,COL4A1,2770.50589855373,0.582734803464872,0.129498740646406,4.49992641284457,6.79769903507233e-6,6.97010159311296e-5,2770.50589855373,0.595921103141282,0.149262303298344,3.99244209671721,6.53963048081081e-5,3.8936714727247e-4
2928,COL4A2,7420.06197011454,0.299620501650798,0.111290090520983,2.69224780255082,0.00709721901862172,0.0256560304368327,7420.06197011454,0.572745750321935,0.128291304941203,4.46441596789767,8.02874508358427e-6,6.0020007631452e-5
2937,COL6A2,3113.98094216522,0.287191713601278,0.129412100582412,2.2192029362694,0.0264729214093632,0.0743155504624293,3113.98094216522,0.680710387940729,0.148330166163706,4.58915678142946,4.45040086701323e-6,3.54348980202909e-5
2986,COQ10B,1524.59279519959,0.30944377211756,0.125603746622891,2.46365081008789,0.0137530024643582,0.0439440937637775,1524.59279519959,0.370162027282295,0.147056627820434,2.51713936847708,0.011831201925062,0.0360875576238498
2995,COQ9,1088.16851623875,0.229066170910706,0.0813441295756124,2.81601354769898,0.00486236162202796,0.0187753148596894,1088.16851623875,0.286621662865744,0.0926304817004929,3.09424778543734,0.00197312619183432,0.00772942943084209
3015,COX19,697.014317566414,0.782509257499392,0.142982920962285,5.472746340843,4.43114161186607e-8,8.7967102761126e-7,697.014317566414,0.536795800930199,0.162986215623808,3.29350429345012,9.8946830455577e-4,0.00426498543368005
3094,CREB3L2,4180.26293592211,0.256931198568636,0.0900407629805926,2.85349868285784,0.00432407071516497,0.0170840348558994,4180.26293592211,0.237147634427374,0.105050887122335,2.25745484806052,0.0239796678050884,0.0650840751429966
3135,CRY2,709.400459593535,0.737221674995158,0.196733784682797,3.74730591486264,1.7874404295924e-4,0.00117403542756764,709.400459593535,1.28618151281072,0.226182290241975,5.68648195857748,1.29683079052891e-8,1.76015129635056e-7
3144,CRYL1,480.621430520847,1.45996867252134,0.151736870921627,9.62171332289711,6.4743627136869e-22,2.60563670304472e-19,480.621430520847,1.43669241992829,0.173040284365947,8.30264712747448,1.01816944135297e-16,4.7883054299056806e-15
3158,CSGALNACT2,3643.69485133061,0.696522868096846,0.163216986265996,4.26746556244897,1.9770627924289e-5,1.7584042153857e-4,3643.69485133061,0.512984309258514,0.187908441638397,2.72996947229055,0.00633401906510057,0.0210970841046194
3166,CSNK1E,3194.81400748388,0.777219494026441,0.132518652682529,5.8649818594851,4.4918180351731206e-9,1.20883151621346e-7,3194.81400748388,0.928774941492501,0.152931401480913,6.07314738829761,1.2542723481846802e-9,1.99559359720843e-8
3176,CSPG4,725.955472004588,0.395081885213129,0.124835485448109,3.16482035372351,0.00155178729828782,0.00725447882456541,725.955472004588,2.0265123632645,0.143898045981485,14.0829734652911,4.8332563860639195e-45,2.24387025964291e-42
3240,CTPS2,578.162982924388,0.450465939493607,0.15939161600589,2.82615830607402,0.0047109975485041,0.0183144554531088,578.162982924388,0.758447108018836,0.188271903856731,4.0284667679145,5.6141794666165e-5,3.4065125141608e-4
3287,CXCL2,879.523840051728,1.14860583857543,0.392777929221835,2.92431359585563,0.00345216769385263,0.0141662582582137,879.523840051728,1.45528581881959,0.444453015446302,3.27432994769595,0.00105912864841042,0.00453025828209757
3375,DAB2,1595.10860176089,0.415739491799289,0.110589073499726,3.75931797457656,1.7037718475092e-4,0.0011257608908841,1595.10860176089,0.280596657222583,0.130066680911868,2.1573292656919,0.030980018279208,0.0805694069180322
3386,DALRD3,1062.65906565598,0.19630186742686,0.0848870094434154,2.31250775252852,0.0207497185885084,0.0610460237191074,1062.65906565598,0.342166001063304,0.0978423526634312,3.49711542853353,4.703182828031e-4,0.00223271704993002
3421,DCAF10,2561.23566899517,0.817228419159296,0.134628974178413,6.070226889468,1.27729662810664e-9,3.96813485798461e-8,2561.23566899517,0.52302589325567,0.157082638928759,3.3296225274957,8.6963791948657e-4,0.0038143566303837
3538,DEDD2,1543.86705177706,0.319545994645357,0.140896454745631,2.26794914905597,0.0233323062142686,0.0670184068843906,1543.86705177706,0.46782733616836,0.161325061378708,2.89990490113711,0.00373275891502665,0.0134578520341443
3540,DEF8,1821.35809812236,0.288923189021115,0.132314998125952,2.18360120253401,0.0289915651269679,0.0799786002910653,1821.35809812236,0.67515871301104,0.15202037383412,4.44123834182748,8.94426596290028e-6,6.60546102458952e-5
3577,DESI1,1967.51453238692,0.274942745457081,0.108726101823584,2.52876485816806,0.0114464685619008,0.0379505832791873,1967.51453238692,0.323781695147176,0.124797105892456,2.59446477409657,0.00947383211563989,0.0298163052817271
3591,DGKD,3040.14530192464,1.25318206446601,0.156297768223775,8.01791400291653,1.07556063129209e-15,1.32264080964724e-13,3040.14530192464,1.03503545113539,0.181186112573844,5.71255399452068,1.11293087475713e-8,1.53587853798419e-7
3616,DHRS7,705.572954436131,0.328525450017238,0.151157556745079,2.17339746084466,0.0297504157820275,0.0815385176703517,705.572954436131,1.14566425703738,0.174043803920234,6.58262018659649,4.6222887931218494e-11,9.41682375312467e-10
3647,DIMT1,1144.62872387398,0.589889976143037,0.134764741041953,4.37718331651305,1.20222855420429e-5,1.1348114732329e-4,1144.62872387398,0.887948337784821,0.155112966044389,5.72452684278316,1.03722408005708e-8,1.4401824534903e-7
3650,DIP2A,2540.50600097371,0.432414016509337,0.0860518003447007,5.02504322718643,5.03319153805598e-7,7.12452084379658e-6,2540.50600097371,0.418596403702394,0.100262436043285,4.17500731302478,2.97976481394289e-5,1.9470090841302e-4
3694,DLK2,306.357955507925,0.439616705059706,0.183088279644897,2.40111877129629,0.0163450303563103,0.0503107591777409,306.357955507925,1.59251084287553,0.208319992997574,7.64454155340758,2.09691085792933e-14,7.25940114601692e-13
3697,DLST,5437.96185182311,0.49092534526533,0.0915687147977071,5.36127809972957,8.26351864007093e-8,1.50700708628606e-6,5437.96185182311,0.257335523026002,0.105903624264464,2.42990289343998,0.0151028686579414,0.0443125165970971
3712,DMPK,979.800269404629,0.4634153042305,0.106870788185602,4.33622051542925,1.44953528333472e-5,1.3445977368932e-4,979.800269404629,0.288144689107204,0.123480741883655,2.33351925742962,0.0196209088099844,0.0551126551215602
3829,DOCK9,5787.40380172654,0.370066067586282,0.102572982248881,3.60783180397701,3.0876653972386e-4,0.00187446580312394,5787.40380172654,0.33747256383554,0.118491854017264,2.84806552006834,0.00439858678670216,0.0154943214708228
3847,DPF2,2669.96734165373,0.413877004965257,0.128052406984255,3.23209078776745,0.0012288800602821,0.00596028707408257,2669.96734165373,0.49174725036499,0.147679742975648,3.32982195429523,8.6901533079686e-4,0.00381254944982023
3865,DPP8,1856.4112784239,0.30276764350077,0.0868553533011212,3.48588350623705,4.9051456246625e-4,0.00276713344127188,1856.4112784239,0.211922822988304,0.102306809752785,2.07144395862208,0.0383173264906418,0.0957986072134162
3902,DSE,1784.20046857779,0.749493318973535,0.145159526655815,5.16323892919991,2.42713012056258e-7,3.80350621017011e-6,1784.20046857779,0.413890150192346,0.167449955376571,2.47172445798248,0.0134463110640356,0.0402012728080298
3968,DVL1,6786.84823594152,0.494909626830901,0.13692146592507,3.61455103834295,3.0086854376592e-4,0.00183463504580133,6786.84823594152,0.450879181062554,0.157979870059305,2.8540293196424,0.00431685470631345,0.0152538976019733
4010,EAF1,934.652590153094,0.699029462760117,0.162361666788117,4.30538486447269,1.66695672211704e-5,1.5129917803817e-4,934.652590153094,0.521034368622038,0.188123584157319,2.76963875080289,0.00561184962074949,0.0190241807214548
4047,EDEM1,4515.8573347856,0.660591794574469,0.122313610314935,5.40080366259788,6.634300541307e-8,1.24713581725546e-6,4515.8573347856,0.446519984129708,0.141628057504184,3.15276500997352,0.00161731943860074,0.00651316409148244
4096,EEF1AKMT3,299.423727143743,0.462182641815394,0.154571456034787,2.99009049711855,0.00278894805633394,0.0118689478927088,299.423727143743,0.832594578042391,0.184937797945311,4.50202493645243,6.73090820606163e-6,5.12704349932486e-5
4127,EFEMP2,354.039200019051,0.48496472358017,0.157784817614807,3.07358293979902,0.00211504886355814,0.00941747178171675,354.039200019051,2.58861922647538,0.190185274326302,13.6110392123949,3.4431278835022394e-42,1.27227088691207e-39
4150,EGFR,14142.1966941216,0.30546128281348,0.0748500241586438,4.08097774512481,4.48466493918133e-5,3.5772273307668e-4,14142.1966941216,0.207849470099856,0.0865952274801477,2.40024163164773,0.0163842525322375,0.0474785323619629
4159,EHBP1,3137.05130981276,0.409456529418775,0.0975215027816988,4.19862817675545,2.68536837024081e-5,2.3027846537638e-4,3137.05130981276,0.292055963428765,0.115128544937542,2.53678150442365,0.0111876755412629,0.0344731200391604
4186,EIF2AK4,5206.57757065046,0.59469174076531,0.116999110796739,5.08287402114072,3.7176628718418e-7,5.49978062945485e-6,5206.57757065046,0.391471231765549,0.135524647491264,2.88856115114251,0.00387008770850464,0.0138454471547491
4190,EIF2B4,1774.22616721884,0.35501438671021,0.084789574631085,4.18700516254338,2.82659398833103e-5,2.4050788840957e-4,1774.22616721884,0.325316799074481,0.0963683117535139,3.37576526095591,7.3610694534477e-4,0.00330063208331167
4204,EIF3D,9387.37200209651,0.509052962115939,0.118385350845769,4.29996581907442,1.70824454729712e-5,1.5457125418261e-4,9387.37200209651,0.725452916111275,0.136576434084971,5.31169905680752,1.08607851193853e-7,1.22826592986627e-6
4209,EIF3H,8965.39254854867,0.177476451834059,0.0604573435715125,2.93556483546336,0.00332941025857285,0.0137397335956206,8965.39254854867,0.366577284164783,0.0700160229551367,5.23561991516813,1.6443202456446e-7,1.81315848767607e-6
4231,EIF4EBP1,2267.49491452823,0.500031195276197,0.159912488830733,3.12690521504846,0.00176656871650922,0.00809504739826176,2267.49491452823,0.430716679140213,0.183429582642678,2.3481309445012,0.01886788685011,0.053461965462925
4234,EIF4ENIF1,662.181855419308,0.386903562110477,0.119797337811165,3.22965075167486,0.00123941519814877,0.00600026198787467,662.181855419308,0.402268633694941,0.138619161737267,2.90196989112793,0.00370824179291719,0.0133881208180576
4267,ELL,890.888860342027,0.423519755573451,0.156529649409918,2.70568392103366,0.00681638906873337,0.0248465660002327,890.888860342027,0.575950428365579,0.178595183355391,3.22489340162931,0.00126019582345196,0.00527441183065678
4293,ELP2,2301.63405915806,0.896197909876617,0.186167612196359,4.81393030346954,1.47990439528374e-6,1.82876113270652e-5,2301.63405915806,0.686887080242082,0.215915041958513,3.18128405511489,0.00146623787709243,0.00599000519012533
4331,ENAH,2518.31387254744,0.346778086708664,0.139801627181459,2.48050107641847,0.0131197867657712,0.0423178841617991,2518.31387254744,0.685053692587073,0.161908464947736,4.23111721063016,2.32533453702819e-5,1.5581978951677e-4
4344,ENO2,6791.34167286032,0.375678738280543,0.113686835445491,3.3045051945409,9.5144212725128e-4,0.00482754647259764,6791.34167286032,0.504457962153881,0.131111714231386,3.84754302932546,1.193083273209e-4,6.6570002294987e-4
4364,ENTPD3,234.413532505468,0.62698167619824,0.186463357510527,3.36249268794188,7.7242171750063e-4,0.00404795613302787,234.413532505468,2.55193770558767,0.182957752841809,13.948234857225,3.22488215318066e-44,1.42413942110949e-41
4400,EPG5,5792.69425583994,0.39195644432727,0.0969837911653622,4.04146341999525,5.31186680224545e-5,4.1389139099251e-4,5792.69425583994,0.891792335371266,0.112929685422218,7.89688142703188,2.85968178322847e-15,1.10399570079178e-13
4425,EPN2,1010.18648030791,0.467768568118515,0.0997621217442664,4.68883941058921,2.74758897322054e-6,3.18770223892451e-5,1010.18648030791,0.383737237768933,0.113897653017123,3.36914086992858,7.5402881080317e-4,0.003365987585898
4451,ERCC2,3678.18400882182,0.490939902845394,0.0845372646063308,5.80737861736573,6.3458525783056e-9,1.62622803844625e-7,3678.18400882182,1.2461001032526,0.0985223404800151,12.6478938399293,1.14914202821894e-36,3.4677275938220298e-34
4486,ERN1,832.908082412128,0.940730057515103,0.236348797382981,3.98026166382704,6.88394526490718e-5,5.1696735687437e-4,832.908082412128,0.648704338316429,0.270342359570853,2.39956601453874,0.0164145197760843,0.0475369953720061
4492,ERRFI1,26338.9601044461,1.87070859975551,0.172253076015055,10.8602333440594,1.7829303640491998e-27,1.66169109929385e-24,26338.9601044461,1.04640235861838,0.198920972670471,5.26039232852453,1.43748358836779e-7,1.59871485571174e-6
4527,ETFDH,696.313914218746,0.626287110272909,0.104590301810545,5.98800366220731,2.1243228168069e-9,6.23839277612214e-8,696.313914218746,0.721815753847925,0.12417094477606,5.81308095182577,6.13333824480856e-9,8.82051010806225e-8
4533,ETS1,11884.723229467,0.202302970493987,0.0864440171072068,2.34027729464601,0.0192694269387081,0.0574449515539802,11884.723229467,0.680100740588819,0.0997833530920419,6.81577356857794,9.37578719976069e-12,2.11141794824461e-10
4587,EXT1,10310.0665631941,0.418841137527924,0.0940797537226909,4.45197952752405,8.50822795231575e-6,8.44527469616633e-5,10310.0665631941,0.513672433302869,0.108737164835399,4.72398221969865,2.31270645841035e-6,1.96038685093529e-5
4597,EZH1,1944.77130123678,0.488149278198326,0.12765538430321,3.82396152628284,1.3132441627863e-4,8.992624762034e-4,1944.77130123678,0.414228607518878,0.147563919652495,2.80711307001308,0.00499876923338752,0.0172461348589395
4602,F11R,767.074387393428,0.47161884818779,0.185675645937201,2.54001458191938,0.0110847847184849,0.0369173157410063,767.074387393428,0.629716956302808,0.214018013808773,2.9423549218874,0.00325726369294321,0.0119869952082174
4794,FAM8A1,1362.83372481347,0.291430930946458,0.138570297899578,2.10312697139224,0.0354546718511017,0.0934968472284897,1362.83372481347,0.599721548149674,0.164559166802796,3.64441288687592,2.6800288845782e-4,0.00135657263025369
4870,FBXO11,1463.32908951408,0.4390681156018,0.131320933418389,3.34347391670549,8.2736471429602e-4,0.00428156536362141,1463.32908951408,0.413676089028609,0.153589549579666,2.69338695347913,0.00707301267495388,0.0231725478247804
4953,FGD1,625.582935328124,0.541954123000365,0.135856648403985,3.98916158588575,6.63072433035492e-5,4.9985894611292e-4,625.582935328124,0.939527459817727,0.158877678323751,5.91352712181012,3.3485835815926104e-9,4.95743698514438e-8
4992,FHL2,2455.07965116763,0.418473812764152,0.089987830929646,4.65033781169058,3.31391769217079e-6,3.76172144185643e-5,2455.07965116763,1.56344465763543,0.106049631879492,14.7425750559137,3.434357087761e-49,2.07274898103335e-46
5014,FKBP14,1493.43553309137,0.766431391191358,0.152659429162836,5.02053096486974,5.152884330414e-7,7.27069926079451e-6,1493.43553309137,0.517026041631006,0.177627114447651,2.91073828023806,0.00360575910823016,0.0130597868400911
5182,FSTL1,13192.8106825496,0.159970558203762,0.0626750793037989,2.55237903135873,0.0106990055365062,0.0358754004999909,13192.8106825496,0.448654959941268,0.0727961387386605,6.16316974657059,7.13029999706013e-10,1.18441478666762e-8
5240,G0S2,9373.61715821386,1.42846650749495,0.11832853923211,12.0720370315137,1.48414370982336e-33,2.6281216813552e-30,9373.61715821386,2.22730844644134,0.134829247924633,16.519475415945,2.6569898261141702e-61,2.82985045833077e-58
5263,GADD45A,2386.90936195704,0.823312271261472,0.122264419313022,6.73386645016996,1.6521283167587298e-11,8.504618672431291e-10,2386.90936195704,1.80033524571457,0.141187209567206,12.7514046862552,3.06178047225269e-37,9.396033428916469e-35
5299,GAN,543.626473004506,1.41015233618973,0.25333068144606,5.56644907020464,2.59982720567091e-8,5.64880247337675e-7,543.626473004506,0.902667415703299,0.294376167986881,3.06637395912948,0.00216672137223581,0.00838978981302429
5300,GANAB,22567.890763347,0.203643610474224,0.0910549278332172,2.23649192108781,0.0253195659236831,0.0716342663966416,22567.890763347,0.252998398282524,0.105131448403169,2.40649588800773,0.0161063853431795,0.0467943217303607
5327,GART,5235.92690064777,0.517387350263854,0.0942900500017088,5.48718926604109,4.08379511954356e-8,8.20838183619494e-7,5235.92690064777,0.844465332393804,0.108712074579261,7.76790743495669,7.97933366699109e-15,2.91866293685941e-13
5343,GATA2,475.836676421558,0.83666192604038,0.242974640230437,3.44341255221899,5.7442232695733e-4,0.00315700514145269,475.836676421558,1.4405008113462,0.278402076726152,5.17417408765646,2.28921311723771e-7,2.44822756649179e-6
5349,GATAD1,1215.04741705254,0.506312101736111,0.121026660902981,4.1834757561558,2.87085718372868e-5,2.4358954963808e-4,1215.04741705254,0.337434810889645,0.141746489761132,2.38055144404833,0.0172867471180386,0.0497210235614309
5388,GCN1,10386.3511641859,0.411985952820888,0.125112607031832,3.29292117393148,9.9152268826287e-4,0.00498520265864821,10386.3511641859,0.326515409158976,0.144433270230192,2.26066617918842,0.0237799362939832,0.064726326900009
5437,GGA3,2607.31510247784,0.240646956077539,0.0858871433893858,2.80189731059654,0.00508030418042331,0.0194344407921659,2607.31510247784,0.561606902082103,0.0992099978397065,5.66078937920642,1.5067826877468e-8,2.01937878196473e-7
5456,GID4,738.283545426518,0.6103720552084,0.10860871459309,5.61991786290078,1.91048264912446e-8,4.33728548085846e-7,738.283545426518,0.603274144280651,0.127879418836181,4.71752334950371,2.38733008646606e-6,2.01879592010419e-5
5486,GK5,618.087760165521,0.898138912219847,0.16984494579627,5.28799316346552,1.2366559921431e-7,2.12815396587658e-6,618.087760165521,0.706583941718922,0.201610993873006,3.50468954170225,4.5714002944641e-4,0.00217643370317034
5555,GNAI1,827.954710025655,0.272136801067275,0.125355396791727,2.1709220985469,0.029937061560848,0.081948598874555,827.954710025655,0.510740126464638,0.148496745960588,3.43940281762264,5.8299905777379e-4,0.00269417583972748
5565,GNB1,18650.4529231143,0.227073618670125,0.0743657938602717,3.05346862963342,0.00226212371755606,0.00996212056465625,18650.4529231143,0.206110368865164,0.0859777437548477,2.39725258961035,0.0165185322127623,0.0477999910890642
5585,GNL3,6713.91901569688,0.644307817967968,0.130143736886046,4.95074010770201,7.39317799425298e-7,9.92557967568096e-6,6713.91901569688,0.669500370248357,0.150245320989397,4.45604805420599,8.34843263766899e-6,6.21788240796523e-5
5591,GNPNAT1,2013.96087092601,0.2664151381481,0.100650307466772,2.6469381450827,0.00812242083961837,0.0286515961094182,2013.96087092601,0.336889876934042,0.116399534094977,2.89425451358897,0.00380059962665238,0.0136480874335914
5600,GOLGA2,6101.1737673483,1.13195261344375,0.195678859915524,5.78474656859932,7.262173081676831e-9,1.83450158245839e-7,6101.1737673483,0.596593793796958,0.226194331998043,2.63752760083361,0.00835128290988205,0.0267909865992779
5630,GORASP1,1713.94941225467,0.207217201696872,0.0823858561870788,2.51520359546098,0.0118963662420461,0.0390908987593529,1713.94941225467,0.489073971561009,0.0944233574379494,5.1795867551353,2.22377974680933e-7,2.39095938810747e-6
5631,GORASP2,4489.25821672794,0.547440253561686,0.130584790937927,4.19222062255252,2.76237158755731e-5,2.3562657067661e-4,4489.25821672794,0.482460244803108,0.151304760481935,3.18866533522394,0.0014293124697446,0.00586695342942545
5696,GPR176,1290.11317173852,0.762282820826778,0.17427115232507,4.37411935743034,1.21923660480396e-5,1.1496401383316e-4,1290.11317173852,1.288794098238,0.202561007715099,6.36249845306203,1.98498038431419e-10,3.6636141527413704e-9
5697,GPR180,939.005807029194,0.614570831583907,0.180634776882269,3.40228411267927,6.6825128246755e-4,0.00359022867413092,939.005807029194,0.477469554182703,0.211473460646221,2.25782257841552,0.0239567229821896,0.0650561451680202
5735,GPSM1,1367.93315428815,0.709264929946181,0.145856477448885,4.86275921612558,1.1576063222245e-6,1.46840205973865e-5,1367.93315428815,1.54981006151915,0.16888448269728,9.17674635802473,4.44313269593667e-20,3.28356573847467e-18
5746,GRAMD1A,2435.28981624814,0.659621134699823,0.12611548865168,5.23029440516732,1.69240300299859e-7,2.80609291920403e-6,2435.28981624814,0.410826442486909,0.146146411436354,2.81106076057039,0.00493784600679777,0.0170489397023418
5859,GTF3C3,1346.86412576908,0.563051433585381,0.101663317751031,5.53839325767698,3.05259206466634e-8,6.45051316003717e-7,1346.86412576908,1.00699371593804,0.120059780113499,8.38743595054123,4.96859719439714e-17,2.4782760551447603e-15
5866,GTPBP2,5581.44687926431,0.277774122556458,0.113316063026562,2.45132168500547,0.0142332688261354,0.0452175794445502,5581.44687926431,0.655424724156499,0.1307041569899,5.01456678387932,5.31530886969001e-7,5.20773714256533e-6
5985,HAUS2,1194.59836311051,0.299682861475517,0.0839427285359182,3.57008720948695,3.5686240048569e-4,0.00211702492053625,1194.59836311051,0.292044727617374,0.0966981519913383,3.02016865475913,0.00252633964711192,0.00959566384452662
5989,HAUS6,1587.18949609331,0.325727129877451,0.0921835086554949,3.53346422400505,4.1015159598468e-4,0.00238756228195162,1587.18949609331,0.44952418064522,0.108620656293503,4.13847785480659,3.49617610692696e-5,2.2431525369248e-4
5996,HBS1L,2475.92344350391,0.403856964448698,0.130088051827042,3.1044892961088,0.00190607824438799,0.00863243824849683,2475.92344350391,0.686498553433723,0.150819987013069,4.55177438368454,5.31953638574459e-6,4.15870145942537e-5
6017,HDAC5,1143.27863791593,1.22550068637753,0.201214158318436,6.09052909904126,1.1253812540558101e-9,3.5396538626679e-8,1143.27863791593,1.33271485844203,0.232871859901333,5.72295364071338,1.04687839120197e-8,1.45136142045197e-7
6026,HDGFL3,1055.63689157882,0.462142868869203,0.0990933442500316,4.66371250629232,3.10555168395078e-6,3.55252643536178e-5,1055.63689157882,0.276614400841937,0.115517487541395,2.39456732248278,0.0166399883641457,0.0481130037242449
6042,HEBP2,1580.49721276085,0.241052997904008,0.084029091057868,2.86868505739283,0.00412181996898359,0.016420514738079,1580.49721276085,0.698021440769438,0.0985472068583875,7.08311745225307,1.40947116193503e-12,3.6301400935982497e-11
6069,HERC4,4675.00310074336,0.513626418188042,0.144455728705891,3.55559743313313,3.771211513187e-4,0.00221936099939917,4675.00310074336,0.358420642251564,0.16722066905284,2.14339916400111,0.0320810601736168,0.0828025196726308
6073,HERPUD2,1263.95025330201,0.52119717482812,0.114296533375287,4.56004359394517,5.11430026061797e-6,5.48426365093555e-5,1263.95025330201,0.463703662250293,0.132788498959734,3.4920468706473,4.7933412756985e-4,0.00226719532752868
6096,HGS,6401.06948927668,0.525551221472751,0.12540633904768,4.19078672947255,2.77988868108903e-5,2.3689253496017e-4,6401.06948927668,0.46891445401222,0.144577664635888,3.24333952407627,0.00118137339608842,0.00498600156400393
6106,HIBADH,2803.65895494024,0.267761314453066,0.124360014058757,2.15311421826115,0.0313097030936548,0.084909742565131,2803.65895494024,0.506193463746446,0.144315358149004,3.50755089575296,4.5225183382513e-4,0.00215713163941989
6130,HIPK2,6091.35697410274,1.22753299140991,0.126282403016885,9.72053874557474,2.46473930857053e-22,1.11911804297864e-19,6091.35697410274,0.864403251010232,0.145986925418675,5.92110045835414,3.1979442789343604e-9,4.77739101603841e-8
6135,HIVEP2,2296.86820181958,0.183156594742148,0.0755834028654472,2.42323827452174,0.0153828333089947,0.0480083208029042,2296.86820181958,0.57214184444848,0.0883201337893951,6.47804549088194,9.29183427725842e-11,1.8090102303660302e-9
6160,HLTF,1802.61974373642,0.612532520352466,0.0900382392808983,6.80302641682615,1.02443853806247e-11,5.48059142961034e-10,1802.61974373642,0.307797514503517,0.105043617831836,2.93018767685887,0.00338757338641479,0.0123759894540812
6169,HMG20A,953.931290132099,0.325309446704452,0.0928679451622469,3.50292499889078,4.601790167075e-4,0.00263144625915961,953.931290132099,0.353345066192353,0.108930756378696,3.2437584933676,0.00117963719185054,0.00498099603443232
6304,HPS4,2107.08653613814,0.224653004872699,0.0837505920293483,2.68240497683855,0.00730949140996444,0.0262708491754923,2107.08653613814,0.751898385914942,0.0972618214958177,7.73066321760459,1.06987719964561e-14,3.85880409896085e-13
6352,HSF2,1364.83532488572,0.18400412733066,0.0864287131106186,2.12896988406106,0.0332567521259664,0.0890534653934088,1364.83532488572,0.386830080618116,0.102835770039811,3.76162963984577,1.6880988633098e-4,9.0535302189241e-4
6364,HSP90B1,49735.1605220147,0.623704924383195,0.185772075837424,3.35736639412386,7.8688762794327e-4,0.00410917313937467,49735.1605220147,0.574024226185351,0.214485044506173,2.67629021644364,0.00744421529204258,0.0242768303454112
6377,HSPA5,66909.977713242,0.948493586019155,0.339797284651419,2.79135128166832,0.00524884722810705,0.020005722495764,66909.977713242,1.00077789728107,0.392341484674989,2.55078276545265,0.0107481296028266,0.0333000743649518
6591,IL1B,706.212836809403,0.625383680871697,0.265908792731531,2.35187289012704,0.0186791567870928,0.0560438001331479,706.212836809403,3.40813993546244,0.22819946144364,14.9349166466117,1.95318175690096e-50,1.30978921816477e-47
6640,IMPDH1,2890.17819545939,0.509346499790959,0.121895146691337,4.1785625893763,2.93357269002584e-5,2.4818631249575e-4,2890.17819545939,1.14330150399518,0.141459406169529,8.08218792198956,6.36149740819732e-16,2.70378572940894e-14
6677,INPP5F,1432.02330238525,0.522601656085506,0.104118770666649,5.01928377313145,5.18644870702385e-7,7.31223198280083e-6,1432.02330238525,0.286095928036891,0.121751037122875,2.34984386825514,0.0187812872438342,0.053258259488937
6680,INPPL1,8350.5794080457,0.291919154466667,0.0720033019345732,4.05424677234835,5.02961004240337e-5,3.9513901788322e-4,8350.5794080457,0.5726183325231,0.0833197393273924,6.87254109465084,6.306820325050739e-12,1.47959426772649e-10
6706,INTS8,1313.84713918883,0.21816991120745,0.100135596726129,2.17874480544761,0.0293506312667428,0.0806917714237244,1313.84713918883,0.367933457613456,0.11716445264746,3.14031644666616,0.00168765428366908,0.00676032488055585
6845,JADE3,658.369024167499,0.547333140925596,0.169026175102039,3.23815610567521,0.00120304962300061,0.00584942414170644,658.369024167499,0.409428155259738,0.198382862451832,2.0638282470551,0.0390340038403764,0.097335032851378
6895,KANSL3,3081.7628073626,0.399658332640929,0.10198661318147,3.91873325501843,8.90155597724627e-5,6.4443480476319e-4,3081.7628073626,0.361057110895479,0.117674624796867,3.06826651471162,0.00215304504308998,0.00834933252306429
6919,KCMF1,2699.52720115448,0.464007782177095,0.123928114570207,3.74416881743349,1.8099193531923e-4,0.0011870389594937,2699.52720115448,0.466491273449218,0.144019957208058,3.23907382346533,0.00119918530403435,0.00505058132469082
7004,KDELR3,1779.77246045484,1.0294773326813,0.19266223325100101,5.34343091175576,9.12036007124813e-8,1.64296374508303e-6,1779.77246045484,0.773383729275007,0.224029815460809,3.45214643722411,5.5614580841938e-4,0.00258260477231121
7022,KDM7A,934.912325227332,1.7486184501553,0.238408347123739,7.33455212978651,2.22464165187241e-13,1.6835023235622497e-11,934.912325227332,1.56372373989434,0.277323352890953,5.63862986507745,1.71408526187188e-8,2.27197860552359e-7
7026,KDSR,2422.3492542913,0.259726911842658,0.10483650876748,2.47744716889336,0.0132325997568769,0.0425654634867894,2422.3492542913,0.389435463669795,0.122172574344456,3.18758498590536,0.00143466290430719,0.00588091612981343
7035,KHNYN,2884.40558934631,0.770719335035583,0.165835418275731,4.6474953483949,3.35989667946853e-6,3.80172846006573e-5,2884.40558934631,0.766325204859654,0.191565647041025,4.00032686808163,6.32550511797109e-5,3.7861823079864e-4
7044,KIAA0753,1054.10455559924,0.220870703372091,0.103975153550974,2.12426426726851,0.0336480518955781,0.089843139771848,1054.10455559924,0.482186953919877,0.121401666742335,3.97183141598278,7.13221879748641e-5,4.2159958716059e-4
7120,KLC4,1386.81478470683,0.384051965798307,0.155504180314861,2.46972116775696,0.0135218403226477,0.0433776718176532,1386.81478470683,0.50164886026611,0.180165562734172,2.78437706214853,0.00536306475436345,0.0183145323354403
7137,KLF7,428.707342959835,0.904788689467119,0.162888187928506,5.55466115114648,2.78150799498954e-8,5.95585774791714e-7,428.707342959835,0.644124735493356,0.193867426431325,3.32250108927674,8.9214323025079e-4,0.00390078370609053
7170,KLHL36,1615.93586787574,0.784796069573064,0.128724922590674,6.09669094203769,1.08286586846677e-9,3.44261917393351e-8,1615.93586787574,1.04323929374009,0.149192773955317,6.99255913059532,2.6991668870886e-12,6.69467337775701e-11
7176,KLHL7,1518.69093061652,0.284748571677123,0.122565822877231,2.32322979597944,0.020166810919601,0.0596808051058159,1518.69093061652,0.413512888035285,0.142539667644073,2.90103726822095,0.0037192964119357602,0.0134200041519548
7199,KMT5B,1563.4866710733,0.559941817121742,0.154859000170709,3.61581707556222,2.9940175049153e-4,0.00182820903369105,1563.4866710733,1.03161721881697,0.180415387204777,5.71801127830664,1.07777990989771e-8,1.49077792579129e-7
7292,LACC1,517.283481817428,1.08883321154573,0.143773587717448,7.57324922353313,3.6400302097993404e-14,3.2228827477563397e-12,517.283481817428,0.576689025133625,0.166553054004242,3.46249445008038,5.3519295210211e-4,0.00249683163894895
7302,LAMA4,105.77870007243,1.760235975219,0.329791821548233,5.33741548518528,9.42808250234927e-8,1.69494908580305e-6,105.77870007243,0.953627867177126,0.384207422067196,2.48206518772128,0.013062337669911,0.0392151692673534
7308,LAMB3,28248.985665822798,0.487271202471936,0.167830606576737,2.90335125642976,0.00369192299527953,0.0149637382468322,28248.985665822798,1.15841895556634,0.193647025380166,5.98211593125244,2.2025740884336e-9,3.36538451014167e-8
7310,LAMC1,17079.8299618213,0.5538406301295,0.114117586340075,4.8532452174289,1.21457353752236e-6,1.52536653918056e-5,17079.8299618213,0.288043663200908,0.131954051142803,2.18290882853747,0.0290425247573541,0.076275595192436
7447,LIMA1,9192.40433783288,0.220151502685839,0.102094186407147,2.15635689389683,0.0310558078725593,0.0843410485958058,9192.40433783288,1.44660940858807,0.118493501637469,12.2083438213681,2.80541725677441e-34,7.361577514660499e-32
8013,LMAN1,8946.46230785701,0.880540064257906,0.130833312957416,6.73024357752454,1.69379299866352e-11,8.66869549720624e-10,8946.46230785701,0.321885559776675,0.151713577891156,2.12166613068479,0.0338657847306876,0.0863990275234365
8062,LOXL1,445.94681719359,0.598813528201317,0.219375547427072,2.72962750509093,0.00634059241518784,0.02345012750379,445.94681719359,0.723044438544102,0.252339752039963,2.86536081889148,0.00416534332058306,0.0147819886637548
8084,LPP,4034.18109555858,0.827809788165353,0.106475126569618,7.7746776626191,7.56397631237686e-15,7.74236373061095e-13,4034.18109555858,0.681496915115489,0.125061135006138,5.4493101720374,5.05655609868177e-8,6.10360031484881e-7
8091,LRCH1,1098.85348015379,0.714532915290396,0.130310848941075,5.48329568180084,4.17474380015783e-8,8.3627107707234e-7,1098.85348015379,0.489678393396435,0.150777913640349,3.24767985956131,0.00116350101660735,0.00492226871309159
8191,LRSAM1,1362.3339602224,0.599780051583816,0.101193307977435,5.92707228938063,3.0838324356056102e-9,8.6269359825757e-8,1362.3339602224,0.897560254957154,0.118306917146168,7.58670986116745,3.28130707076196e-14,1.0881198868720899e-12
8218,LTBP4,4168.76339187811,0.86644973603196,0.119408334570839,7.25619144715512,3.9814146279708996e-13,2.85436802559144e-11,4168.76339187811,1.10827908592321,0.137472047125041,8.0618504568797391,7.51480978448409e-16,3.14960986013586e-14
8263,LYSMD1,252.471746539009,0.354807905248569,0.13920008964692,2.54890572375734,0.0108061508265163,0.0361797863269455,252.471746539009,0.376015458244463,0.159776386978812,2.35338566201479,0.0186033281697649,0.0528446595296146
8273,LZTS2,3441.4172520023,0.409932994605306,0.0876069716132806,4.67922800042505,2.87957088476684e-6,3.32191799527369e-5,3441.4172520023,0.543385281580981,0.100894185428362,5.38569471842163,7.2165360454576e-8,8.4244101637044e-7
8306,MAGED1,5332.70186079635,1.13982801308649,0.198110542143829,5.75349499704547,8.741703684535881e-9,2.15296368352937e-7,5332.70186079635,0.859478080913221,0.229349915630302,3.747453224699,1.7863913585709e-4,9.5242644105672e-4
8346,MAN2A2,2097.91199002853,0.484024860054746,0.0935580523999306,5.17352432675378,2.29719198180377e-7,3.62878462210358e-6,2097.91199002853,0.787868289755445,0.107834188892978,7.30629402273687,2.74610931722098e-13,7.96811783615434e-12
8367,MAP2K1,2911.11069557341,0.438753205629148,0.091480915224944,4.79611736011046,1.6177052478505e-6,1.97697201717989e-5,2911.11069557341,0.322599824463355,0.10573344007596,3.05106713856652,0.00228029579353338,0.00878260702780588
8378,MAP3K10,813.212225772493,0.527701844585463,0.156608683997805,3.36955672645112,7.5289192432891e-4,0.0039691009812493,813.212225772493,0.889592390937224,0.180050584867743,4.94079145363887,7.78060937088425e-7,7.36412510555307e-6
8387,MAP3K20,3420.81006186666,1.04912065510894,0.113934405807701,9.20811099747736,3.3191436835409097e-20,9.96193158443092e-18,3420.81006186666,0.752813112297837,0.132592967226466,5.67762474922254,1.36577917956546e-8,1.84405651194722e-7
8389,MAP3K21,725.999388683476,1.1870778892137,0.157897282115937,7.51803877372681,5.56040140749693e-14,4.66652076416851e-12,725.999388683476,1.41790564847297,0.185351653517606,7.64981386226634,2.01270441358201e-14,6.98123105599922e-13
8391,MAP3K4,1169.42949078089,0.263196586574226,0.105108006368427,2.50405840304555,0.0122777765437463,0.0400690871796275,1169.42949078089,0.670700489911239,0.121522715808866,5.51913677576244,3.40668966829706e-8,4.25683389469887e-7
8427,MAPK8IP3,4491.45299270216,0.543610124999346,0.0920507919970187,5.90554533215697,3.5148211625870205e-9,9.69477463350327e-8,4491.45299270216,0.821211032970744,0.106598686559715,7.70376314637531,1.32116628899688e-14,4.69039937815245e-13
8429,MAPKAP1,4854.05280084297,0.367114668233839,0.0890232797859439,4.12380524640931,3.72664026428757e-5,3.0565699768413e-4,4854.05280084297,0.784100179749825,0.102586753065141,7.64328879043409,2.11742338175154e-14,7.30248909523684e-13
8456,MARK4,1006.05932780499,0.363751615900362,0.120355060388862,3.02232091218347,0.00250844462230634,0.0108898105839178,1006.05932780499,0.781159522718635,0.140357324782791,5.5655059251629,2.61392900710897e-8,3.32977636391563e-7
8485,MBD1,2489.05349404035,0.370469032893161,0.0784584450295674,4.7218503088297,2.33708669722849e-6,2.75283400013757e-5,2489.05349404035,0.514998975304127,0.0908824076772644,5.66665197881813,1.45614677529201e-8,1.95731206484314e-7
8501,MBOAT2,3166.55356952584,1.03528002828578,0.175456108462457,5.90050718301038,3.62385841214976e-9,9.93363541212816e-8,3166.55356952584,0.56014931971041,0.203082008653412,2.75824197044644,0.00581131637753376,0.0196122449825958
8514,MCEE,302.583239657998,2.03695582099307,0.245751845423792,8.28866948071295,1.14522293312243e-16,1.77891295611685e-14,302.583239657998,0.819938935768248,0.285693869819075,2.86999135223832,0.00410483025091769,0.0145872534883446
8619,MELTF,4552.34408789744,0.531175429865538,0.130543572083147,4.06895124278672,4.72252275560145e-5,3.7404514535161e-4,4552.34408789744,0.764121243166037,0.150605150084954,5.07367273121145,3.90209936345246e-7,3.97588132102815e-6
8649,METTL22,510.06537005924,0.721969739678603,0.142906625146606,5.05203827280887,4.37120080977812e-7,6.31363979931084e-6,510.06537005924,1.08342206851799,0.166794811627268,6.49553818819668,8.27370960128332e-11,1.6265340503891e-9
8657,METTL3,2182.7728400007,0.383441883328988,0.136543815779651,2.80819663006762,0.00498197973908843,0.019141006122755,2182.7728400007,0.44149407027204,0.157224013224329,2.8080575048171,0.00498413259318742,0.017198914566848
8659,METTL5,1774.21171847066,0.375757075915399,0.08218235143054,4.57223563666205,4.82547838492115e-6,5.22627347034762e-5,1774.21171847066,0.618599891321979,0.0967806694363559,6.39177115558988,1.6397518283057002e-10,3.08300587780924e-9
8664,METTL8,1182.01778370571,0.383305437577353,0.0771174495691943,4.97041123271886,6.68110443543914e-7,9.07277586984327e-6,1182.01778370571,0.243131707966409,0.0929756266454404,2.61500477854894,0.00892262071491972,0.0283277171075463
8668,MEX3C,1057.89487781011,0.762031726026598,0.143641153977984,5.30510724066861,1.12606775168189e-7,1.97821505424434e-6,1057.89487781011,0.652049564352002,0.16827097528707,3.87499723728115,1.0662590920179e-4,6.031142492995e-4
8714,MGRN1,1409.19191087338,0.367855190381269,0.138184656633998,2.66205524796857,0.00776651297631379,0.0276552205478714,1409.19191087338,0.505704748321639,0.159944076669204,3.16175977787246,0.0015681887279605,0.00634069341412523
8715,MGST1,4097.99532461042,0.262340192948043,0.101575781736267,2.58270414919559,0.00980293456576222,0.0333699279681887,4097.99532461042,0.319567707536637,0.116752317855503,2.73714229752719,0.00619754787565828,0.0207187595710245
8724,MIB1,3991.13657846266,1.01576415710349,0.153738510074469,6.60708989967102,3.91948049401797e-11,1.7980870618671e-9,3991.13657846266,0.526439004845319,0.178569368971629,2.94809242972102,0.00319741448828007,0.0118027291997551
8752,MIF4GD,737.439807698774,0.687595770572755,0.104462952665627,6.58219735348345,4.6354571226434795e-11,2.0993522948278904e-9,737.439807698774,0.955837365433311,0.120997581805371,7.89964023389173,2.79709583872134e-15,1.0821413943565899e-13
8766,MINK1,5665.32079870987,0.339871177414473,0.100454905610016,3.38332085775795,7.1614911317121e-4,0.00380713554369135,5665.32079870987,0.738670132663038,0.115843847439697,6.37642955572204,1.8126406674898003e-10,3.3743840412333402e-9
8768,MIOS,980.49875812873,0.444432808580344,0.110984376693239,4.00446280658724,6.21585693876186e-5,4.7159552130075e-4,980.49875812873,0.372623111189148,0.128956412062935,2.8895275948535,0.00385821142658062,0.0138111459252014
8898,MMP1,112234.039301901,1.67153561106973,0.554845552276994,3.01261423870125,0.00259007929625138,0.0111702689181733,112234.039301901,5.31194840361178,0.63545045103541,8.35934319498307,6.30683916154673e-17,3.0451101295724e-15
8935,MOCOS,1700.79914938071,0.402971626109138,0.0814695828343758,4.94628316593154,7.56439004615789e-7,1.01400619937444e-5,1700.79914938071,0.627623963066361,0.0942869013188493,6.65653398602983,2.8036032733745597e-11,5.95100127405859e-10
8940,MOGS,3824.47139884827,0.68004555932402,0.144819253998821,4.69582283119312,2.65535623977599e-6,3.09145616659785e-5,3824.47139884827,0.771365530900007,0.166845737529134,4.62322587513099,3.77817926086824e-6,3.05255304316289e-5
8945,MORC2,2007.13386155671,0.480071485487182,0.130100047433048,3.69001775909601,2.242383971423e-4,0.00142476266113953,2007.13386155671,0.376838276103376,0.149889422704858,2.51410852949507,0.0119333704354086,0.0363196512192819
8995,MRC2,3417.02844631064,0.696721271271846,0.141215739615379,4.9337366583177404,8.06711900679832e-7,1.07166199079058e-5,3417.02844631064,0.804885920092118,0.163061054144806,4.93610153763229,7.96996246803944e-7,7.51079468756104e-6
9012,MRPL10,1767.31958016498,0.399888107164108,0.100548126901473,3.97708161740254,6.97662243312665e-5,5.2281857827256e-4,1767.31958016498,0.589394988663779,0.115062358217772,5.12239621882478,3.01677142308417e-7,3.15185593689337e-6
9063,MRPS10,5457.31974693011,0.182178145461186,0.0573062509883743,3.17902745894414,0.00147770091884276,0.00696304626686204,5457.31974693011,0.268206310330447,0.0673019157262439,3.98512148482368,6.74456105018527e-5,4.003836799169e-4
9084,MRPS31,666.220545834376,0.428957927099545,0.113742804387015,3.77129726501199,1.6240107061012e-4,0.00108234782023487,666.220545834376,0.316381867596704,0.130037451587641,2.43300575129676,0.0149740630423523,0.0440130495851998
9165,MTA1,2460.80971909097,0.387038831880749,0.163319138208084,2.36983146082748,0.0177961954934397,0.0539153173306808,2460.80971909097,0.604628122755681,0.188699442971496,3.20418604970134,0.00135444919971116,0.00561439038689794
9206,MTHFD1L,1923.30077841786,0.565614521535974,0.134035512801066,4.21988553418267,2.44426391094073e-5,2.1246847374207e-4,1923.30077841786,0.751021789371313,0.15407013526784,4.87454488221041,1.09059589299557e-6,9.96283009009979e-6
9220,MTMR11,1333.18630133018,0.567466556036902,0.167773237080098,3.38234253515645,7.1870467832546e-4,0.0038149947373463,1333.18630133018,0.596669701583407,0.193499339191051,3.08357487977923,0.00204529631861756,0.00797590677253704
9250,MTSS1,28.4557426056521,2.2533395667075,0.614810153452042,3.66509816738619,2.4724372834609e-4,0.00154761114936465,28.4557426056521,2.00317438796048,0.603046641674892,3.3217569745466,8.9452568998726e-4,0.00390931260992261
9251,MTSS2,832.548897330895,0.545830337820409,0.190043482358274,2.87213395085762,0.00407710109727884,0.016267982476479,832.548897330895,0.498209290524886,0.220884446035338,2.25552002174558,0.0241007069924149,0.0653538117125451
9258,MTX2,1883.08250091527,0.233025070979184,0.100963484982198,2.30801334779868,0.0209983941054369,0.0616138463660443,1883.08250091527,0.560843496430273,0.117496028310431,4.77329748498811,1.81233781278474e-6,1.57306751861364e-5
9295,MYC,6036.73646406899,0.82934074830178,0.12637886465886,6.56233738560998,5.29707941955119e-11,2.3568010643571e-9,6036.73646406899,0.759975934578283,0.145894741906402,5.20907007783627,1.89789427032947e-7,2.06668200042635e-6
9336,MYO10,6220.67912654076,0.960796796453984,0.148230056383427,6.48179471758877,9.063790867153729e-11,3.8214668732275805e-9,6220.67912654076,0.539024192354007,0.171263462726166,3.14733909833329,0.00164763759728374,0.00661906508462822
9344,MYO1C,14987.1272538188,0.164285744246406,0.0765051071960874,2.14738270773651,0.0317628261665383,0.0858756240802233,14987.1272538188,0.572702908147358,0.08847112091848,6.47333166124417,9.58652074384172e-11,1.8603809709324601e-9
9353,MYO6,4300.98592862885,0.380132039837474,0.0952896253662493,3.98922798128781,6.62886880264855e-5,4.9985894611292e-4,4300.98592862885,0.281015061749434,0.111361585180392,2.52344703332144,0.0116210565769604,0.0355363706101071
9369,MYSM1,1073.01819816229,0.564373718455802,0.111799283005032,5.04809783467394,4.4623063298543e-7,6.42361489600989e-6,1073.01819816229,1.11117126643943,0.132811744620882,8.36651359118372,5.93480779622132e-17,2.88859220318234e-15
9415,NAE1,2161.45603875348,0.46655285572061,0.0850794682786945,5.48373027194204,4.16449582192926e-8,8.35162989974218e-7,2161.45603875348,0.549588642416327,0.101458229031748,5.41689567875615,6.06426989936731e-8,7.19427509488176e-7
9421,NAGS,595.863799400091,0.963686676785794,0.19291210033419,4.99547034694224,5.86925422843185e-7,8.10076023983408e-6,595.863799400091,1.11203793939705,0.21472449582906,5.17890581185636,2.23191114182561e-7,2.39827793079492e-6
9428,NAMPT,14458.4698328823,1.3258269761336,0.132834123124311,9.98107221961966,1.84462540331427e-23,9.60724312996738e-21,14458.4698328823,1.4079603924982,0.15342232719636,9.17702408917446,4.4316917593667596e-20,3.28356573847467e-18
9451,NARS1,6720.5675813559,0.276863060461392,0.0878207544863547,3.15259259705416,0.00161827487138213,0.00752334245797711,6720.5675813559,0.444068375527893,0.101537953695473,4.37342254168052,1.2231365561157e-5,8.73706904360636e-5
9470,NBAS,2420.6784510613,0.672508769066701,0.158620592423116,4.2397317951808,2.23787005655209e-5,1.9608215220892e-4,2420.6784510613,0.650188099667605,0.183743668584309,3.53856056471015,4.0231497831128e-4,0.00194507743586224
9492,NBR1,9691.55857201421,0.371155039603809,0.082598174605776,4.49350171932074,7.00614555194815e-6,7.13836740125994e-5,9691.55857201421,0.600230264542564,0.0955544132123003,6.28155460710106,3.35204017598233e-10,5.93855571686263e-9
9514,NCKAP1,10303.0491458576,0.254537619919758,0.0781284700976272,3.25793682637961,0.00112225386618143,0.00552024207287244,10303.0491458576,0.367957564674266,0.0911526002592342,4.0367204405339,5.4203594244723e-5,3.3066384009264e-4
9542,NDRG1,12519.7669728927,0.445678635652902,0.125882396427889,3.54043653679731,3.9946569471505e-4,0.00233329117703321,12519.7669728927,0.30468768414791503,0.145755091761306,2.09040850968611,0.0365811191261412,0.0921231770852951
9610,NECTIN2,5099.33511495951,0.487166562876593,0.108905393736371,4.47330059754328,7.70213821805794e-6,7.76263309990723e-5,5099.33511495951,0.333202904493685,0.126033630828363,2.6437618459747,0.00819903216101763,0.0263586072988965
9628,NEK3,216.809432690918,1.10999126992938,0.202509440308328,5.48118284381893,4.22491560373476e-8,8.43458912186417e-7,216.809432690918,1.73214417549343,0.233148012300837,7.42937569314722,1.09111431959455e-13,3.3541113532392e-12
9643,NENF,1613.24967343893,0.27806107871617203,0.0979333185213686,2.83928986492478,0.00452140639540821,0.0177252743966988,1613.24967343893,0.475368225186404,0.112489453935295,4.22589148187918,2.37996671657624e-5,1.5877552457748e-4
9689,NFS1,1000.39147658743,0.606905226198013,0.11760339819782,5.1606096039601,2.46147001801234e-7,3.85050451227584e-6,1000.39147658743,0.42957702292947,0.135413858092889,3.17232688721412,0.00151222686222456,0.00614874906073161
9744,NIT1,999.495665881776,0.43341074734018,0.137137550887434,3.16040898014821,0.00157547821157822,0.00734172846595449,999.495665881776,0.766804628866347,0.158220646508156,4.8464258349925204,1.25705549445716e-6,1.13235058620106e-5
9768,NLN,2109.58302349511,0.39049045316198,0.134167614689492,2.91046728426754,0.0036088874664734,0.0146978333156189,2109.58302349511,0.402907442066744,0.154918906338843,2.60076353227987,0.00930165455331278,0.0293494210197472
9790,NME7,1397.15136433594,0.539026843715433,0.107925415321742,4.99443844722314,5.90072068593615e-7,8.13151454525738e-6,1397.15136433594,0.55582050701383,0.12658057141917,4.3910412220627,1.12809149181632e-5,8.12017835403441e-5
9818,NOL3,780.804369918212,0.32837568622804,0.106014259569521,3.09746714792363,0.00195182028691041,0.00880133273252087,780.804369918212,0.47395714216219,0.117767530431802,4.02451457056454,5.70929593976053e-5,3.4584313243661e-4
9824,NOM1,2484.37478863104,0.392599938175136,0.12777092667399,3.07268600451542,0.0021214157775994,0.00943933145243914,2484.37478863104,0.43403066626403,0.147910861335415,2.93440699584453,0.00334185687807667,0.0122287107183622
9846,NOTCH2,11546.5645663581,0.17929345967556,0.0716096764349046,2.50376022629488,0.0122881278650376,0.0400827000443992,11546.5645663581,0.361221959746832,0.0829380391038902,4.35532312615152,1.32870768881034e-5,9.41588313643833e-5
9850,NOTCH3,50.3521276071732,0.836207754501418,0.287442492308609,2.90913061525933,0.00362435402567893,0.0147438688460194,50.3521276071732,1.52170393146954,0.335203767173847,4.53963851390829,5.63507523858461e-6,4.37749753715256e-5
9862,NPC1,7399.4135092094,0.901768024451204,0.123975659378076,7.27375058116184,3.49641296745769e-13,2.5271216664384002e-11,7399.4135092094,0.9507871343715,0.143416318965403,6.62956029851012,3.3668827953817796e-11,7.03123182158968e-10
9865,NPDC1,929.678889812048,0.309720806695663,0.144196888037373,2.14790215594244,0.0317215290869146,0.0857988142769336,929.678889812048,1.0078697250736,0.164512875614502,6.12638810979945,8.98963715854057e-10,1.46768593681276e-8
9927,NR4A1,123.714243434694,1.23074513177337,0.400359640711168,3.07409890164545,0.00211139424195299,0.00940592936767385,123.714243434694,3.13286508050265,0.464466470412318,6.74508340229926,1.52939146967462e-11,3.35650447877923e-10
9949,NRIP1,802.545296806137,0.400521027204369,0.134521475987087,2.97737609749998,0.00290727128903129,0.0122401236296163,802.545296806137,1.0202601130221,0.152495743740889,6.69041697816606,2.22535581812262e-11,4.77396829892513e-10
9971,NSMAF,1907.03123472768,0.546525172324456,0.095100431149156,5.74682118388384,9.0936808636754e-9,2.22418371179508e-7,1907.03123472768,0.498515289706343,0.109706047829249,4.5441003442422,5.51703735711767e-6,4.29271501452396e-5
9976,NSMF,3931.90721130352,0.316677548761788,0.103503528636223,3.05958215081531,0.00221645990700063,0.00978291925054016,3931.90721130352,0.908148456454203,0.119649889445532,7.59004843767627,3.19785923700921e-14,1.0663064336148899e-12
10028,NUDCD1,4443.60478023494,0.352990862397233,0.101960714123448,3.46202814909528,5.3612107920615e-4,0.00298354244832892,4443.60478023494,0.491662569017333,0.118660777790834,4.14342951538711,3.42150263589137e-5,2.1983579391571e-4
10061,NUMB,5218.58716151338,0.412187250754532,0.0927491984179684,4.44410580129261,8.82581672567961e-6,8.71777747702161e-5,5218.58716151338,0.355703829624168,0.107341289313165,3.31376520535741,9.2048767605132e-4,0.0040015245768512
10069,NUP160,1625.95045749876,0.431191912273946,0.11765613180258,3.66484862002315,2.4748492140794e-4,0.00154857349409604,1625.95045749876,0.420426852484472,0.136681523501917,3.07595965945298,0.00209826231501097,0.00816662456482989
10167,OLFM2,57.892293647572,1.62615696518503,0.496575343100118,3.27474367743057,0.00105757884824974,0.00525465944018137,57.892293647572,2.84301770695351,0.581159469426679,4.89197519186632,9.98290301005593e-7,9.193816983727e-6
10209,ORC2,1360.95022170442,0.177726266774717,0.084091794722214,2.11347929202619,0.0345597655939221,0.0917792935118735,1360.95022170442,0.220935776105861,0.100783656712791,2.19217860625432,0.0283666126006266,0.0747715661299964
10226,OSBPL5,537.531882636744,0.618675660867456,0.184289279182302,3.35708980800479,7.8767523234191e-4,0.00411207341223778,537.531882636744,0.48872210223505,0.216304172529716,2.25942059517095,0.0238572344921869,0.0648592242362306
10272,OXR1,2363.68819889335,0.64351750412067,0.100816816657674,6.3830373290376,1.73609564198265e-10,6.801500360227591e-9,2363.68819889335,0.4135766044382,0.117450128468412,3.52129546243477,4.2944382524131e-4,0.00206356419846584
10275,OXSR1,7092.8615347737,0.514147826066313,0.125932635600018,4.08272108033479,4.45114337805936e-5,3.55529305091e-4,7092.8615347737,0.447509838694914,0.145674256107358,3.07198986734562,0.00212636943090278,0.00826003967301562
10292,P3H3,203.551588735598,1.40152824942806,0.364129105479231,3.84898715411255,1.1860722646459e-4,8.2171234985723e-4,203.551588735598,4.53542424161648,0.331576645591452,13.6783585391739,1.3674480570555099e-42,5.382394461097179e-40
10293,P3H4,490.902478029693,0.447919383988532,0.147565562086803,3.03539238867299,0.00240222930779393,0.0104956024136232,490.902478029693,0.383089710819229,0.167523886024959,2.28677664964238,0.022208863089856,0.0612138339328563
10315,PACC1,1083.55012958893,0.875908533477093,0.158507533164553,5.52597416658913,3.27662346383423e-8,6.85844542524544e-7,1083.55012958893,0.791430200068356,0.181454648639874,4.36158679868862,1.29122551774739e-5,9.17900636997813e-5
10354,PAM,7485.52262149976,0.348102223159725,0.131079973285965,2.65564765107406,0.00791562727175323,0.0280957962974957,7485.52262149976,0.483370643883889,0.151620023063322,3.18803964092538,0.00143240897739988,0.00587566763588633
10356,PAN2,994.294223350431,1.17922279619364,0.179184501336143,6.58105353644101,4.67126332685951e-11,2.10480231531878e-9,994.294223350431,1.03763360099832,0.207485571407135,5.0009916061211,5.70361961160357e-7,5.56410219222491e-6
10428,PAXBP1,1424.598590622,0.285686731224113,0.102081133652632,2.79862420215928,0.00513208278134118,0.0196155669958968,1424.598590622,0.359038360837822,0.1207911755889,2.97238899354513,0.00295492041812973,0.0110085985783245
10458,PCCA,256.340154844259,0.682330800378929,0.154866556379333,4.40592737600244,1.0533225221869e-5,1.0148114919959e-4,256.340154844259,0.572635837400105,0.184491527280149,3.10385981319652,0.00191013814163739,0.0075201046298079
10502,PCID2,2012.94318160448,0.823060676517213,0.103745819891239,7.93343459408831,2.1316684928379e-15,2.45114192669957e-13,2012.94318160448,0.437206329782707,0.121079332917418,3.61090798279259,3.0512691223768e-4,0.00151775491015811
10552,PDCD7,937.974413747752,0.680751632251885,0.142415542480833,4.78003749024446,1.75262509291473e-6,2.12135920337211e-5,937.974413747752,0.636315313334619,0.164641804342628,3.86484657329445,1.1115905108753e-4,6.2543374114073e-4
10563,PDE4A,2035.3734350531,0.290958878711843,0.0889990125626685,3.26923715593996,0.00107837875827039,0.00534600533355319,2035.3734350531,0.703964689931865,0.101962545981148,6.9041497851772,5.05049889246744e-12,1.19848404910898e-10
10582,PDGFA,497.609630782736,1.24979937801265,0.233286677227907,5.35735427699401,8.44494294942154e-8,1.53850874226704e-6,497.609630782736,1.0500177213688,0.269489103315471,3.89632719264208,9.76624324389234e-5,5.581679298419e-4
10610,PDLIM4,1619.89610468834,0.630880470647823,0.17436507184864,3.61815852199727,2.9670665081024e-4,0.00181488130312533,1619.89610468834,1.06024538142884,0.200265293641984,5.29420431342563,1.19535730053655e-7,1.34512984981447e-6
10678,PEX6,3195.71843425108,0.371871142335582,0.127357366138069,2.91990289695873,0.00350140467016192,0.0143425569972767,3195.71843425108,1.05931812018554,0.146682598377494,7.22183907227592,5.12891484685435e-13,1.4308803115122499e-11
10723,PGM2,2657.17824037691,0.264844396025183,0.0989218970011059,2.67730809915849,0.00742163534920799,0.0265931650122132,2657.17824037691,0.630904526274894,0.114753158124512,5.49792734758845,3.84281183012369e-8,4.75584080630346e-7
10725,PGM3,3573.76648850412,1.05096481854196,0.185139799822883,5.67660124698948,1.3739724657891e-8,3.21829423600441e-7,3573.76648850412,0.473849771778739,0.213991545497559,2.21433875192114,0.0268054847505879,0.0712582743935023
10760,PHF2,1728.34979027519,0.493039841049604,0.11273256003031,4.37353539134606,1.22250415015795e-5,1.1521076897816e-4,1728.34979027519,0.481271402210868,0.130668411654497,3.68315032008965,2.3036922005928e-4,0.00119003283834335
10773,PHKA1,1110.21617567857,0.848024387838507,0.103349273093431,8.20542189079418,2.2978254173317197e-16,3.2814429427508203e-14,1110.21617567857,0.359336153922042,0.120727665241286,2.9764193087299,0.0029163581691318,0.0108895815653331
10779,PHLDA1,16437.9247239387,1.03801568344944,0.128286029344275,8.0914164134254,5.89748579464743e-16,7.56758539504468e-14,16437.9247239387,0.347835768040209,0.14815358580187,2.34780526004534,0.0188843918036182,0.0534919896740163
10887,PITPNA,2941.50401915295,0.68262579034263,0.118416971148479,5.76459424457585,8.18545279402032e-9,2.03293124931994e-7,2941.50401915295,0.403373422503212,0.136752240724479,2.94966590943037,0.00318117720420368,0.0117499784698719
10968,PLBD2,4090.61685937253,0.213228654841122,0.0750626188210756,2.84067699995104,0.00450178830672881,0.0176679227250784,4090.61685937253,0.193922285274086,0.0869354646914898,2.23064644517934,0.0257045576987144,0.0689352319570538
10988,PLD3,5913.08770668183,0.278167260730502,0.0733688217899075,3.79135515528704,1.4982751949798e-4,0.00100765124013301,5913.08770668183,0.741752812731251,0.0844660994340588,8.78166291211688,1.6107522205370599e-18,9.56205891968655e-17
11041,PLOD3,3662.11579526143,0.327155404667045,0.101873587903659,3.21138590874441,0.00132096411872933,0.00634263357225028,3662.11579526143,0.412257756838616,0.117623692903596,3.50488703986281,4.5680105567507e-4,0.00217539187639477
11069,PLXNB2,9186.20769159996,0.217819907225842,0.0875012607596848,2.48933450026585,0.0127982489259675,0.0415137960749978,9186.20769159996,0.418524365618872,0.101242828661081,4.13386677509692,3.56710300294253e-5,2.285419921135e-4
11094,PNISR,4687.01012744267,0.458293489028703,0.0952821789664346,4.80985525310192,1.51039631088239e-6,1.85995117337311e-5,4687.01012744267,0.338978322653484,0.110777532324038,3.05999163857459,0.00221343170877912,0.00855419306705543
11124,POFUT2,2604.41019540884,1.09434245245435,0.164466422328357,6.65389589535486,2.8543460713964796e-11,1.3514641773339202e-9,2604.41019540884,0.91890106330036,0.190336567771743,4.82776943000429,1.38070818643841e-6,1.23330549697355e-5
11136,POLD4,328.466891708998,0.74531315386309,0.183425064664557,4.06331138672949,4.83814187186211e-5,3.8196083935325e-4,328.466891708998,1.53499603714603,0.216343381569295,7.09518371216903,1.2917976802463899e-12,3.36382202696274e-11
11143,POLG,3381.09611719202,0.777799172008053,0.156930643566686,4.95632436298228,7.18392476149113e-7,9.68135005148288e-6,3381.09611719202,0.575572046630997,0.181310914000641,3.17450303421317,0.00150093321538419,0.00611381255292376
11198,POMT1,1759.9815164616,0.24970882797709,0.0666163484093185,3.74846166053377,1.7792252875596e-4,0.0011690731499854,1759.9815164616,0.322157949552755,0.0789308413345348,4.081521799411,4.47417802504397e-5,2.791888220575e-4
11232,PPARD,3844.82860119592,0.687363040164066,0.09966516717137,6.89672289398938,5.32158416134991e-12,3.05956533536312e-10,3844.82860119592,1.1246941092831,0.1150602026899,9.77483163587221,1.4439720890753e-22,1.42089992634769e-20
11315,PPP1R15A,8231.03909069117,0.412249720950986,0.135130641320978,3.05074938534305,0.0022827102232706,0.0100386687558434,8231.03909069117,1.06864245855347,0.155338662189481,6.87943647441705,6.00897862109668e-12,1.41642292963253e-10
11316,PPP1R15B,3448.8802110328,0.979455092377953,0.175156441437336,5.59188736846062,2.24614514429081e-8,5.01572991363199e-7,3448.8802110328,0.657803477556652,0.202546474505508,3.24766688318124,0.00116355407555683,0.00492226871309159
11324,PPP1R26,1734.06229880951,0.463408560923544,0.109639107604511,4.22667213413617,2.37172853120033e-5,2.0696293034357e-4,1734.06229880951,1.00978855428641,0.126008958053538,8.01362514129652,1.11375827936633e-15,4.5418259923889105e-14
11353,PPP2R5A,1431.25020993512,0.780742492143234,0.141926727562985,5.50102511027565,3.7758942426153e-8,7.69430785365153e-7,1431.25020993512,0.35580717938091,0.165199441111615,2.15380377189359,0.0312555637924767,0.0811345144124134
11357,PPP2R5D,3862.75619437062,0.614538934218747,0.0902495847028231,6.80932700402247,9.80563666006481e-12,5.27775726372121e-10,3862.75619437062,0.404107060544318,0.104635234801115,3.86205527528486,1.1243711792004e-4,6.3164333138702e-4
11433,PRELID3B,5820.19819052547,0.349225281527435,0.0916579907426081,3.81009095549695,1.389156750726e-4,9.4285886323711e-4,5820.19819052547,0.218333183615038,0.106048447335368,2.05880603724995,0.0395128231000115,0.0982988698885419
11451,PRKAB2,993.487005228206,0.715637964352192,0.191402490910625,3.73891667212606,1.8481496965022e-4,0.0012067490717427,993.487005228206,0.482424211216608,0.221604134366215,2.17696394788091,0.0294832574614842,0.0772761811808964
11488,PRMT3,1435.91677189831,0.188199500561622,0.0885893984351556,2.12440206035914,0.0336365378669635,0.089825940664785,1435.91677189831,0.637485162194017,0.101691481607915,6.26881575638683,3.63804279282476e-10,6.37044514573356e-9
11552,PRRC2A,159.772531406671,0.693157126903476,0.256212738667819,2.70539681402086,0.00682228397917766,0.0248578198977938,159.772531406671,0.683300840960498,0.298136495497438,2.29190606074717,0.0219110644616931,0.0605035432581081
11658,PSME4,4309.57616603762,0.583461354981437,0.142422808812233,4.09668479260691,4.19108950881573e-5,3.3780524816617e-4,4309.57616603762,0.38825462067902,0.165082765143415,2.35187858854755,0.0186788706436558,0.0530254785726671
11674,PSTPIP2,147.589744251997,1.10935006222022,0.191929182507422,5.77999680781907,7.47020427960304e-9,1.873688064918e-7,147.589744251997,2.06814336309733,0.243545013046123,8.49183211444225,2.03404705636391e-17,1.0737159184409602e-15
11707,PTGR1,2994.33435079054,0.994710052992357,0.163253422995434,6.09304255151928,1.10784598870537e-9,3.50316727999905e-8,2994.33435079054,0.395557040338719,0.189106581770082,2.09171482365241,0.0364640336627853,0.0919139347763318
11709,PTGR3,816.278252658246,0.42019437229975,0.106521531164382,3.94468956375883,7.99034238449001e-5,5.8589226892152e-4,816.278252658246,0.34404075052819,0.125661604420554,2.73783509381898,0.00618450786201844,0.0206904470343137
11714,PTK2,7590.44297921252,0.307384824194224,0.107693735638472,2.85424980730649,0.00431385955699549,0.0170551071746542,7590.44297921252,0.267692541916274,0.124574045519999,2.14886287748678,0.0316452712889857,0.0818761477505538
11733,PTPDC1,1228.66381779476,0.437259344570624,0.0860746725904178,5.08000009075028,3.77434688014598e-7,5.57432314875938e-6,1228.66381779476,0.340067891517797,0.0992467934706275,3.42648744232167,6.1144203366351e-4,0.00280073454786773
11744,PTPN2,1697.34682907534,0.187203007382034,0.0882405467318509,2.12150779109421,0.0338790929929987,0.0903149211595091,1697.34682907534,0.218882629175313,0.101874398456613,2.14855383188871,0.0316697847819106,0.0819161604658962
11758,PTPRF,14634.1384724286,0.481934261691726,0.0930547281235897,5.17904110204535,2.23029330813777e-7,3.55162175364241e-6,14634.1384724286,1.13681021296837,0.107538286746284,10.5712137264234,4.05215968049261e-26,5.5164212913533204e-24
11795,PVR,6408.7033200838,0.539763400170452,0.124565955454461,4.33315345433833,1.46988577882926e-5,1.3599131333076e-4,6408.7033200838,0.746024084757884,0.143834154592716,5.18669635087953,2.14057320457971e-7,2.31077662227623e-6
11815,PYCR1,2920.5488972471,1.4748052438902,0.157639212439413,9.35557353445307,8.31473696094685e-21,2.72661781674902e-18,2920.5488972471,1.02449153077892,0.181849720465705,5.63372617871103,1.76356959472377e-8,2.33122503013302e-7
11819,PYGL,7068.11995462968,0.612323234746836,0.0875521754579533,6.99380948039267,2.67520791506288e-12,1.64235415359116e-10,7068.11995462968,1.64889769203334,0.100427953618869,16.4187124462479,1.40516899565907e-60,1.27209949177015e-57
11839,QSOX1,21487.2697808691,0.299153859570499,0.0623983575569676,4.79425855556185,1.63277579262311e-6,1.99263912720675e-5,21487.2697808691,0.477083707016803,0.0719822143994405,6.62779981134494,3.40727113618122e-11,7.091040366861751e-10
11840,QSOX2,3956.21379762628,0.196942367295809,0.0717574169858933,2.74455764390913,0.00605925119270775,0.0225772952121418,3956.21379762628,0.390595616291298,0.082386546126423807,4.74101215132773,2.12653176951579e-6,1.81795028679958e-5
11858,RAB12,1313.78127189298,0.610135256013584,0.135120531629279,4.51548886506436,6.31708660949336e-6,6.56087798715006e-5,1313.78127189298,0.55384496048901,0.158358980332042,3.4974016587359,4.6981389183656e-4,0.00223090750736766
11924,RABAC1,623.908501153643,0.376792509477214,0.1351077668982,2.78882937767092,0.0052898925911665,0.0201318327969861,623.908501153643,0.87696882171864,0.155665066510266,5.63369059853133,1.76393366358237e-8,2.33122503013302e-7
11927,RABEPK,1179.11676742371,0.372934101729627,0.102433229500229,3.64075313791404,2.718416884945e-4,0.00168549461479715,1179.11676742371,0.686148833002936,0.115988493301403,5.91566295477205,3.30541467735779e-9,4.90556050395412e-8
12040,RARS2,846.883454908203,0.42011599388553,0.143543727554577,2.92674574530465,0.00342528778093625,0.0140688210285085,846.883454908203,0.398237653384735,0.168213775250908,2.36744970969662,0.0179111540736514,0.0511997719699293
12048,RASD1,299.467884117096,1.8975412134151,0.295728885062713,6.41648925505772,1.39452787757229e-10,5.62512520638955e-9,299.467884117096,1.23235031306788,0.343685725080968,3.58568955046811,3.3618870879765e-4,0.00165453459132655
12097,RBL2,1607.6592822938,0.454854188758376,0.133002810076076,3.41988404980469,6.2647832360133e-4,0.00338994027487606,1607.6592822938,0.417819555150334,0.155301398852231,2.69037856863021,0.0071371004239178,0.0233552033752857
12186,RCN3,561.416560759109,1.00431394596046,0.177094296396325,5.67106883957951,1.41909357448179e-8,3.31910933726645e-7,561.416560759109,0.515431946462644,0.196183044739728,2.62730118775788,0.00860651183373845,0.0274693421338881
12213,RELA,5237.00207214052,0.380041697356242,0.109197808869949,3.48030515711959,5.0084297063752e-4,0.00281821649953904,5237.00207214052,0.65480874445865,0.12620749721692,5.18835060434794,2.12164870857326e-7,2.29203887335486e-6
12226,REPS1,1366.39209441453,0.203077690122373,0.0971478477919615,2.09039824080567,0.0365820407975739,0.0959695968064354,1366.39209441453,0.328960128460753,0.112706046162355,2.91874428801168,0.00351444385875644,0.0127699218355697
12259,RFTN1,3041.47723295869,0.517368640462825,0.128640104398581,4.0218300729903,5.77477133940385e-5,4.4287419176337e-4,3041.47723295869,0.722662135298455,0.147835263053393,4.88829336365746,1.01713883134613e-6,9.35313137651244e-6
12304,RHBDF1,1890.78686462838,0.275599286886614,0.106313110929487,2.59233583211958,0.00953266656597873,0.0326453906635153,1890.78686462838,0.340741991969795,0.123477134458575,2.75955539026627,0.00578800742018046,0.019544509949606
12319,RHOBTB1,404.394536188734,1.19895347637136,0.219881637967779,5.45272214384289,4.96045458101818e-8,9.67397904412665e-7,404.394536188734,1.54370040113656,0.258215986674486,5.97833008334448,2.254365871868e-9,3.43460715704033e-8
12330,RHOT1,1068.91099435469,0.46559726481567,0.113458680158055,4.10367249263841,4.06643009927123e-5,3.3016205501098e-4,1068.91099435469,0.500356332702571,0.133656673700779,3.74359408212367,1.8140663290871e-4,9.6377596697334e-4
12352,RIMKLB,1011.56022314599,0.964915232621851,0.15519625948992,6.21738717023989,5.05501396582667e-10,1.7314156152197e-8,1011.56022314599,0.56120891595371,0.180576611148569,3.10787156976811,0.00188439938050522,0.00743493902449934
12450,RND3,4824.79718976046,0.555852442882626,0.123784304748874,4.49049210245438,7.10588099424922e-6,7.2187002631513e-5,4824.79718976046,1.01669700876604,0.14374586667117,7.0728782142433,1.5175266392083998e-12,3.8699066661277795e-11
12502,RNF216,3018.66269411119,0.460079974964616,0.090363573145457,5.09143185633034,3.55369590844846e-7,5.29258596693065e-6,3018.66269411119,0.605379503445436,0.104886845087354,5.77173908645312,7.845753612334031e-9,1.11678628069906e-7
12504,RNF217,986.900140433482,0.726791876552509,0.128410705304749,5.65990097809728,1.51460362736274e-8,3.51054987347374e-7,986.900140433482,0.47457614689566,0.154415097076282,3.07337919595527,0.00211649360339493,0.0082287380680843
12608,RPAP1,1291.20808263539,0.31971389661184,0.098916237516308,3.23216799020615,0.00122854808358365,0.00596028707408257,1291.20808263539,0.62690047359241,0.113991389043036,5.49954236767597,3.80778208903466e-8,4.71893925421366e-7
12855,RPRD1B,2353.20231337996,0.451625853531458,0.114278282952885,3.95198319279664,7.75061854200786e-5,5.7091494651362e-4,2353.20231337996,0.303906016630893,0.132603974336388,2.29183188627475,0.0219153459342507,0.0605061380734283
13035,RSPH3,312.277721656279,0.716160573126782,0.174595055294766,4.1018376603948,4.09881815748662e-5,3.3233457844676e-4,312.277721656279,0.532731933795305,0.207442099460457,2.56809941270795,0.010225782538457,0.0319110683628581
13089,RUSC2,3597.45593027548,0.566206308816902,0.141591116203775,3.99888300903023,6.36421268102209e-5,4.8264444606226e-4,3597.45593027548,1.26022450950327,0.163538360060605,7.70598720102272,1.29835642200941e-14,4.62756720017762e-13
13090,RUSF1,1077.034291217,0.808477147264101,0.164994222969477,4.90003306002819,9.58205302019866e-7,1.24596425296452e-5,1077.034291217,0.903031190640934,0.191412356256126,4.7177267356377,2.38494537711402e-6,2.01784210271152e-5
13152,SAMD4B,3429.04849889868,0.261615698231853,0.125051087623122,2.09207055455853,0.0364322047298416,0.095659882859473,3429.04849889868,0.464394736731042,0.144402051726563,3.2159843380232,0.00129997926571148,0.00542212038354576
13176,SART1,3427.73002061782,0.246844674602178,0.0941503703704632,2.62181310207164,0.00874633810271504,0.0304490940290816,3427.73002061782,0.617814669096255,0.10779961827185,5.73113967378107,9.97580767109788e-9,1.39154062937518e-7
13186,SAV1,2176.79867397976,0.308697127822983,0.089715009916736,3.44086377641248,5.7986038739243e-4,0.00318195467615282,2176.79867397976,0.215598579023922,0.104689785596049,2.05940415100113,0.0394555384467443,0.0982373458631398
13218,SCAPER,563.007914743246,0.380862334927767,0.124066817362784,3.0698162733883,0.00214190488466132,0.00950597786906834,563.007914743246,0.583998967964622,0.144774669920607,4.03384769093159,5.48708913192629e-5,3.3439153734417e-4
13221,SCARB1,1796.26551489013,0.242029818092981,0.114768422546921,2.10885374846057,0.0349572075344572,0.0925986882603095,1796.26551489013,0.74256757271897,0.130971268475886,5.66969825794799,1.43049230775618e-8,1.92568726574226e-7
13273,SCYL1,5170.74556241828,0.51611345116691,0.135419787546498,3.81121149661895,1.3828738607828e-4,9.3895438369413e-4,5170.74556241828,0.540331796141559,0.1565188597022,3.45218331624457,5.56069796847e-4,0.00258260477231121
13295,SDHAF4,476.964424226346,0.67545599691981,0.16713308152887,4.04142609434946,5.31271251257056e-5,4.1389139099251e-4,476.964424226346,0.942387730892431,0.195931110349904,4.8097912026807,1.51088036178513e-6,1.34098038384714e-5
13329,SEC24C,4193.80776810475,0.547647810209721,0.124092780135024,4.41321251416748,1.01847933061948e-5,9.84455894465595e-5,4193.80776810475,0.386135419814613,0.143214829257869,2.69619718722945,0.00701361343085366,0.023017669889258
13353,SELENOM,778.42004416422,0.386817639229802,0.122753921635104,3.15116318955289,0.00162621601727172,0.00755034956314831,778.42004416422,1.50643151594132,0.139035615302463,10.8348606410248,2.35323442720394e-27,3.70501413382213e-25
13354,SELENON,2728.44734634847,0.434712097578193,0.146198655710112,2.97343430051886,0.00294487443315475,0.0123787636625278,2728.44734634847,0.790884843600193,0.170144104642202,4.6483235211902,3.346437581844e-6,2.73670274872934e-5
13375,SEMA4C,1303.75686784673,0.600757176697116,0.138784199941581,4.32871448587084,1.4998222104244e-5,1.3803976976193e-4,1303.75686784673,0.817590103430648,0.159741689594962,5.11820117530817,3.08463484125857e-7,3.21718884999007e-6
13443,SERPINE1,70696.739906188,1.71169620083448,0.332240529910039,5.15197890304941,2.57752037604139e-7,4.01078478198076e-6,70696.739906188,1.73045096646442,0.38362154804134,4.51082838099059,6.45749505975677e-6,4.9458293380692e-5
13457,SESTD1,629.382368794362,0.370104654344819,0.112024507377624,3.3037829222246,9.5389663718296e-4,0.00483313894711088,629.382368794362,0.552153444020837,0.133123577221545,4.14767583282365,3.3586750082424e-5,2.1625949395176e-4
13480,SEZ6L2,736.908353917581,0.547565008336738,0.165407481131994,3.31040050056614,9.3162567339776e-4,0.00474740357540365,736.908353917581,1.82986856856474,0.19002748696479,9.62949412104676,6.00242486783683e-22,5.3536898845839194e-20
13489,SF3B2,12446.0599790251,0.326173256576935,0.0993984136917818,3.28147346081744,0.00103266241939709,0.00515690527994465,12446.0599790251,0.37005431560698,0.114747360107461,3.22494840195387,0.00125995374893446,0.00527441183065678
13554,SH3D21,1494.94099302753,0.641509465603922,0.160773200639097,3.99015173582306,6.60310390106853e-5,4.9820095389911e-4,1494.94099302753,0.423720695190342,0.1861330171572,2.27644026654597,0.0228196719514708,0.0625640491146774
13563,SH3PXD2B,544.162537841869,0.939464739525416,0.192529877224547,4.87957896752679,1.06312550566548e-6,1.36815599232008e-5,544.162537841869,0.635236320186967,0.216304909483939,2.93676330187103,0.00331657138701847,0.0121681543127369
13628,SIKE1,2264.6788382653,0.399288654765725,0.0914205181572798,4.36760437168808,1.25616772026405e-5,1.1813180026784e-4,2264.6788382653,0.444487225072069,0.107446679352334,4.13681677043298,3.5215708947717e-5,2.2578457018674e-4
13639,SIPA1L3,4278.32937024979,0.519159328944466,0.181854442620259,2.85480696244828,0.00430629944259842,0.017036628804632,4278.32937024979,0.831981008261833,0.209867022693288,3.96432463559432,7.36040313248905e-5,4.3324921689482e-4
13654,SIX4,1298.34608645745,1.3273274557782,0.169011467560874,7.85347571341649,4.046631964836881e-15,4.3471792495327697e-13,1298.34608645745,0.722640237436651,0.196933247493993,3.66946793714298,2.4305581894946e-4,0.00124702993989771
13686,SLC12A4,2025.01263163059,0.209802048744168,0.101079765942936,2.07560877082571,0.0379301495870354,0.0989346131812084,2025.01263163059,1.08862228226637,0.118428125522086,9.19226136078073,3.84668097758274e-20,2.9141425012599598e-18
13689,SLC12A7,116.067444698395,0.523746553379158,0.163610097004745,3.2011872309077,0.00136862569047687,0.00653956387667684,116.067444698395,1.24355558606098,0.214889855488534,5.78694412183332,7.16784089865699e-9,1.02270234287694e-7
13717,SLC19A2,1194.23198285951,0.609260649510937,0.113176631244538,5.38327252553153,7.31436666188761e-8,1.35768139254409e-6,1194.23198285951,0.501007352895759,0.133745868184412,3.74596508809496,1.797015832564e-4,9.5640119530876e-4
13776,SLC25A37,10463.3993709905,0.68282690118113,0.0959393428523086,7.11727723872667,1.10079926597996e-12,7.3281779706666e-11,10463.3993709905,0.637464800943065,0.110613513110369,5.76299208856162,8.263567030701291e-9,1.17165344289646e-7
13891,SLC41A1,3338.17469829887,0.27140881499718,0.122920404123943,2.20800457769008,0.0272439540591865,0.0760460180454091,3338.17469829887,0.581209546796361,0.142283776203318,4.08486169193202,4.41030784363611e-5,2.757497713715e-4
14011,SMAD4,1382.80729905819,0.314037027100699,0.115454379312439,2.72000966070644,0.00652800090965042,0.0240178350525846,1382.80729905819,0.303386021745961,0.136294431663632,2.22596050361545,0.026016827086271,0.0696452511308387
14022,SMARCA4,6987.81477387582,0.242924591491356,0.107376344163592,2.26236601165383,0.0236747990488445,0.0678714403500136,6987.81477387582,0.425700055009293,0.123724328596229,3.44071420584187,5.8018099495264e-4,0.00268183739969684
14041,SMC5,2973.557422544,0.388812870067809,0.0715088446912967,5.43726963771142,5.41032314907636e-8,1.04136959047657e-6,2973.557422544,0.358299531354265,0.0845160037989812,4.23942821771921,2.24089834135788e-5,1.5071955931881e-4
14102,SMTN,3851.87617692024,1.20812292828996,0.200519081427034,6.02497737218878,1.6913328477362501e-9,5.11967898593394e-8,3851.87617692024,0.86727210884872,0.231038234189174,3.75380339921833,1.7417148913179e-4,9.3189981744099e-4
14108,SMURF2,16033.2268084494,0.526142976808036,0.0911793688822592,5.77041696227849,7.90756241065334e-9,1.96943903189662e-7,16033.2268084494,1.02398697417951,0.105429445860673,9.71253301978586,2.66627215192758e-22,2.48842905065984e-20
14123,SNAPC1,2308.37226479177,0.580800076118049,0.168427428917026,3.44836989944301,5.6398109420938e-4,0.00311217738119658,2308.37226479177,0.512125232821592,0.194769324052811,2.62939369591245,0.00855372703285808,0.0273194181790313
14140,SNHG16,704.619879980382,0.635395129734386,0.144710576754448,4.39079951158342,1.12934635768245e-5,1.0746085600129e-4,704.619879980382,0.429615351422482,0.168046991420626,2.55651914854663,0.0105725251954405,0.0328290415346675
14253,SNU13,4874.26400727305,0.255427826930571,0.100862050237477,2.5324473013306,0.011326939462783,0.037603570305017,4874.26400727305,0.264010156926536,0.116245638964872,2.27114031354171,0.0231384852367659,0.0632943667769879
14290,SNX9,3568.59958367044,0.291837248986782,0.0810542344014518,3.60051823500482,3.1758355358941e-4,0.00191610547426283,3568.59958367044,0.223118359373812,0.0940928079463816,2.3712583803531,0.0177276333422336,0.0507633290043462
14303,SOCS7,56.6264731678785,1.04093308185663,0.315777637134712,3.29641164998828,9.7928410310309e-4,0.00493701418031898,56.6264731678785,1.47767558179905,0.385546834862854,3.83267465371538,1.2675754561913e-4,7.0379396534192e-4
14322,SOS1,2277.16207897369,0.523303031978671,0.100232681614564,5.22088228658781,1.78072707511947e-7,2.93878052620835e-6,2277.16207897369,0.302237361993191,0.11788101875224,2.56391881570371,0.0103497749871675,0.0322415218546135
14354,SP6,123.106047510889,1.03787961558628,0.230051347146256,4.51151287945488,6.43668741453771e-6,6.6616517087454e-5,123.106047510889,0.818607620374372,0.269704563826572,3.03520121706491,0.00240375258918117,0.00918774422202118
14467,SPRED1,2327.57046312599,0.677265230223984,0.142653917876474,4.74761044285118,2.05833998225361e-6,2.45283205960612e-5,2327.57046312599,0.59660531585339,0.165580689335273,3.60310926502646,3.144332727034e-4,0.00155976132481311
14475,SPRY4,3886.1710209884,1.01272475262873,0.161776170044931,6.26003664413278,3.84887020974406e-10,1.38247045992186e-8,3886.1710209884,1.09547970988757,0.187099677328069,5.85505932202492,4.768397803103861e-9,6.93466751991956e-8
14535,SRPK1,9061.68012222404,0.580952678322305,0.117389731403971,4.94892246003259,7.46254669999024e-7,1.00111194669263e-5,9061.68012222404,0.564424958460809,0.135727257486586,4.15852326874423,3.20311608861469e-5,2.0764632975459e-4
14544,SRRM1,4493.77893332811,0.731059217158293,0.11610056984825,6.29677544316818,3.0390103012396004e-10,1.12819275501784e-8,4493.77893332811,0.588438261201516,0.134215339540058,4.38428471155409,1.16367499842699e-5,8.3509708765434e-5
14581,SSH1,8443.3590091543,1.10962734106975,0.128393961159627,8.64236394802236,5.5061703219623295e-18,1.05981808762292e-15,8443.3590091543,0.632133133172202,0.148774054620801,4.24894740405777,2.14777334516662e-5,1.4515708916605e-4
14610,ST3GAL4,1977.60262895052,0.202273136258825,0.063308342280495,3.19504711342196,0.00139808015735453,0.00665563235385937,1977.60262895052,0.20183866875443,0.0737732528038664,2.73593289008197,0.00622037103647351,0.0207784161938392
14641,STAMBP,2920.95633973697,0.405888195649236,0.0814394668684562,4.98392500904801,6.23072358414107e-7,8.53975644179335e-6,2920.95633973697,0.471007597227344,0.0947117746792759,4.97306273504351,6.59033221267732e-7,6.35042868774537e-6
14662,STAT5B,2311.24726697672,0.597752893950865,0.112919196873878,5.29363394798589,1.19909337997154e-7,2.07764633782153e-6,2311.24726697672,0.840518200568232,0.130886329953144,6.42174168126745,1.34723904353778e-10,2.5731128820986404e-9
14667,STC1,5012.92113977044,0.382533581134509,0.147688599691058,2.59013615089255,0.00959379796010138,0.0327967131809798,5012.92113977044,1.0924287041037,0.170145713175496,6.42054791575571,1.3578472119710802e-10,2.5879138547314e-9
14698,STK3,1152.80366896739,0.498631838984757,0.0914095094006366,5.45492304087658,4.89940601093955e-8,9.58659465654337e-7,1152.80366896739,0.346546078819394,0.111266255503035,3.11456584256077,0.0018421583697445,0.00729370641648675
14735,STRN4,5500.52124944861,0.453637651424309,0.12558905091177,3.6120796210412,3.037512656634e-4,0.00184902970517961,5500.52124944861,0.52779803888328,0.145108099844041,3.63727482787345,2.7553788851094e-4,0.00139082492594903
14743,STX12,1285.52505629748,0.243147680859523,0.0932416230437833,2.60771609204345,0.00911485185412376,0.0314332208377222,1285.52505629748,0.334443613779078,0.109080781796265,3.06601775557252,0.00216930432320193,0.0083979953123571
14744,STX16,3051.94852201618,0.357372025751482,0.0839145844949268,4.25875940281975,2.0556457703318e-5,1.8218906557074e-4,3051.94852201618,0.331264294986821,0.0978841866292781,3.38424730688559,7.137368369321e-4,0.00321465650982403
14761,STXBP1,2185.58491566956,0.269722460408415,0.0967190578042409,2.78872092565596,0.00529166419107966,0.0201342478503736,2185.58491566956,0.806722754207253,0.112505160570552,7.1705400011527,7.47025142136039e-13,2.0217693906599598e-11
14765,STXBP5,1117.17517466103,0.306543244975248,0.121039971941125,2.53257861894047,0.0113226975402406,0.0375965362915019,1117.17517466103,0.330324031573552,0.14060493969208,2.3493060222276,0.0188084413918252,0.0533102128741997
14784,SUGP2,8076.64570451118,0.544363981436951,0.0700359840568547,7.77263272255931,7.68713902513929e-15,7.82321022167624e-13,8076.64570451118,0.173759890370449,0.0810101759237034,2.14491436895655,0.031959694162539,0.0825716641705097
14811,SUPT20H,1267.61555986355,0.321900729349631,0.0936340292707786,3.43786048572931,5.8632970507163e-4,0.00320949811975534,1267.61555986355,0.351275990848398,0.109304269169067,3.21374447236878,0.00131016211837564,0.0054595616375856
14886,SYT7,22.9222357274381,1.33023160935604,0.555608670158291,2.39418799742104,0.0166572085106486,0.05111173943971,22.9222357274381,2.21860807318887,0.546226128659361,4.06170257478189,4.87161189765529e-5,3.0093962817791e-4
14893,SYVN1,3317.285730054,0.408643832134444,0.147262141823864,2.77494152314593,0.00552116341807984,0.0208462178693727,3317.285730054,0.530886879436868,0.170069358996194,3.12159040623391,0.00179877008935781,0.00714257692744351
14921,TAF1D,4586.06736211466,0.711957396154304,0.144648057136826,4.92199764204816,8.56652465078951e-7,1.13121564889024e-5,4586.06736211466,0.657757900020399,0.167448052596309,3.9281310819789,8.56085486946139e-5,4.950585699983e-4
14960,TARBP1,1607.21331868401,0.57993719678379,0.128345506408479,4.5185625349286,6.22608852112435e-6,6.48157410535391e-5,1607.21331868401,0.424897087917803,0.150118612391227,2.83040910883502,0.00464885178306863,0.0162056431236505
14989,TBC1D16,2211.67194789162,0.681108190963109,0.112043336934676,6.07897095532072,1.2095626395102101e-9,3.77758998596944e-8,2211.67194789162,1.09657642462307,0.130103176809445,8.42851382660064,3.50082812655196e-17,1.79563722547733e-15
15009,TBC1D5,1602.77263136675,0.60704273624545,0.100422709763827,6.04487508525795,1.4952580453650401e-9,4.58097395628445e-8,1602.77263136675,0.438455322959642,0.117607610829457,3.72812031353519,1.9291328054723e-4,0.00101537437720586
15026,TBKBP1,412.198742618905,0.355555672593778,0.171479247175591,2.07346182380715,0.0381293204476835,0.0993516784119452,412.198742618905,1.50380573819427,0.203237650358957,7.39924780442134,1.36958063393736e-13,4.12606105791511e-12
15030,TBP,1109.37120516553,0.319571176381047,0.108248452987485,2.95220086348942,0.00315517613712398,0.0130970133699464,1109.37120516553,0.452303316444343,0.127164044324374,3.55684909871689,3.7532960724427e-4,0.00182386416230939
15033,TBRG1,2097.63113752452,0.206952943140528,0.0717962632984748,2.88250298320086,0.00394529400135831,0.015820486000012,2097.63113752452,0.38090024352095,0.0832583546643502,4.57491917845987,4.76403860427309e-6,3.76014311111458e-5
15034,TBRG4,3771.17351655166,0.503059835558375,0.0919633658647425,5.47021991668142,4.49477499349915e-8,8.88320040009855e-7,3771.17351655166,0.596343325342184,0.106010370454267,5.62533007654611,1.85153588175788e-8,2.43810244909878e-7
15065,TCF3,4512.15879190371,0.346063380505611,0.148876469680701,2.32450017956378,0.0200987019530897,0.0595064059831653,4512.15879190371,0.390598839031822,0.171796283804694,2.27361634595003,0.0229890637927095,0.0629522064474892
15175,TFB1M,339.592187111718,0.616909493932303,0.115354081995164,5.34796414016946,8.89490828137584e-8,1.60576770391034e-6,339.592187111718,0.483181894376715,0.131175589702629,3.6834741545441,2.3007662140055e-4,0.00118915124689371
15196,TGFB1,4252.45703737052,0.693202576878046,0.198200930476057,3.49747387771112,4.6968670829103e-4,0.00266814432944144,4252.45703737052,0.594542248615733,0.228862523384999,2.59781391825161,0.0093819320545876,0.0295733394464421
15239,THBS3,323.204871315262,0.527493950339898,0.204931024925743,2.5740072813818,0.01005281575645,0.0341025405009993,323.204871315262,0.789395366359499,0.244439147104049,3.2294146650065,0.0012404389425513,0.00520160098448308
15310,TIMP1,14729.0007747207,0.836733013502565,0.167941279030292,4.98229511132663,6.28345077433619e-7,8.59207307428149e-6,14729.0007747207,1.37895864979532,0.194033470852712,7.106808138489,1.18757340661584e-12,3.12532036339917e-11
15376,TM9SF4,5021.53052122135,0.244378289750352,0.0809825729666428,3.01766516915945,0.00254730183808722,0.011023367778311,5021.53052122135,0.438258521261908,0.0936690346853931,4.67879831081734,2.88561113316931e-6,2.39333478854888e-5
15404,TMED4,5191.51088395314,0.478843377572917,0.0976668845228408,4.90282228118921,9.44694460121895e-7,1.23276709652458e-5,5191.51088395314,0.393438480679898,0.113191686004211,3.47586023822686,5.0921758522846e-4,0.00239229205971627
15471,TMEM167B,1597.04520702213,0.987058820373735,0.176832646742753,5.58188116592327,2.37930930781608e-8,5.2469251834131e-7,1597.04520702213,0.489101637009194,0.204819162528754,2.38796815185947,0.0169418098602733,0.0488452881098898
15513,TMEM214,3700.69168200129,1.01111528453318,0.170763959905576,5.92112811797218,3.1974063907001603e-9,8.90246420857208e-8,3700.69168200129,0.48556805944672,0.197606565349679,2.45724659293315,0.0140006546687543,0.0415703268993875
15544,TMEM259,4947.08719024274,0.28314876847993,0.0923551947271693,3.06586726730849,0.00217039641180767,0.00960594342921523,4947.08719024274,0.474545257744367,0.10649994277266,4.45582641069916,8.35706351293443e-6,6.22175131435817e-5
15590,TMEM68,549.431409296241,0.751138451088986,0.129010509471921,5.82230435461129,5.804172621648881e-9,1.51147483506115e-7,549.431409296241,0.80378060472673,0.150049718644609,5.35676182526189,8.4726688895229e-8,9.77109190533131e-7
15608,TMEM91,58.8960721163469,1.03235033576764,0.22932811945379,4.50162997118049,6.74343082696995e-6,6.93050917492652e-5,58.8960721163469,1.73246661863635,0.313741672011514,5.52195252715034,3.35253080430364e-8,4.20075589915029e-7
15667,TNFRSF10D,2285.25785032656,1.06674615992452,0.142232238168444,7.50003075013969,6.38028640451656e-14,5.2549819372641495e-12,2285.25785032656,0.83947119142592,0.162850982210606,5.15484266677789,2.53843968845571e-7,2.69250082010422e-6
15718,TOB2,1461.64075606543,0.548408684536658,0.156120504409227,3.51272682990541,4.4353323115511e-4,0.00255534374267185,1461.64075606543,0.638925990598511,0.179260401978283,3.56423383830143,3.649205289476e-4,0.00177873098707556
15792,TPM4,36243.9879841973,0.586014833125992,0.129248050930403,4.53403226514839,5.78681834480273e-6,6.10321496425055e-5,36243.9879841973,1.06341773099569,0.149257016913129,7.12474195846094,1.04275858235743e-12,2.7683558492908598e-11
15828,TRAF3IP2,729.273177613063,0.554433739178497,0.134923356113799,4.10924954098288,3.96946963651567e-5,3.2332736119328e-4,729.273177613063,0.587272166420666,0.152482137570682,3.8514161447169,1.1743674316972e-4,6.5647103174775e-4
15834,TRAF7,2883.29873875648,0.516398212045378,0.0989273475680116,5.21997430175067,1.78947959646946e-7,2.95047529741911e-6,2883.29873875648,0.515225229268787,0.114040088506007,4.51793080853009,6.24468819677684e-6,4.80519866089424e-5
15844,TRAP1,1883.84733847386,0.492058521843796,0.113284408507591,4.34356791306213,1.40187113444135e-5,1.303114648225e-4,1883.84733847386,0.708899344340934,0.129788428117734,5.46196109022813,4.70903307296162e-8,5.71076710107456e-7
15876,TRIB3,1513.27438175674,1.16860961644855,0.179008837339772,6.52822304091301,6.65545394170074e-11,2.88859750979502e-9,1513.27438175674,1.12996298952129,0.205218733812921,5.50613956399991,3.66787788903077e-8,4.55491063503369e-7
15940,TRIT1,938.988842244856,0.310465795129631,0.106933179156489,2.90336261933527,0.00369178903044732,0.0149637382468322,938.988842244856,0.348887995672378,0.123174218977816,2.83247581001681,0.00461890608495187,0.016129202232235
15954,TRMT5,1336.2518762841,0.232249486289846,0.0722231981583877,3.21571866397437,0.00130118324050815,0.00625783618221573,1336.2518762841,0.299165761296998,0.086102896417562,3.47451449073411,5.1177872086576e-4,0.00240183139450377
15975,TRPM4,294.104893367702,0.419679890697906,0.184533242931625,2.27427797848547,0.0229492783456139,0.0661331346209519,294.104893367702,1.38760818513388,0.222629261153531,6.23282033073336,4.58111491506577e-10,7.81768771462591e-9
15992,TSC22D1,7923.76422478437,1.1347525367184499,0.16651855834971,6.81457098814974,9.45454800792715e-12,5.10430293062116e-10,7923.76422478437,0.438874911701639,0.192295961745147,2.28228875800984,0.0224722978246504,0.0617894342313015
15994,TSC22D2,1555.66786175135,0.538056091988472,0.147399983504533,3.65031310856235,2.6192082953033e-4,0.00163169279265273,1555.66786175135,0.869221765822387,0.171719027045154,5.06188382720002,4.15133969811827e-7,4.18741819354482e-6
16015,TSPAN13,346.538686735897,0.69343483133091,0.264918500076199,2.61754022890608,0.00885660479908429,0.0307214021120832,346.538686735897,1.6193008721638,0.294984927335645,5.48943597488049,4.0321924083538e-8,4.96307788889557e-7
16076,TTC3,7660.00709338181,0.349975578942345,0.144642131143788,2.41959639404397,0.0155377419954366,0.0483809275989435,7660.00709338181,0.396443745920136,0.167343854833963,2.3690367734954,0.0178344801228707,0.0509966988478675
16145,TUBG2,983.539808928823,0.260244935540271,0.100342093856891,2.59357688819445,0.00949832983547978,0.0325520465892541,983.539808928823,0.799884470613143,0.117074545631172,6.83226628214365,8.35835135822917e-12,1.90840239208193e-10
16177,TXLNG,1988.23897735819,0.318491828829494,0.104612571711544,3.04448904771879,0.00233075916607813,0.0102211697159266,1988.23897735819,0.258230289595825,0.122685013119073,2.10482342570397,0.0353066812311307,0.0894449098042329
16194,TXNRD1,33110.4572496557,1.29584008598058,0.174247043106269,7.43679813946847,1.0315499523567e-13,8.19133926292931e-12,33110.4572496557,0.903168095761288,0.201308968194249,4.48647719901775,7.24104624796154e-6,5.46960297728793e-5
16220,UBA2,5078.97443143048,0.999665657294536,0.0872055635379536,11.4633243194336,2.01624361016509e-30,2.55026013205739e-27,5078.97443143048,0.775553341945207,0.101140824146828,7.66805440322814,1.7462482425297602e-14,6.11558427064677e-13
16266,UBE2J1,2989.35566664427,0.589545122833087,0.109927447506351,5.36303840584517,8.18335980266771e-8,1.4970137953062e-6,2989.35566664427,0.288865639541793,0.127522925674529,2.26520555432559,0.0235000684618859,0.0640512177586792
16280,UBE2R2,3648.10109653484,0.491051207539089,0.109061061307378,4.50253465033784,6.71478028455086e-6,6.90908363037924e-5,3648.10109653484,0.34137440190497,0.126399678518063,2.70075371952933,0.00691825465672805,0.0227583428079066
16312,UBQLN4,1918.34752526387,0.357479627231073,0.124984795677259,2.86018491524499,0.0042339405163337,0.016779400894881,1918.34752526387,0.430747746137911,0.144016336753997,2.99096446866092,0.00278097849539466,0.0104595755375188
16318,UBR4,17926.7239985316,0.534710585823474,0.121425073830943,4.40362578299057,1.06456513544219e-5,1.0226471717415e-4,17926.7239985316,0.376283882904968,0.140283474473811,2.68231083038376,0.00731154900591628,0.0238785906026551
16334,UCHL5,2138.96303379566,0.228750854463531,0.0866584233077,2.63968401145841,0.0082983359914255,0.0291445723395801,2138.96303379566,0.253632191255351,0.101829356117123,2.49075709526853,0.0127471234462335,0.0384409422247674
16366,ULK1,1412.27661476811,0.837042840648896,0.117268564966374,7.13782794979125,9.48172040339021e-13,6.359935791789159e-11,1412.27661476811,0.627935552322111,0.135640590406819,4.62940739522573,3.66713675144165e-6,2.97212077088642e-5
16367,ULK2,548.960481600894,0.343511125922228,0.123103016174841,2.79043630770465,0.00526370555449194,0.0200537215918553,548.960481600894,2.26335901758828,0.168714750309375,13.4153001645554,4.9193727168935e-41,1.71288773869372e-38
16399,UQCC1,4064.4676431759,0.406227326673907,0.0786376293387622,5.16581349272274,2.39395414750814e-7,3.76142491599313e-6,4064.4676431759,0.442001066179895,0.0907332180704136,4.87143601406135,1.10790043710504e-6,1.00903648461891e-5
16416,URB1,2152.58815681171,0.515742124150083,0.143573593628788,3.5921795304751,3.2792380031323e-4,0.00197110477119712,2152.58815681171,0.786597492909728,0.165471962009465,4.75366027789489,1.99766600228554e-6,1.7190941367577e-5
16420,URI1,2715.10145810965,0.487084596311659,0.11290442972726,4.31413185017003,1.60231301674099e-5,1.4618113807547e-4,2715.10145810965,0.452745295877432,0.130813269774074,3.46100435115919,5.3816411372147e-4,0.00250810796474674
16446,USP21,1417.45130716413,0.415884202522261,0.098069629958751,4.24070329109211,2.22820522044958e-5,1.9542871740327e-4,1417.45130716413,0.480382008613577,0.112144143094711,4.28361210275485,1.8388338288475e-5,1.2582738210549e-4
16449,USP25,1784.50610360192,0.39284189376104,0.0988943351460181,3.97233970157145,7.11701278935864e-5,5.3109170869769e-4,1784.50610360192,0.555942569528259,0.11589306145311,4.79703066393832,1.61034957251534e-6,1.41676333138789e-5
16457,USP31,638.37414758148,0.437040118703689,0.142970876470413,3.0568471670112,0.00223678291399524,0.00986539385867601,638.37414758148,0.706109833281414,0.16351703395008,4.3182646860937,1.57260767905748e-5,1.093037797966e-4
16463,USP36,2553.79114482787,0.343555039010162,0.143159393379251,2.39980787079779,0.0164036791199154,0.0504386785649353,2553.79114482787,0.820693602522578,0.16477922370022,4.9805648072214,6.33989664999008e-7,6.12214233305176e-6
16501,UTP6,2837.02447937305,0.489558516772447,0.152207077223221,3.2163978554984,0.00129810734334982,0.00624643609674963,2837.02447937305,0.437963718705995,0.175368036990739,2.49739762285829,0.0125108584599877,0.037867202152547
16504,UVRAG,1296.41169462679,0.228090053646322,0.102927442156595,2.21602761000612,0.0266896112899353,0.0748407975807085,1296.41169462679,0.278846930909605,0.119047267760311,2.34232113139324,0.0191642175540781,0.0541153030309011
16588,VPS25,3041.90833124253,0.28230245955812,0.082963098497215,3.40274730177293,6.6711950706405e-4,0.00358523588196973,3041.90833124253,0.654772356635365,0.0961688568330432,6.80856961596312,9.85738864431806e-12,2.21162179422581e-10
16600,VPS37A,1520.31692362526,0.411073427264013,0.107838460172976,3.81193710114777,1.3788196750592e-4,9.3796930664777e-4,1520.31692362526,0.429422313558701,0.125893996023854,3.4109832646613,6.4729064298501e-4,0.00294468451806196
16614,VPS54,1381.73830314021,0.49537108856187,0.0961377425051527,5.15272228839074,2.56732019146131e-7,4.00430143500491e-6,1381.73830314021,0.628865449704202,0.113772378204833,5.5274000563828,3.25011265009248e-8,4.08372932981086e-7
16615,VPS72,1930.20761046572,0.419027134909069,0.099969166970176,4.19156373518725,2.77038335729324e-5,2.3619618917163e-4,1930.20761046572,0.494731113713765,0.114590008985161,4.31740182320636,1.57876593229857e-5,1.0960558270781e-4
16698,WDR3,2777.90219466923,0.390329156512488,0.149412037851037,2.61243446061317,0.00898999274907984,0.0310745250050177,2777.90219466923,0.813228987689773,0.171991943470325,4.72829698462059,2.26410853360722e-6,1.92369540635816e-5
16709,WDR45B,5877.27834936575,0.310590663328004,0.084030385369755,3.69617087868069,2.188756828578e-4,0.00139619978099641,5877.27834936575,0.443985153600102,0.0973504337674758,4.56069003925111,5.09857953233322e-6,4.00324722517022e-5
16756,WHRN,568.731183961386,0.60456624169751,0.140944551675834,4.28939064695446,1.79164000425721e-5,1.6088418456078e-4,568.731183961386,0.917302507525721,0.163977206791503,5.59408545537716,2.21787703231152e-8,2.85205124623809e-7
16761,WIPI1,1432.16213786322,0.902672018617342,0.193332270293182,4.66901887226831,3.02641579933706e-6,3.47321911695791e-5,1432.16213786322,0.544419620473658,0.223354456918904,2.43746924947787,0.0147904721296983,0.0435582772251656
16824,XPO5,5572.05272510206,0.286538616000611,0.101615918164037,2.8198201736273,0.00480505686650341,0.0186025244844867,5572.05272510206,0.64278609520678,0.117380881042897,5.4760714819637,4.34872076606338e-8,5.31653870292664e-7
16859,YEATS2,3097.19141697328,0.221244462828475,0.101989329752813,2.16929029109904,0.0300606518720586,0.082177852279348,3097.19141697328,0.503668892829321,0.118163509294962,4.26247405679237,2.02175976708321e-5,1.371010574637e-4
16862,YES1,4660.65059971216,0.509329439016601,0.126650693743705,4.02152900991841,5.78215851528281e-5,4.4324875752652e-4,4660.65059971216,0.64642397988559,0.146929286104061,4.39955843403314,1.08471367199587e-5,7.83712120716571e-5
16866,YIPF2,1519.59846614482,0.846595661124758,0.169129226483354,5.00561422013057,5.56841814327979e-7,7.75200852839612e-6,1519.59846614482,0.844310269091124,0.195193288417365,4.32550870953006,1.52180255446753e-5,1.0609840990061e-4
16880,YPEL2,383.209961337818,1.21499034524356,0.226049367344508,5.3748893859626,7.66297104905153e-8,1.41349886808963e-6,383.209961337818,0.662788386713626,0.260972180629348,2.53968980569223,0.0110950824177858,0.0342402526429913
16916,ZBED4,1623.65439573607,0.49502903494408,0.121455735844887,4.0757979151869,4.58568308557374e-5,3.6512264424163e-4,1623.65439573607,0.496482634875754,0.140141554801867,3.54272246784819,3.9601923630029e-4,0.00191668652564908
16939,ZBTB34,813.839665294706,0.612522112402094,0.176316044017982,3.47400099527882,5.1275913179019e-4,0.00286976570977899,813.839665294706,0.432121958581665,0.20624739364619,2.09516324517998,0.0361564833462107,0.0912657587434115
16995,ZCCHC2,402.741967232805,0.971005422728455,0.197808263426897,4.90882132983946,9.1625405358691e-7,1.19830330730554e-5,402.741967232805,0.882990943523458,0.227462781293503,3.88191394874445,1.0363755303574e-4,5.8823245619596e-4
17034,ZFAND1,2049.79901865036,0.430619579800278,0.0954866695685067,4.50973504203464,6.49086434543701e-6,6.71379823767515e-5,2049.79901865036,0.308384565601961,0.111209691754255,2.77300081258575,0.0055541982041978,0.0188605237594158
17038,ZFAND3,6378.24542099227,0.329957163385424,0.10080733421669,3.27314640298062,0.00106357372724645,0.00528296313101827,6378.24542099227,0.668922346492487,0.116827692076109,5.72571737578027,1.02997567981358e-8,1.431215629985e-7
17058,ZFP36,1262.23650221146,1.02930404758143,0.226385238642428,4.546692415786,5.44955488016369e-6,5.8063007110673e-5,1262.23650221146,0.68490727762493,0.261008500249838,2.62408035358747,0.00868832849024145,0.0276809564744522
17059,ZFP36L1,17607.7143930581,0.810786161536486,0.162126017249344,5.00096267886186,5.70447555349143e-7,7.9079752027282e-6,17607.7143930581,0.863114413404351,0.187147018042589,4.61195920956611,3.98891283634338e-6,3.21134974721357e-5
17084,ZFYVE21,1230.6697483668,0.585349939674805,0.141186401514589,4.14593709730832,3.38426732953132e-5,2.8069604623578e-4,1230.6697483668,0.674363488683403,0.162458850719239,4.15098029869013,3.31054265197173e-5,2.135400258518e-4
17088,ZFYVE9,1640.3221807434,0.346852748375265,0.11880338529609,2.91955273421556,0.00350534081373005,0.014355359650678,1640.3221807434,0.295982005891349,0.138586090621808,2.13572664156509,0.0327017015528994,0.0841046886813633
17095,ZHX3,3559.45544075498,0.450634840975413,0.0835948240102905,5.39070266982008,7.01827134079849e-8,1.30958428770137e-6,3559.45544075498,0.460965271802528,0.0968647292780597,4.75885572837644,1.94693527629351e-6,1.68103052515834e-5
17098,ZKSCAN1,3012.46596060972,0.560703697639787,0.126645709489683,4.42734064895788,9.54020035166327e-6,9.29762618752081e-5,3012.46596060972,0.522362227326086,0.146816361898341,3.55792924284408,3.7378996493912e-4,0.00181687009535242
17116,ZMYM2,2015.98381375638,0.376972776097725,0.106298459982155,3.54636159508812,3.9058985555365e-4,0.00228722392928044,2015.98381375638,0.276082688439317,0.125029656661668,2.20813761959212,0.027234681273932,0.0721766889850429
17129,ZNF106,5036.28484223611,0.360819210162236,0.119844073044642,3.01073887924212,0.00260612863442771,0.0112367484437414,5036.28484223611,0.4334849959506,0.138784988919969,3.12342854457099,0.00178757264318178,0.00710555220141589
17150,ZNF143,1439.39727006445,0.384594519991231,0.129727310145486,2.96463805161703,0.00303039240780149,0.0126681276575422,1439.39727006445,0.447195603737052,0.150375512596319,2.97385921428273,0.00294079969117335,0.0109627587416892
17252,ZNF318,2460.65683765666,0.672492934702115,0.0981696166232366,6.85031639965615,7.36868283942423e-12,4.15556164715045e-10,2460.65683765666,0.330723805847978,0.114128877831841,2.89781002083689,0.00375778138965934,0.0135265188551038
17264,ZNF330,1914.87109110974,0.4444407532055,0.139785348263228,3.17945162871133,0.0014755399418162,0.00695946056374359,1914.87109110974,0.562148665551403,0.160904850270841,3.49367135052283,4.7642713093901e-4,0.002255636028203
17342,ZNF451,2717.2447782272,0.583978948187055,0.104785804145651,5.57307311756974,2.50284461111447e-8,5.48519460069493e-7,2717.2447782272,0.296524303279604,0.122613915267886,2.41835767687345,0.0155907432503924,0.045507979573046
17379,ZNF516,634.453855576801,0.572117270589415,0.132071374524829,4.33187942995064,1.47841899773313e-5,1.3663801467566e-4,634.453855576801,1.09307275480865,0.154302424919056,7.08396355651607,1.4008876297369499e-12,3.61832687931772e-11
17630,ZNF875,886.890076264476,0.422330053000506,0.11763722592558,3.59010551020374,3.3054413654332e-4,0.00198348884104006,886.890076264476,0.478994298338437,0.135564736936167,3.53332517853798,4.1036739033213e-4,0.00198030702807932
17668,ZRANB1,1039.85249653985,0.50695723825205,0.137819724231883,3.67840845044131,2.3469390261219e-4,0.00148215393275918,1039.85249653985,0.464627958643069,0.16048079671603,2.89522465086727,0.00378887269675248,0.0136179201252222
17698,ZUP1,680.792892381819,0.561568675306422,0.108007912261224,5.19932904497062,2.00009185456679e-7,3.24128505427375e-6,680.792892381819,0.484920020113584,0.127496075737153,3.80341133881876,1.4271708663484e-4,7.8209309037847e-4
