...1,gene_name,baseMean.MDA24h10w_24h,log2FoldChange.MDA24h10w_24h,lfcSE.MDA24h10w_24h,stat.MDA24h10w_24h,pvalue.MDA24h10w_24h,padj.MDA24h10w_24h,baseMean.MDA24h10w_10w,log2FoldChange.MDA24h10w_10w,lfcSE.MDA24h10w_10w,stat.MDA24h10w_10w,pvalue.MDA24h10w_10w,padj.MDA24h10w_10w
12,AAMP,3752.52525127553,0.25103903118287,0.116306090862216,2.15843408820496,0.0308940978052645,0.0840357425400343,3752.52525127553,0.308971258162903,0.133883999090378,2.30775343029853,0.0210128544502779,0.0584242540965497
16,AARS1,5654.54821601361,0.914237994367374,0.129495474214405,7.05999958619154,1.6650310009209699e-12,1.05301317729673e-10,5654.54821601361,0.324503802882252,0.148990116942608,2.1780223382686,0.0294043737186615,0.0770805835456907
32,ABCA2,2738.50800980859,0.309276648995137,0.133168856248507,2.32243977839679,0.0202092675561731,0.0597837804685456,2738.50800980859,1.26649390141459,0.155253235691349,8.15760068236156,3.4174516635852e-16,1.49821742907685e-14
111,ACADVL,11753.753868802,0.210867932058492,0.0962705239380594,2.19036859292637,0.0284975158714658,0.0789107132215663,11753.753868802,1.24200897081325,0.110756853862029,11.2138339751004,3.48752349195452e-29,6.31451003453285e-27
204,ACTR3B,313.063506196396,1.03946213497471,0.282499295708041,3.67952115551105,2.3367230507742e-4,0.00147658528104155,313.063506196396,0.860529768530682,0.321566362614261,2.67605654252755,0.00744940762603375,0.0242850152101129
220,ADA,176.975843392667,0.84594809890746,0.212653614306621,3.97805652946817,6.94808550902782e-5,5.2103646451035e-4,176.975843392667,2.02084585435957,0.220837698720967,9.15081920371284,5.65034224740693e-20,4.10863842295381e-18
270,ADCY6,1595.6087946226,0.338769999764189,0.0977850554518,3.46443531886296,5.3134590122779e-4,0.00296069012553237,1595.6087946226,0.4861117856377,0.113824256797799,4.27072224597296,1.94840946157639e-5,1.3262369064399e-4
341,AEN,1052.03906737193,0.47791490424266603,0.138280383898317,3.45612942898753,5.4799212353877e-4,0.00303719703399832,1052.03906737193,0.485093347965578,0.157842753244127,3.07326968134743,0.00211727054121634,0.00822999150263267
382,AGO2,4471.21294002638,1.24299049531129,0.181526553858379,6.84743068653763,7.51881009995314e-12,4.22676473809429e-10,4471.21294002638,0.438661839823621,0.209852113380674,2.09033796589831,0.0365874511007493,0.0921231770852951
384,AGO4,809.629426566626,0.662453769708717,0.135858188950538,4.87606801493503,1.08221307495699e-6,1.38667359850495e-5,809.629426566626,0.338256093680404,0.159422742881162,2.12175557619498,0.0338582689132543,0.0863920260630471
386,AGPAT3,4501.51498623396,0.254083701752284,0.0942917968388911,2.6946533025181,0.00704619046946804,0.0255161433197014,4501.51498623396,0.520447942445247,0.109660756656195,4.74598168310056,2.0749749004126e-6,1.78054481264789e-5
443,AKAP8L,2165.0734994594,0.431006335948838,0.105486141739833,4.0859048292036,4.39053737363294e-5,3.5132234890326e-4,2165.0734994594,0.829161108040071,0.120960055370786,6.85483406483568,7.1395342866633694e-12,1.65728727941445e-10
560,AMN,99.4682965107533,0.726192166490172,0.31004231795111,2.34223563831272,0.0191686083480754,0.0572423251844977,99.4682965107533,2.56955369009882,0.365329902787444,7.03351592764046,2.01392973278249e-12,5.07151762750484e-11
565,AMPD2,3203.91331919523,0.636949319507241,0.144101591070835,4.42014078244381,9.86366209222456e-6,9.56024785599959e-5,3203.91331919523,0.623091691867636,0.166602823780519,3.73998277897433,1.8403286289345e-4,9.7543882188198e-4
619,ANKRD11,7167.2385704809,0.416616577811662,0.137640706411513,3.02684132240702,0.00247123646039699,0.0107493626236084,7167.2385704809,0.525306774293261,0.158839499458778,3.3071545559081,9.4248875843481e-4,0.00408735364316664
622,ANKRD13A,3855.03205324708,0.53656821075102,0.116621616486787,4.60093271655012,4.20603285048735e-6,4.63474982678469e-5,3855.03205324708,0.809193003681758,0.134830435953041,6.00156038925504,1.95430229862023e-9,3.01145509947386e-8
623,ANKRD13B,560.1845963782,0.476127678047579,0.189135463584486,2.51738975348161,0.0118227963265135,0.0388924098973095,560.1845963782,1.262627334497,0.214930189205858,5.8745927650381,4.238840639250371e-9,6.2044016664727e-8
625,ANKRD13D,1857.59775068322,0.447063810267688,0.106500209232864,4.19777400897098,2.69551417985247e-5,2.3083011145924e-4,1857.59775068322,0.485494438063869,0.122863084964445,3.95150779588811,7.76603418537614e-5,4.5490719818964e-4
640,ANKRD27,2797.5338289212,0.421095493351088,0.0990202461471921,4.25262014320926,2.11283796383954e-5,1.8669727876083e-4,2797.5338289212,0.668936227449446,0.114491495921682,5.84267173788204,5.137018246763441e-9,7.42305286320022e-8
671,ANKS3,544.478547358401,0.365221041323773,0.115113080182945,3.1727153920592,0.00151020489855146,0.00709732174722646,544.478547358401,0.567595694743427,0.133782826810154,4.24266483432048,2.20881194232935e-5,1.487272184002e-4
672,ANKS6,1462.57946786917,0.236641761464504,0.0913190114380629,2.59137454225516,0.00955933893611442,0.0327168097952675,1462.57946786917,0.373585508497742,0.104674407629235,3.56902433898656,3.5831314014119e-4,0.00175198966119269
673,ANKZF1,1898.90632760857,0.423488922708712,0.120215214148659,3.52275646396157,4.270836079775e-4,0.00246988782823826,1898.90632760857,0.4183509436515,0.13950679061558,2.99878552008478,0.00271058047662894,0.0102287974384835
689,ANPEP,6.51626772291556,3.03913396098475,1.19135014658351,2.5509997792842,0.0107414393838346,0.0359946701467936,6.51626772291556,4.75184086076634,1.68125162138118,2.82637102045595,0.00470786992634258,0.0163766941184167
713,AOC3,125.631279240232,3.01807143487322,0.626687210552746,4.8159135595112,1.46527948589761e-6,1.81448735218705e-5,125.631279240232,2.62133738261102,0.721758158629503,3.63187772977655,2.8136643586562e-4,0.00141629710530524
740,AP3S2,406.055896766399,0.431824951615999,0.186128578288986,2.32003572791246,0.020338944673273,0.0600570338960011,406.055896766399,0.456124219655881,0.217791130659958,2.09431953575757,0.0362315252106582,0.0914424303685778
815,ARAP3,1592.8960591271,0.203885164010301,0.0821637130601848,2.48145022196058,0.0130848984875422,0.0422636569269876,1592.8960591271,0.368099752308661,0.0944048013104364,3.89916346625442,9.6525594763293e-5,5.5287364995384e-4
875,ARHGEF1,5074.35883178215,0.810341898473528,0.128316144697674,6.31519829700915,2.69815281321586e-10,1.01226461899208e-8,5074.35883178215,0.818532672023671,0.147828261233285,5.53705134048734,3.07606403168569e-8,3.88390623135991e-7
884,ARHGEF2,4087.35207672833,0.754833106873559,0.146557221379897,5.15043270994423,2.59886163117534e-7,4.04044264836286e-6,4087.35207672833,0.79956844631128,0.168685312754278,4.74000037855104,2.1371781962072e-6,1.82527115191168e-5
906,ARID3A,254.261473860882,1.10965188867659,0.224645868407325,4.9395606362303,7.82987933295317e-7,1.04484930842453e-5,254.261473860882,1.55138712172018,0.25602776419548,6.05944877343723,1.36588817974373e-9,2.15800797403491e-8
967,ARNT,2105.18065874404,0.420854294515747,0.147455273029377,2.85411491816846,0.00431569169467171,0.0170585420824211,2105.18065874404,0.844548310124575,0.170743853530005,4.94628821280621,7.56419402895758e-7,7.18935942720766e-6
1013,ASB13,981.132838638836,0.395189881926527,0.137623504298794,2.8715289872908,0.00408491315967796,0.0162918113134183,981.132838638836,0.543611717176361,0.158478384868541,3.43019470842848,6.0314827282091e-4,0.0027703203012926
1068,ATF3,450.465407281174,1.65862462420026,0.248967267314185,6.66201883521964,2.7009140226419496e-11,1.3032094145216302e-9,450.465407281174,1.3886377145134,0.286336730644904,4.84966672416015,1.23669084728174e-6,1.11511576100016e-5
1082,ATG16L2,1490.04579088693,0.919535387629252,0.159842079629629,5.75277417410932,8.77907242903909e-9,2.15916409129756e-7,1490.04579088693,0.902142470439846,0.183082563170672,4.92751715300631,8.32811143601729e-7,7.80480257042076e-6
1129,ATP2B4,4019.00496136943,0.466406472310284,0.128559694497046,3.62793699950025,2.8569494911462e-4,0.00175784786619935,4019.00496136943,0.753669097509434,0.149788385094316,5.03155900262145,4.86507331666409e-7,4.80562015665684e-6
1190,ATP7B,321.188079210734,0.618991362585272,0.182589395699838,3.39007290216811,6.9874039246664e-4,0.00373139169776819,321.188079210734,0.722434177185843,0.215458757091913,3.35300447722186,7.9939413434703e-4,0.00353969924100939
1215,ATXN2L,5198.19584818145,0.633183100100235,0.15926212449445,3.97572933370169,7.01638912926001e-5,5.2513194717217e-4,5198.19584818145,0.415046510229728,0.183879950513432,2.25716022367218,0.023998064872859,0.0651242449922041
1225,AUP1,5294.21165910904,0.214790187148199,0.0947622565753738,2.26662170056445,0.0234133452777668,0.0672338383740128,5294.21165910904,0.490819833147984,0.109352772718949,4.48840775541609,7.17574831151259e-6,5.42933969612399e-5
1240,AXL,29113.1698903385,0.369990527356968,0.0740099539434914,4.99919953523368,5.75688046073982e-7,7.97047992561106e-6,29113.1698903385,0.256096803532427,0.0855493324464367,2.99355700633633,0.00275745990505595,0.0103840617805622
1327,BBC3,341.24878180652,1.31191625877117,0.197024842961838,6.65863369841782,2.7638480317209298e-11,1.31919733007316e-9,341.24878180652,0.528028752134936,0.224270271968076,2.35443042674019,0.0185511160676617,0.0527128856749972
1341,BCAM,703.107719724367,0.41762508782928,0.179200710864015,2.33048789715009,0.0197803789571059,0.058691513165622,703.107719724367,1.9086045637147,0.217480765737039,8.77596948514719,1.69437771904672e-18,1.00256218892353e-16
1352,BCAT2,1608.01670648548,0.70342851030405,0.125662218107281,5.59777251188988,2.17123395993857e-8,4.86070935051735e-7,1608.01670648548,0.55363152516598,0.144977613365351,3.81873802661382,1.3413611814321e-4,7.3999651282786e-4
1375,BCL6,1599.45277991591,0.893591909649782,0.155453375030406,5.74829532954815,9.014768095737461e-9,2.20793241271534e-7,1599.45277991591,0.709131756715774,0.180623664307476,3.92601799678152,8.6363696673031e-5,4.9878822710108e-4
1419,BHLHE41,330.71711175926,0.920763564443631,0.176821199830052,5.20731431145476,1.91593406498878e-7,3.13272026064832e-6,330.71711175926,0.515162507533673,0.202085619028047,2.54922893579168,0.0107961402207626,0.0334088044500303
1453,BLTP3A,2446.36072107563,1.39216926213481,0.1314460213085,10.5911860113851,3.27416878824623e-26,2.5208252566201798e-23,2446.36072107563,0.734846531867154,0.152969450167874,4.80387770931195,1.55621899148897e-6,1.37515378525619e-5
1475,BMP8B,83.6089767281809,0.626003889660319,0.228335009558432,2.74160274795758,0.00611402352923497,0.0227454809241442,83.6089767281809,1.09762058969139,0.289635547369698,3.78966117819219,1.5085290487387e-4,8.2071595422067e-4
1526,BRD1,1039.83621816009,0.343049687960685,0.132092721423365,2.59703702266222,0.00940317883171625,0.0322384299616711,1039.83621816009,0.343825636438006,0.153089160542286,2.2459175765291,0.0247092878393543,0.0668239530424719
1527,BRD2,260.226485930331,0.335902987142297,0.15405236933284,2.18044674416241,0.0292243623957772,0.0804453613095635,260.226485930331,0.401177674637079,0.177282312110408,2.26293119635778,0.0236399309639826,0.0643839636031693
1534,BRD9,2569.99192149153,0.210876327053767,0.0850366494393886,2.4798287378911,0.0131445500414355,0.0423746026094555,2569.99192149153,0.341980549698725,0.0983914171492843,3.47571525654372,5.0949292919813e-4,0.00239296471493164
1550,BRWD1,2401.83884283039,0.856414704008246,0.130961960902,6.53941570597822,6.17596389594712e-11,2.7003449054180604e-9,2401.83884283039,0.379575670508347,0.153063934584239,2.47985047254517,0.0131437488742542,0.0394268915038512
1561,BTAF1,4311.12934020758,0.691295714448379,0.111463809679555,6.20197458202596,5.57590850917265e-10,1.8879194623409e-8,4311.12934020758,0.328912164340891,0.129715416278473,2.53564436500579,0.0112240654687959,0.0345499709925227
1568,BTBD2,1868.3274172997,0.373235532323546,0.14254576740681,2.61835576821002,0.00883546341258082,0.0306542812393486,1868.3274172997,0.953756981405772,0.165267742906549,5.77098086191614,7.881142631117e-9,1.12094240753342e-7
1605,BUD31,1239.29991715405,0.259530192430719,0.0992439673395592,2.61507272822687,0.00892084578274932,0.0308837413726148,1239.29991715405,0.245606196976155,0.114965244692644,2.13635170901236,0.0326507570640638,0.0840214052589452
1690,C1orf198,1640.39779939066,0.680150321263133,0.19519777016911,3.48441644939838,4.9321142206691e-4,0.00277792234795192,1640.39779939066,1.06938348511675,0.224705203600899,4.75905082739467,1.9450545594092e-6,1.68020791281789e-5
1725,C2CD2,1167.00477511691,0.655202307622471,0.147697648097298,4.43610521943346,9.16010874395207e-6,8.9815728481674e-5,1167.00477511691,0.59670801060513,0.172906871074642,3.45103700562332,5.5843699443248e-4,0.00259257954389605
1726,C2CD2L,2064.20110329425,0.520120467569545,0.160512459077694,3.24037442674645,0.00119372837266528,0.00580729176460352,2064.20110329425,0.490993598417832,0.184607687477886,2.65965954682492,0.00782196733280446,0.0252900965228138
1853,CAD,6356.91792195597,0.33220154183037,0.101163433571392,3.28381046493376,0.00102413772785583,0.00511949908208504,6356.91792195597,0.775305358797687,0.116481153802517,6.65605837071419,2.8126858666917697e-11,5.96328926256689e-10
1895,CAMKK1,397.146701601199,0.808428733443844,0.147998919861152,5.46239617290645,4.69750283795437e-8,9.22210424107495e-7,397.146701601199,0.810786891886615,0.164029021770787,4.9429477974916,7.69500937244875e-7,7.29454658102393e-6
1896,CAMKK2,1781.28413427558,0.759597751411119,0.114147659505018,6.6545188460717,2.8422833522470298e-11,1.3493606863697201e-9,1781.28413427558,0.652305305765559,0.132151826655539,4.93602943125278,7.97290809096008e-7,7.51079468756104e-6
1905,CAMTA2,1814.80730130145,0.545679628083096,0.114279624788506,4.77495116993051,1.79750864203305e-6,2.16827541097557e-5,1814.80730130145,0.645023804735443,0.131403301867451,4.90873361299619,9.16663901036901e-7,8.50697928865922e-6
1918,CAPN10,673.459536494036,0.339218617384435,0.126296797145994,2.68588455962437,0.00723380770452422,0.0260570111537256,673.459536494036,0.46188671897287,0.144333445010976,3.20013645442845,0.00137362537907928,0.00568645311811078
1922,CAPN15,2189.96283980813,0.619265220909491,0.225741415522912,2.74325036668621,0.00608342830262966,0.0226504096684117,2189.96283980813,0.608451546833845,0.260434600713342,2.33629304695793,0.0194759736558202,0.0548241493935041
1949,CARM1,2548.43792750472,0.367705793164189,0.123908204409863,2.96756615040512,0.00300167684568513,0.0125837342763713,2548.43792750472,0.613061811584269,0.143364675240491,4.27624036783029,1.90075995223676e-5,1.2972167242819e-4
1963,CASC3,4568.68911669086,0.47507172555478,0.0863095709939176,5.50427629385691,3.7068781971212e-8,7.57983823494483e-7,4568.68911669086,0.449530788015847,0.0994636810756772,4.51954706636908,6.19720698801401e-6,4.7727192566985e-5
2006,CBLC,11.3587071585599,1.72645834048668,0.634376762897657,2.72150312158456,0.00649857713482923,0.0239394224887781,11.3587071585599,6.08514379325131,1.31562498875753,4.62528748332615,3.74079184203739e-6,3.02775042878538e-5
2023,CBX7,393.783181298855,1.02481156531242,0.146536905056021,6.99353903319187,2.68037243273009e-12,1.64235415359116e-10,393.783181298855,0.74807508309136,0.17347892448755,4.31219576269075,1.61641217396948e-5,1.1187598938031e-4
2143,CCDC88C,1916.52353451025,0.788264551826406,0.143090278382237,5.50886168325648,3.61161542477065e-8,7.44495283097145e-7,1916.52353451025,0.530391044592098,0.16457582088822,3.22277623608111,0.00126954687123661,0.00531109418914279
2144,CCDC9,885.908931241448,1.29363692365859,0.23191471391098,5.57807179131873,2.43199289095383e-8,5.34978013826215e-7,885.908931241448,0.796388958339487,0.266906728065368,2.98377251151363,0.00284718370108366,0.0106598651968199
2161,CCN1,56614.7039811413,0.6145894575653,0.133097327159333,4.61759428744624,3.88214306916035e-6,4.33448861719366e-5,56614.7039811413,1.27430081575637,0.15374735837091,8.28827779064767,1.1489997764477699e-16,5.36180153411424e-15
2189,CCNL2,4748.28121272253,0.420555063472489,0.122401596177414,3.43586257537784,5.9067050629416e-4,0.00322428894126298,4748.28121272253,0.565065637317132,0.141670266668343,3.98859725901397,6.64651521972044e-5,3.9482219346541e-4
2290,CDAN1,547.67526918472,0.525376419091091,0.153985849285971,3.41184869601494,6.4523917107325e-4,0.0034835046467577,547.67526918472,0.440832456746593,0.178886227372838,2.46431747832549,0.0137274459477551,0.0408865169156199
2346,CDH24,733.557416110427,0.460750195860714,0.167672447333565,2.74791835622286,0.0059974941279467104,0.0223963783251118,733.557416110427,0.478769517940687,0.192513662166882,2.48693787522291,0.01288478971392,0.0387737444058627
2368,CDK16,6958.8959993926,0.412251462450962,0.0904183593339994,4.55937782423293,5.1305394472604e-6,5.49616409752494e-5,6958.8959993926,0.29255496886283,0.105268652335642,2.77912714157332,0.00545051869257109,0.0185746454823437
2394,CDKN1A,3772.72144274744,0.586882938619677,0.126601156510205,4.63568386575023,3.55759332226758e-6,4.00749761772992e-5,3772.72144274744,1.10403368065997,0.145513504871591,7.58715613120737,3.2700297552095303e-14,1.0881198868720899e-12
2436,CELF1,7025.51416362878,0.584195349505985,0.12919258759642,4.5218952602059,6.12883862384894e-6,6.41363710575999e-5,7025.51416362878,0.315253858584542,0.149526442800927,2.10834854811772,0.0350008514705647,0.088806812882013
2464,CENPT,1499.67673385005,0.233777002633495,0.0968028842671221,2.41497972300495,0.0157360856865467,0.0488781977437938,1499.67673385005,0.285014361839423,0.110687723943135,2.57494102946635,0.0100257178370935,0.0313461659745148
2517,CERS2,5533.01465490587,0.25754866739601,0.102739981204256,2.50680080312631,0.0121829347370572,0.039831346361136,5533.01465490587,0.28308385052225,0.118861489261771,2.38162799642202,0.0172362995917639,0.0495995614126633
2521,CERS5,990.889831676122,0.3308479956802,0.157748482630569,2.09731333172322,0.0359658474715486,0.094633466125733,990.889831676122,0.429230140134062,0.18294052220624,2.3462824690648,0.0189617310648135,0.0536774707097426
2624,CHKA,1711.81725977786,0.315016531723056,0.111925362050829,2.81452323183011,0.00488496466640335,0.0188377513747105,1711.81725977786,1.02086362142397,0.130108112110574,7.84627188008367,4.28587265033748e-15,1.60995871798777e-13
2692,CIB1,2305.48955740988,0.653570789728882,0.114087138968241,5.7286982182174,1.01204250126431e-8,2.45160719731715e-7,2305.48955740988,0.431725238047395,0.131729699602818,3.27735688572207,0.00104783834612883,0.00449045233017955
2787,CLK3,2069.66422958356,0.45119864041916,0.111621444174519,4.04222184864151,5.29471021865434e-5,4.1285217328018e-4,2069.66422958356,0.565304966061744,0.128802369301766,4.3889329763594,1.1390816516518e-5,8.18442082339292e-5
2832,CMTR1,5716.45560562963,0.352049383682972,0.103019267210473,3.41731593725781,6.3241841854318e-4,0.0034184570682426,5716.45560562963,0.580886487636727,0.11908668214959,4.87784592828818,1.07250645659798e-6,9.82235806937939e-6
2900,COASY,3518.42113217247,0.520271484612687,0.104770801489263,4.96580609499301,6.84162883509688e-7,9.26235194280547e-6,3518.42113217247,0.738130827139947,0.121079560726956,6.09624632521165,1.08588046936392e-9,1.74299217892759e-8
2904,COG1,1913.28931026336,1.05034235360188,0.149973541505248,7.0035177075893,2.4961434607719497e-12,1.54012921266027e-10,1913.28931026336,0.878356411742388,0.172886165466643,5.08054770820781,3.76348200789876e-7,3.84980820536807e-6
2928,COL4A2,7420.06197011454,0.299620501650798,0.111290090520983,2.69224780255082,0.00709721901862172,0.0256560304368327,7420.06197011454,0.572745750321935,0.128291304941203,4.46441596789767,8.02874508358427e-6,6.0020007631452e-5
2969,COPG1,6935.72914724708,0.959121514253686,0.163736667075787,5.85770757022766,4.69300068550794e-9,1.25914630513598e-7,6935.72914724708,0.440284040632858,0.189304784559693,2.32579457332218,0.0200295122869547,0.0561275144060877
2983,COPZ1,5661.80841476191,0.702862445536361,0.14305714513729,4.91315861826989,8.96207135502681e-7,1.17381922747644e-5,5661.80841476191,0.352720313727267,0.165440539269619,2.13200655222985,0.0330063079163715,0.0846956081538863
3015,COX19,697.014317566414,0.782509257499392,0.142982920962285,5.472746340843,4.43114161186607e-8,8.7967102761126e-7,697.014317566414,0.536795800930199,0.162986215623808,3.29350429345012,9.8946830455577e-4,0.00426498543368005
3058,CPNE7,513.189239961893,0.724836709819199,0.165832668252951,4.37089216169144,1.23739898139404e-5,1.1649793084913e-4,513.189239961893,1.082459120198,0.183205468810893,5.9084432753224,3.4535568973706104e-9,5.09617776559025e-8
3068,CPSF4,1763.04873056043,0.247568709833797,0.0801808284119852,3.08762973315441,0.00201759684264987,0.00904725370717747,1763.04873056043,0.323660038870394,0.0928990543475758,3.48399713154712,4.9398478214241e-4,0.00232676598997674
3085,CRAT,2123.56908905094,0.999132853723283,0.108859704971649,9.17816977350341,4.38480316442267e-20,1.25235636186446e-17,2123.56908905094,1.19618099819228,0.128199460405859,9.33062428192256,1.05249140027373e-20,8.469515241491619e-19
3131,CRTC2,2469.35663242326,0.54631733446648,0.121861714006019,4.48309248661556,7.35690244322945e-6,7.43584637355634e-5,2469.35663242326,0.459124154698735,0.140061784097879,3.27801161220314,0.00104541094943008,0.00448323321894389
3132,CRTC3,1111.1318119467,0.544790640540237,0.113139359441958,4.81521765040326,1.47039535545314e-6,1.81955003175152e-5,1111.1318119467,0.685454491835247,0.131464827208258,5.21397628849725,1.84835104757975e-7,2.01725401250627e-6
3135,CRY2,709.400459593535,0.737221674995158,0.196733784682797,3.74730591486264,1.7874404295924e-4,0.00117403542756764,709.400459593535,1.28618151281072,0.226182290241975,5.68648195857748,1.29683079052891e-8,1.76015129635056e-7
3158,CSGALNACT2,3643.69485133061,0.696522868096846,0.163216986265996,4.26746556244897,1.9770627924289e-5,1.7584042153857e-4,3643.69485133061,0.512984309258514,0.187908441638397,2.72996947229055,0.00633401906510057,0.0210970841046194
3165,CSNK1D,5337.33664311475,0.155868218414801,0.0680748592634211,2.28965906211655,0.0220410883034592,0.0640156784775553,5337.33664311475,0.261721938121501,0.0788708734951407,3.31835982693441,9.0547756850453e-4,0.00394764672654541
3166,CSNK1E,3194.81400748388,0.777219494026441,0.132518652682529,5.8649818594851,4.4918180351731206e-9,1.20883151621346e-7,3194.81400748388,0.928774941492501,0.152931401480913,6.07314738829761,1.2542723481846802e-9,1.99559359720843e-8
3176,CSPG4,725.955472004588,0.395081885213129,0.124835485448109,3.16482035372351,0.00155178729828782,0.00725447882456541,725.955472004588,2.0265123632645,0.143898045981485,14.0829734652911,4.8332563860639195e-45,2.24387025964291e-42
3230,CTNNA1,24701.2906484308,0.165248942268401,0.0767457806218274,2.15319905445593,0.0313030379655433,0.084909742565131,24701.2906484308,0.219954828505846,0.0887306413189176,2.47890497844234,0.0131786409426657,0.039511918017537
3435,DCAKD,757.994107929248,0.875006137457776,0.0998709270950779,8.76136992925642,1.92891653504893e-18,4.11533180754777e-16,757.994107929248,1.16923479654991,0.115716569699331,10.104298801701,5.28724415951368e-24,6.097505907780549e-22
3522,DDX50,2956.60512075668,0.429249889112088,0.11808834077113,3.63498958753286,2.7799186329412e-4,0.0017176133688808,2956.60512075668,0.625657500365949,0.136351894849936,4.58855009719173,4.46335201904902e-6,3.55067889529444e-5
3538,DEDD2,1543.86705177706,0.319545994645357,0.140896454745631,2.26794914905597,0.0233323062142686,0.0670184068843906,1543.86705177706,0.46782733616836,0.161325061378708,2.89990490113711,0.00373275891502665,0.0134578520341443
3539,DEF6,602.657334751683,0.67434239722368,0.138592531647508,4.86564744295734,1.14082724298884e-6,1.44919431985985e-5,602.657334751683,1.48346931103693,0.159416122459006,9.30564166380601,1.33185682373994e-20,1.05765787941383e-18
3540,DEF8,1821.35809812236,0.288923189021115,0.132314998125952,2.18360120253401,0.0289915651269679,0.0799786002910653,1821.35809812236,0.67515871301104,0.15202037383412,4.44123834182748,8.94426596290028e-6,6.60546102458952e-5
3558,DENND4B,2978.92711543318,0.210379415529138,0.0792546642883012,2.65447361891346,0.0079432250397862,0.0281711654325123,2978.92711543318,0.510937543674938,0.0909991019151825,5.61475369450533,1.96842431823769e-8,2.56774428717663e-7
3560,DENND5A,3637.31240093991,0.881893633080547,0.119458934748768,7.38239994300337,1.55461359004745e-13,1.1917358204571599e-11,3637.31240093991,0.631947348221701,0.138058407194583,4.57739127274602,4.70810352949596e-6,3.72086086883692e-5
3590,DGKA,1292.66731010109,0.693080973721206,0.131744219195583,5.26080747947111,1.43424144152329e-7,2.42574474178551e-6,1292.66731010109,1.32555435330948,0.150689255917882,8.79660826005961,1.4101351943373899e-18,8.4263722206841e-17
3591,DGKD,3040.14530192464,1.25318206446601,0.156297768223775,8.01791400291653,1.07556063129209e-15,1.32264080964724e-13,3040.14530192464,1.03503545113539,0.181186112573844,5.71255399452068,1.11293087475713e-8,1.53587853798419e-7
3616,DHRS7,705.572954436131,0.328525450017238,0.151157556745079,2.17339746084466,0.0297504157820275,0.0815385176703517,705.572954436131,1.14566425703738,0.174043803920234,6.58262018659649,4.6222887931218494e-11,9.41682375312467e-10
3650,DIP2A,2540.50600097371,0.432414016509337,0.0860518003447007,5.02504322718643,5.03319153805598e-7,7.12452084379658e-6,2540.50600097371,0.418596403702394,0.100262436043285,4.17500731302478,2.97976481394289e-5,1.9470090841302e-4
3684,DLG1,7901.66659770943,0.487975969942651,0.0937800249282635,5.20341053775497,1.95663966125366e-7,3.19043969811048e-6,7901.66659770943,0.351109707486426,0.109013872068994,3.22078007892622,0.00127842208255201,0.00534451863927191
3712,DMPK,979.800269404629,0.4634153042305,0.106870788185602,4.33622051542925,1.44953528333472e-5,1.3445977368932e-4,979.800269404629,0.288144689107204,0.123480741883655,2.33351925742962,0.0196209088099844,0.0551126551215602
3847,DPF2,2669.96734165373,0.413877004965257,0.128052406984255,3.23209078776745,0.0012288800602821,0.00596028707408257,2669.96734165373,0.49174725036499,0.147679742975648,3.32982195429523,8.6901533079686e-4,0.00381254944982023
3849,DPH1,699.913970507507,0.435661232197346,0.127588476519206,3.41458134843209,6.3880114769009e-4,0.00345085134938868,699.913970507507,0.423209279811201,0.145564490874651,2.90736619396852,0.00364486239901844,0.013190861202604
3857,DPH7,1713.30297862991,0.325208040746325,0.123712279380841,2.62874503948951,0.00857005875014431,0.0299090658942758,1713.30297862991,0.621461958642602,0.142472607597281,4.36197504294478,1.28893575727775e-5,9.16992959578424e-5
3864,DPP7,3956.03921522587,0.302808428555,0.13797788344539,2.19461569487583,0.0281911767454734,0.0782827909375635,3956.03921522587,0.931051812541586,0.15915065535389,5.85012867506754,4.911928671148321e-9,7.13767098874891e-8
3865,DPP8,1856.4112784239,0.30276764350077,0.0868553533011212,3.48588350623705,4.9051456246625e-4,0.00276713344127188,1856.4112784239,0.211922822988304,0.102306809752785,2.07144395862208,0.0383173264906418,0.0957986072134162
3906,DSP,8810.52542986936,0.349709860514454,0.129182305462038,2.70710341686247,0.00678731103978344,0.0247660630316269,8810.52542986936,0.755225692592904,0.149183493268876,5.06239447840082,4.14023231912884e-7,4.17854216110071e-6
3935,DUS2,496.422202126245,0.700263135500443,0.112157392798252,6.24357537233474,4.27680071533318e-10,1.51164844445349e-8,496.422202126245,0.88015893207591,0.129423419065772,6.80061567241259,1.0417298894184899e-11,2.33435165566969e-10
3945,DUSP2,33.645878887345,1.31591786282603,0.524181070066688,2.51042614465,0.0120585543457633,0.039519234626842,33.645878887345,2.12358580862111,0.497393154541631,4.26943111144762,1.95972163225358e-5,1.3329346308633e-4
3951,DUSP5,2633.91791515856,1.22985006610305,0.213556318588257,5.75890272988942,8.466246860456871e-9,2.09385893023701e-7,2633.91791515856,1.04796528165758,0.246675026056858,4.24836392402379,2.1533738225038e-5,1.4542702883347e-4
3970,DVL3,3659.43853639283,0.273502001246244,0.113728222732848,2.40487360721983,0.0161780600521757,0.049951536859322,3659.43853639283,0.361556536508598,0.131509969874889,2.74927092487788,0.00597279955084548,0.0200860900199867
3971,DYM,933.661195029432,0.658479685568524,0.145868680529068,4.51419511837775,6.35576820308127e-6,6.58945804099316e-5,933.661195029432,0.802189721508771,0.171705811908513,4.67188450170916,2.98448775694245e-6,2.46632292684619e-5
4036,ECI2,2773.24137154717,0.497917348443038,0.114960207869108,4.33121475397784,1.48288962496151e-5,1.368369436103e-4,2773.24137154717,0.467709050053294,0.133165430480162,3.51224073970886,4.4434530157871e-4,0.00212557887196414
4150,EGFR,14142.1966941216,0.30546128281348,0.0748500241586438,4.08097774512481,4.48466493918133e-5,3.5772273307668e-4,14142.1966941216,0.207849470099856,0.0865952274801477,2.40024163164773,0.0163842525322375,0.0474785323619629
4156,EGR1,2807.10673233317,1.39889587772059,0.326385211958698,4.28602714358766,1.81896772561083e-5,1.6317264683443e-4,2807.10673233317,2.81740610134391,0.37393309942774,7.53451915771996,4.9013754830719e-14,1.5903997221595e-12
4161,EHBP1L1,5921.4671875665,0.223090088401869,0.0991317462570731,2.25044041717314,0.0244210017829643,0.0695588064295852,5921.4671875665,0.281656489709606,0.114941483810306,2.45043373699993,0.0142684222219791,0.04222688014893
4165,EHD4,2600.06077234486,0.198942064970638,0.0810923320916869,2.45327837835154,0.0141560739577067,0.0450451903409181,2600.06077234486,0.312796885246866,0.0938083654587601,3.33442421384452,8.5476189326188e-4,0.00375456546322168
4186,EIF2AK4,5206.57757065046,0.59469174076531,0.116999110796739,5.08287402114072,3.7176628718418e-7,5.49978062945485e-6,5206.57757065046,0.391471231765549,0.135524647491264,2.88856115114251,0.00387008770850464,0.0138454471547491
4191,EIF2B5,3799.07883855309,0.288673925566005,0.116277594707482,2.48262725327454,0.0130417476637144,0.0421834451700277,3799.07883855309,0.420731460366439,0.134329273725613,3.13209063592381,0.0017356628458215,0.00692396251981955
4234,EIF4ENIF1,662.181855419308,0.386903562110477,0.119797337811165,3.22965075167486,0.00123941519814877,0.00600026198787467,662.181855419308,0.402268633694941,0.138619161737267,2.90196989112793,0.00370824179291719,0.0133881208180576
4261,ELF4,2231.14309948066,0.303313628577277,0.103990482862653,2.91674411184226,0.00353705821263523,0.0144518289869277,2231.14309948066,0.439981024101293,0.121555057322514,3.61960278570657,2.9505559324337e-4,0.00147476321880802
4267,ELL,890.888860342027,0.423519755573451,0.156529649409918,2.70568392103366,0.00681638906873337,0.0248465660002327,890.888860342027,0.575950428365579,0.178595183355391,3.22489340162931,0.00126019582345196,0.00527441183065678
4293,ELP2,2301.63405915806,0.896197909876617,0.186167612196359,4.81393030346954,1.47990439528374e-6,1.82876113270652e-5,2301.63405915806,0.686887080242082,0.215915041958513,3.18128405511489,0.00146623787709243,0.00599000519012533
4317,EML2,1546.03000291128,0.887788015370761,0.177739111677663,4.99489395997884,5.88681041193758e-7,8.11866345596501e-6,1546.03000291128,1.77177053487268,0.204928392786967,8.64580310603679,5.34281735204683e-18,3.04204562818113e-16
4337,ENG,66.0699527279949,1.53381611397466,0.305866157881287,5.01466433749748,5.31261287674863e-7,7.44270164726778e-6,66.0699527279949,1.208380419145,0.345687109710479,3.49559004429483,4.7301482456727e-4,0.00224199120775263
4338,ENGASE,620.766509322565,0.582209819251985,0.135442700964037,4.29856917432986,1.71904251324631e-5,1.5538950905852e-4,620.766509322565,0.627419778009261,0.153172993433655,4.0961514425258,4.20075185354683e-5,2.6455239325328e-4
4340,ENKD1,254.14551237205,0.43213903764112,0.17238958608473,2.50675836896971,0.0121843972999742,0.039831346361136,254.14551237205,0.527892201737515,0.200073018615589,2.63849771143696,0.00832742624607687,0.0267286615159489
4372,ENTR1,3728.32131840791,0.332105127198836,0.0937868860052147,3.54106145693301,3.9852074072044e-4,0.00232904464576817,3728.32131840791,0.638215467575794,0.107917749931429,5.91390635906808,3.34087866544794e-9,4.9500776691162403e-08
4400,EPG5,5792.69425583994,0.39195644432727,0.0969837911653622,4.04146341999525,5.31186680224545e-5,4.1389139099251e-4,5792.69425583994,0.891792335371266,0.112929685422218,7.89688142703188,2.85968178322847e-15,1.10399570079178e-13
4444,ERBB3,340.82363161718,0.820728345911149,0.175997202055202,4.6633033725941,3.1117349889224e-6,3.55730169037043e-5,340.82363161718,0.846238408233801,0.209995816720542,4.02978698075665,5.5827421221153e-5,3.3919841900342e-4
4451,ERCC2,3678.18400882182,0.490939902845394,0.0845372646063308,5.80737861736573,6.3458525783056e-9,1.62622803844625e-7,3678.18400882182,1.2461001032526,0.0985223404800151,12.6478938399293,1.14914202821894e-36,3.4677275938220298e-34
4486,ERN1,832.908082412128,0.940730057515103,0.236348797382981,3.98026166382704,6.88394526490718e-5,5.1696735687437e-4,832.908082412128,0.648704338316429,0.270342359570853,2.39956601453874,0.0164145197760843,0.0475369953720061
4492,ERRFI1,26338.9601044461,1.87070859975551,0.172253076015055,10.8602333440594,1.7829303640491998e-27,1.66169109929385e-24,26338.9601044461,1.04640235861838,0.198920972670471,5.26039232852453,1.43748358836779e-7,1.59871485571174e-6
4555,EXD3,648.865574010957,0.502003575882988,0.139029005344439,3.61078304947443,3.0527394293697e-4,0.00185766013110927,648.865574010957,0.540765709086011,0.162385385149656,3.33013779896286,8.6803014375486e-4,0.00380915021396646
4587,EXT1,10310.0665631941,0.418841137527924,0.0940797537226909,4.45197952752405,8.50822795231575e-6,8.44527469616633e-5,10310.0665631941,0.513672433302869,0.108737164835399,4.72398221969865,2.31270645841035e-6,1.96038685093529e-5
4597,EZH1,1944.77130123678,0.488149278198326,0.12765538430321,3.82396152628284,1.3132441627863e-4,8.992624762034e-4,1944.77130123678,0.414228607518878,0.147563919652495,2.80711307001308,0.00499876923338752,0.0172461348589395
4602,F11R,767.074387393428,0.47161884818779,0.185675645937201,2.54001458191938,0.0110847847184849,0.0369173157410063,767.074387393428,0.629716956302808,0.214018013808773,2.9423549218874,0.00325726369294321,0.0119869952082174
4628,FAF1,2419.57250705421,0.180467148437165,0.0635088387473178,2.84160680618313,0.00448868137201937,0.0176269491408363,2419.57250705421,0.508611588623638,0.0724805664183183,7.01721321668776,2.26337085875439e-12,5.67598237792339e-11
4708,FAM193B,2931.2392864809,0.802325139344811,0.122189626434262,6.56622957904255,5.1605233518293094e-11,2.3018273933046203e-9,2931.2392864809,0.69538317610317,0.141404894567463,4.91767401850019,8.75785928546263e-7,8.15895536558004e-6
4892,FBXO41,1234.46779975026,0.3907484422281,0.0938572045852522,4.16322267379246,3.13787084838972e-5,2.627206476751e-4,1234.46779975026,0.897114850831857,0.110832584074139,8.09432405033297,5.75832093773568e-16,2.46477917018067e-14
4895,FBXO45,1791.13066399566,0.603662850203746,0.123741022658166,4.87843754024374,1.06929513742995e-6,1.37409856992812e-5,1791.13066399566,0.521543556822796,0.143984165452038,3.62222856371331,2.9207587281672e-4,0.00146247946715146
4920,FCHO1,352.506042802064,0.579045535766091,0.175991624629678,3.29018802448423,0.00100120456475963,0.0050246222774019,352.506042802064,1.4066174696823,0.195926128809477,7.17932558678853,7.00561310817113e-13,1.91029564663474e-11
4923,FCHSD1,1653.96269690088,0.367762369032787,0.135632646721367,2.7114590618311,0.00669878123974006,0.0245037837834352,1653.96269690088,0.83870164928921,0.15685000337926,5.34715735556121,8.93463359523087e-8,1.02420550173951e-6
5024,FKBP5,2592.00422813488,0.297553239872535,0.0836879153184042,3.55551023992467,3.7724625074494e-4,0.00221936099939917,2592.00422813488,0.391529274008125,0.0959483737752294,4.08062438791646,4.49148855636082e-5,2.800375062034e-4
5198,FTSJ1,3501.50428327449,0.26357723656892,0.0784653051685976,3.35915645778187,7.818079057262e-4,0.00408988312986698,3501.50428327449,0.220362113036118,0.0913655566806703,2.41187293157202,0.0158708116813953,0.0462137208593347
5222,FXR2,3814.5920796546,0.478637175572888,0.118619723603516,4.03505556270494,5.45893779004482e-5,4.2286469985176e-4,3814.5920796546,0.453520014928712,0.136748260254698,3.31645912045985,9.1165923732129e-4,0.00396886322455866
5235,FZD5,362.892433421907,0.48232025085728,0.166620385299199,2.8947253362257,0.00379490425298235,0.0153320019420058,362.892433421907,0.401207867801702,0.195488954379305,2.05233011284742,0.0401375914050061,0.099688783261871
5240,G0S2,9373.61715821386,1.42846650749495,0.11832853923211,12.0720370315137,1.48414370982336e-33,2.6281216813552e-30,9373.61715821386,2.22730844644134,0.134829247924633,16.519475415945,2.6569898261141702e-61,2.82985045833077e-58
5263,GADD45A,2386.90936195704,0.823312271261472,0.122264419313022,6.73386645016996,1.6521283167587298e-11,8.504618672431291e-10,2386.90936195704,1.80033524571457,0.141187209567206,12.7514046862552,3.06178047225269e-37,9.396033428916469e-35
5300,GANAB,22567.890763347,0.203643610474224,0.0910549278332172,2.23649192108781,0.0253195659236831,0.0716342663966416,22567.890763347,0.252998398282524,0.105131448403169,2.40649588800773,0.0161063853431795,0.0467943217303607
5349,GATAD1,1215.04741705254,0.506312101736111,0.121026660902981,4.1834757561558,2.87085718372868e-5,2.4358954963808e-4,1215.04741705254,0.337434810889645,0.141746489761132,2.38055144404833,0.0172867471180386,0.0497210235614309
5361,GBF1,6179.23644106109,0.666365376252927,0.13921660206311,4.78653670882477,1.69683914956934e-6,2.06371069097348e-5,6179.23644106109,0.37309030122496,0.160771873845317,2.32061922462831,0.0203074036906987,0.0568030049781849
5388,GCN1,10386.3511641859,0.411985952820888,0.125112607031832,3.29292117393148,9.9152268826287e-4,0.00498520265864821,10386.3511641859,0.326515409158976,0.144433270230192,2.26066617918842,0.0237799362939832,0.064726326900009
5412,GEMIN2,615.296967009487,0.522641361706601,0.155990976659308,3.35045893614779,8.0677770391398e-4,0.00418588326425692,615.296967009487,0.679895513756862,0.178427818168812,3.81047933407788,1.3869760680738e-4,7.6260518337521e-4
5435,GGA1,1310.20866468629,0.177846728542194,0.0814828234361796,2.18262844906805,0.0290631829737354,0.0801262407128923,1310.20866468629,0.430416868396785,0.0942478508136767,4.56686136268187,4.95081209701111e-6,3.8973653838471e-5
5437,GGA3,2607.31510247784,0.240646956077539,0.0858871433893858,2.80189731059654,0.00508030418042331,0.0194344407921659,2607.31510247784,0.561606902082103,0.0992099978397065,5.66078937920642,1.5067826877468e-8,2.01937878196473e-7
5456,GID4,738.283545426518,0.6103720552084,0.10860871459309,5.61991786290078,1.91048264912446e-8,4.33728548085846e-7,738.283545426518,0.603274144280651,0.127879418836181,4.71752334950371,2.38733008646606e-6,2.01879592010419e-5
5458,GIGYF1,3212.95981366825,0.375828736202007,0.0763674972339315,4.92131796660503,8.59633355326239e-7,1.13261811429442e-5,3212.95981366825,0.336948372902801,0.0887259899216209,3.79762878047859,1.4608688361502e-4,7.9838488220152e-4
5474,GIT1,3202.31121048977,0.573328967505035,0.102683797456787,5.583441416318,2.35805232970286e-8,5.21303254112087e-7,3202.31121048977,0.58237710896978,0.11823361723987,4.9256473967828,8.408150058011e-7,7.87166313083491e-6
5527,GLTP,3399.08808475138,0.640960573397435,0.144601549118197,4.43259824881624,9.31042534016762e-6,9.11886127896506e-5,3399.08808475138,0.442052071653523,0.167012532588085,2.64681976138754,0.00812526468048828,0.026167919300057
5542,GMIP,800.302999227978,0.256330858648984,0.117047446780613,2.18997394389504,0.0285261265613787,0.078952899210518,800.302999227978,1.02498087199384,0.133863688076258,7.65689999075732,1.9047484477523302e-14,6.64496635741883e-13
5565,GNB1,18650.4529231143,0.227073618670125,0.0743657938602717,3.05346862963342,0.00226212371755606,0.00996212056465625,18650.4529231143,0.206110368865164,0.0859777437548477,2.39725258961035,0.0165185322127623,0.0477999910890642
5584,GNL2,3807.43836377589,0.354891489370435,0.145622980119247,2.43705690598986,0.0148073489270041,0.0466397251510831,3807.43836377589,0.354692014322185,0.167885226622851,2.11270533719438,0.0346259962000194,0.0880160448122353
5600,GOLGA2,6101.1737673483,1.13195261344375,0.195678859915524,5.78474656859932,7.262173081676831e-9,1.83450158245839e-7,6101.1737673483,0.596593793796958,0.226194331998043,2.63752760083361,0.00835128290988205,0.0267909865992779
5746,GRAMD1A,2435.28981624814,0.659621134699823,0.12611548865168,5.23029440516732,1.69240300299859e-7,2.80609291920403e-6,2435.28981624814,0.410826442486909,0.146146411436354,2.81106076057039,0.00493784600679777,0.0170489397023418
5756,GRB7,156.475146034537,0.530403464453063,0.208111312929951,2.54865272332213,0.0108139925771595,0.0361855972328686,156.475146034537,1.01747098560642,0.236497647541852,4.30224569327425,1.69075675935719e-5,1.1666479376875e-4
5864,GTPBP1,2068.83010391283,0.78947634731649,0.125910552101335,6.27013649087254,3.60731753829751e-10,1.30098531503406e-8,2068.83010391283,0.760856812642223,0.145282618656494,5.23708079932942,1.6313628598389e-7,1.80106438660019e-6
5866,GTPBP2,5581.44687926431,0.277774122556458,0.113316063026562,2.45132168500547,0.0142332688261354,0.0452175794445502,5581.44687926431,0.655424724156499,0.1307041569899,5.01456678387932,5.31530886969001e-7,5.20773714256533e-6
5899,H1-10,1707.07531954458,0.619869729427649,0.235058976265871,2.63708171997876,0.00836226836939078,0.0293167785161694,1707.07531954458,1.0571391309103,0.272019031977961,3.88626899825139,1.0179670243283e-4,5.7850944577803e-4
5910,H2AC6,1111.69734306036,0.565607087555102,0.217377078520311,2.60196287209856,0.00926918865449111,0.0318468747950579,1111.69734306036,0.576525395656067,0.252405025988005,2.28412803350226,0.0223640074827481,0.0615384072162063
5955,HABP4,943.452621298254,0.411245124184582,0.161065428730499,2.55327991503809,0.0106713696318159,0.0357962897215752,943.452621298254,0.912680319131159,0.186323344611667,4.8983680549174196,9.66358962818014e-7,8.93154434955741e-6
6017,HDAC5,1143.27863791593,1.22550068637753,0.201214158318436,6.09052909904126,1.1253812540558101e-9,3.5396538626679e-8,1143.27863791593,1.33271485844203,0.232871859901333,5.72295364071338,1.04687839120197e-8,1.45136142045197e-7
6019,HDAC7,3197.66395808353,0.424602958579747,0.142499144169686,2.97968778025878,0.0028854231630606,0.0121654936598755,3197.66395808353,0.395837011079274,0.164570997582004,2.40526591498622,0.0161607016780194,0.0468919334266377
6096,HGS,6401.06948927668,0.525551221472751,0.12540633904768,4.19078672947255,2.77988868108903e-5,2.3689253496017e-4,6401.06948927668,0.46891445401222,0.144577664635888,3.24333952407627,0.00118137339608842,0.00498600156400393
6126,HIP1,1033.21085891537,0.529791584523732,0.117352097916563,4.51454719540174,6.3452191033245e-6,6.58623328731947e-5,1033.21085891537,0.920608610709256,0.138467077585483,6.64857399146677,2.9594619842522896e-11,6.25251093195706e-10
6130,HIPK2,6091.35697410274,1.22753299140991,0.126282403016885,9.72053874557474,2.46473930857053e-22,1.11911804297864e-19,6091.35697410274,0.864403251010232,0.145986925418675,5.92110045835414,3.1979442789343604e-9,4.77739101603841e-8
6135,HIVEP2,2296.86820181958,0.183156594742148,0.0755834028654472,2.42323827452174,0.0153828333089947,0.0480083208029042,2296.86820181958,0.57214184444848,0.0883201337893951,6.47804549088194,9.29183427725842e-11,1.8090102303660302e-9
6169,HMG20A,953.931290132099,0.325309446704452,0.0928679451622469,3.50292499889078,4.601790167075e-4,0.00263144625915961,953.931290132099,0.353345066192353,0.108930756378696,3.2437584933676,0.00117963719185054,0.00498099603443232
6171,HMGA1,56987.2506229642,0.949874585339457,0.179027673491681,5.30574165889273,1.12215792293263e-7,1.97330412108153e-6,56987.2506229642,0.845197119488469,0.206721590252091,4.08857690412394,4.34027658977897e-5,2.7216479297508e-4
6304,HPS4,2107.08653613814,0.224653004872699,0.0837505920293483,2.68240497683855,0.00730949140996444,0.0262708491754923,2107.08653613814,0.751898385914942,0.0972618214958177,7.73066321760459,1.06987719964561e-14,3.85880409896085e-13
6352,HSF2,1364.83532488572,0.18400412733066,0.0864287131106186,2.12896988406106,0.0332567521259664,0.0890534653934088,1364.83532488572,0.386830080618116,0.102835770039811,3.76162963984577,1.6880988633098e-4,9.0535302189241e-4
6354,HSF4,388.444360259994,0.888656559699741,0.180068992767114,4.93508930129384,8.01140950121018e-7,1.06506035621194e-5,388.444360259994,0.947808279828646,0.205656848506234,4.60868814587478,4.05217587485111e-6,3.25606882578915e-5
6377,HSPA5,66909.977713242,0.948493586019155,0.339797284651419,2.79135128166832,0.00524884722810705,0.020005722495764,66909.977713242,1.00077789728107,0.392341484674989,2.55078276545265,0.0107481296028266,0.0333000743649518
6524,IGF2BP2,4269.44053073668,0.525259245502223,0.118426226659206,4.43532873012798,9.19318959924484e-6,9.00902055469993e-5,4269.44053073668,0.651754013942789,0.136924230862575,4.75996111014804,1.9363026542446e-6,1.67344610299536e-5
6591,IL1B,706.212836809403,0.625383680871697,0.265908792731531,2.35187289012704,0.0186791567870928,0.0560438001331479,706.212836809403,3.40813993546244,0.22819946144364,14.9349166466117,1.95318175690096e-50,1.30978921816477e-47
6640,IMPDH1,2890.17819545939,0.509346499790959,0.121895146691337,4.1785625893763,2.93357269002584e-5,2.4818631249575e-4,2890.17819545939,1.14330150399518,0.141459406169529,8.08218792198956,6.36149740819732e-16,2.70378572940894e-14
6658,ING5,1386.07425216623,0.524073331438295,0.120891991128161,4.33505417974885,1.45724226365471e-5,1.3510390578428e-4,1386.07425216623,0.349863580001927,0.138953101084782,2.51785370222474,0.0118072352423651,0.0360265927364782
6676,INPP5E,1580.8390542216,0.386729731403512,0.118900714189813,3.25254338494668,0.00114377133591691,0.00560894567056679,1580.8390542216,0.331552631532616,0.137754119465901,2.4068436778378,0.0160910558702565,0.0467572873674954
6680,INPPL1,8350.5794080457,0.291919154466667,0.0720033019345732,4.05424677234835,5.02961004240337e-5,3.9513901788322e-4,8350.5794080457,0.5726183325231,0.0833197393273924,6.87254109465084,6.306820325050739e-12,1.47959426772649e-10
6693,INTS11,3833.73784135461,0.206997431460616,0.0608040191146277,3.40433797756666,6.6324633918496e-4,0.00356766894723191,3833.73784135461,0.291878053973489,0.0703692659167633,4.14780586625329,3.35676846203698e-5,2.162136242392e-4
6756,IRF3,3163.28632883905,0.384673921470467,0.119415504302888,3.22130634305886,0.00127607669111512,0.00615212797339136,3163.28632883905,0.657605786573323,0.136951107967188,4.80175586991874,1.57280371727513e-6,1.38618006452068e-5
6826,ITPKC,566.377378933321,0.664592836868339,0.15061260513141,4.41259771244565,1.02137672883449e-5,9.86717900392864e-5,566.377378933321,1.20066932977957,0.173548442015653,6.91835268490212,4.5692559940603e-12,1.09287911530325e-10
6854,JARID2,3647.28682108704,0.541748854323999,0.142122281258152,3.81185025689226,1.3793043113343e-4,9.3796930664777e-4,3647.28682108704,0.941098824454579,0.164426606006775,5.7235191269216,1.0433981448241e-8,1.44764496629771e-7
6895,KANSL3,3081.7628073626,0.399658332640929,0.10198661318147,3.91873325501843,8.90155597724627e-5,6.4443480476319e-4,3081.7628073626,0.361057110895479,0.117674624796867,3.06826651471162,0.00215304504308998,0.00834933252306429
6904,KAT8,842.885404740512,0.508661951152644,0.111298794506451,4.57023774074357,4.87171234840383e-6,5.26026111375213e-5,842.885404740512,0.516755193717738,0.129392886346357,3.99369090766316,6.50526553961761e-5,3.8780458636439e-4
6910,KATNIP,672.887912850507,0.573266972914659,0.150248495382362,3.81545899315512,1.3593002921119e-4,9.2614426982372e-4,672.887912850507,0.4753165614501,0.173596900469106,2.73804751217139,0.00618051461351544,0.0206847315327746
6923,KCNAB2,633.143356397146,0.408178277836284,0.167891771226801,2.43119883037559,0.0150489536187337,0.0472168090392203,633.143356397146,1.49528101928426,0.186571210562988,8.01453243923418,1.1055677921380402e-15,4.51860280913124e-14
6958,KCNK6,756.040197528891,1.24014122606919,0.24430285121421,5.076245405674,3.84966027076868e-7,5.67608526850723e-6,756.040197528891,1.00072793241018,0.281989420064245,3.54881375401312,3.8697067908504e-4,0.00187690627257268
6985,KCTD13,684.61812288641,0.454338040139087,0.116144817723443,3.91182360990853,9.16018075927705e-5,6.5858092117449e-4,684.61812288641,1.19261442122383,0.134224335738516,8.88523243316458,6.37872677804781e-19,3.9288294474044203e-17
6998,KCTD5,2876.15533388644,0.75268159707438,0.163106236166867,4.61467087196067,3.93718741014002e-6,4.38764724095403e-5,2876.15533388644,1.05893599445831,0.188336603690077,5.62257136271224,1.88135807405473e-8,2.47197890339876e-7
7021,KDM6B,1019.96788320488,1.01523316555859,0.151826804707147,6.68678477108728,2.2812700172309196e-11,1.12971410949443e-9,1019.96788320488,1.3367552466215,0.175063435859423,7.63583349120897,2.2436413936019e-14,7.69382027889318e-13
7022,KDM7A,934.912325227332,1.7486184501553,0.238408347123739,7.33455212978651,2.22464165187241e-13,1.6835023235622497e-11,934.912325227332,1.56372373989434,0.277323352890953,5.63862986507745,1.71408526187188e-8,2.27197860552359e-7
7025,KDR,343.5557004861,0.902610729336622,0.255993391237048,3.52591418463929,4.2202369444301e-4,0.00244734999123616,343.5557004861,0.838262299928561,0.288915996690694,2.90140493960251,0.00371493473633091,0.0134069380777372
7035,KHNYN,2884.40558934631,0.770719335035583,0.165835418275731,4.6474953483949,3.35989667946853e-6,3.80172846006573e-5,2884.40558934631,0.766325204859654,0.191565647041025,4.00032686808163,6.32550511797109e-5,3.7861823079864e-4
7044,KIAA0753,1054.10455559924,0.220870703372091,0.103975153550974,2.12426426726851,0.0336480518955781,0.089843139771848,1054.10455559924,0.482186953919877,0.121401666742335,3.97183141598278,7.13221879748641e-5,4.2159958716059e-4
7120,KLC4,1386.81478470683,0.384051965798307,0.155504180314861,2.46972116775696,0.0135218403226477,0.0433776718176532,1386.81478470683,0.50164886026611,0.180165562734172,2.78437706214853,0.00536306475436345,0.0183145323354403
7153,KLHL17,1179.28975616122,0.53167164834404,0.139451761753724,3.81258466481756,1.3752109859552e-4,9.3590454032646e-4,1179.28975616122,0.610211484229788,0.159934421385919,3.81538557454971,1.3597045297037e-4,7.4943105676761e-4
7199,KMT5B,1563.4866710733,0.559941817121742,0.154859000170709,3.61581707556222,2.9940175049153e-4,0.00182820903369105,1563.4866710733,1.03161721881697,0.180415387204777,5.71801127830664,1.07777990989771e-8,1.49077792579129e-7
7200,KMT5C,277.626135630187,0.85609655048481,0.192587673938939,4.44523023190072,8.77977905054723e-6,8.68560488419499e-5,277.626135630187,0.471594616284065,0.221204918621208,2.13193548870233,0.0330121502637402,0.0846985960996572
7222,KREMEN1,239.051692806731,0.557884177309694,0.172383551413421,3.23629588052599,0.00121091796019724,0.0058844498460957,239.051692806731,0.750935563922493,0.221642037948124,3.38805567244537,7.038997521438e-4,0.00317192854960572
7301,LAMA3,2857.36353176412,1.15797007984844,0.20797135469718,5.56793064859592,2.57782376865084e-8,5.61549844108963e-7,2857.36353176412,0.66543421697429594,0.241817083793844,2.75180812924532,0.00592672343715419,0.0199459580953743
7308,LAMB3,28248.985665822798,0.487271202471936,0.167830606576737,2.90335125642976,0.00369192299527953,0.0149637382468322,28248.985665822798,1.15841895556634,0.193647025380166,5.98211593125244,2.2025740884336e-9,3.36538451014167e-8
7310,LAMC1,17079.8299618213,0.5538406301295,0.114117586340075,4.8532452174289,1.21457353752236e-6,1.52536653918056e-5,17079.8299618213,0.288043663200908,0.131954051142803,2.18290882853747,0.0290425247573541,0.076275595192436
7340,LARS1,8979.55164748924,0.616963296546425,0.120793417403222,5.10759037876157,3.26293040635689e-7,4.9300317095365e-6,8979.55164748924,0.503051738246159,0.139380920789655,3.60918650412228,3.0715872519238e-4,0.00152660331549089
7398,LEMD2,4020.63609309596,0.560203481444605,0.103566437825109,5.40912184689223,6.33345302776117e-8,1.19949503973898e-6,4020.63609309596,0.485871172789248,0.119999839229899,4.04893186447028,5.14519200752013e-5,3.1579269995986e-4
7461,LIN7B,94.3381290628069,0.497054156743952,0.211676535598354,2.3481778711982,0.0188655097511208,0.0565263023135105,94.3381290628069,1.18536507687031,0.23913700320805,4.95684507612165,7.16470608503278e-7,6.85645710230463e-6
7863,LINC02535,141.021951213474,1.04162230438346,0.195593353984988,5.32544835068069,1.00704329241036e-7,1.79403648108679e-6,141.021951213474,0.717873545907953,0.226434059525271,3.17034260399256,0.00152259296494842,0.00618534175978374
8130,LRRC23,124.946717109591,1.1307194763334,0.211657005051736,5.34222562611152,9.18122765162239e-8,1.65224775665578e-6,124.946717109591,0.651102426817594,0.243779833564098,2.6708625455124,0.00756566208590364,0.0245931557858835
8170,LRRC75B,139.16454167929,0.59503206130076,0.199945973883398,2.97596420544964,0.00292068949807599,0.012293693756104,139.16454167929,1.88549168528292,0.252313336623303,7.47281816536678,7.84952817236673e-14,2.4846775714837797e-12
8184,LRRK1,1086.16643763213,0.643437286281677,0.117171152889466,5.49143087197126,3.98690372883898e-8,8.06858185488921e-7,1086.16643763213,1.02390170725958,0.137509064423136,7.44606700332773,9.61639795425771e-14,3.00197416137569e-12
8191,LRSAM1,1362.3339602224,0.599780051583816,0.101193307977435,5.92707228938063,3.0838324356056102e-9,8.6269359825757e-8,1362.3339602224,0.897560254957154,0.118306917146168,7.58670986116745,3.28130707076196e-14,1.0881198868720899e-12
8263,LYSMD1,252.471746539009,0.354807905248569,0.13920008964692,2.54890572375734,0.0108061508265163,0.0361797863269455,252.471746539009,0.376015458244463,0.159776386978812,2.35338566201479,0.0186033281697649,0.0528446595296146
8273,LZTS2,3441.4172520023,0.409932994605306,0.0876069716132806,4.67922800042505,2.87957088476684e-6,3.32191799527369e-5,3441.4172520023,0.543385281580981,0.100894185428362,5.38569471842163,7.2165360454576e-8,8.4244101637044e-7
8289,MAD2L2,1414.28672525602,0.237299798415343,0.105072778072998,2.2584327050959,0.0239186956527858,0.0683810562834243,1414.28672525602,0.642040135552475,0.120825603275288,5.31377554217259,1.07376869438593e-7,1.21510349878447e-6
8346,MAN2A2,2097.91199002853,0.484024860054746,0.0935580523999306,5.17352432675378,2.29719198180377e-7,3.62878462210358e-6,2097.91199002853,0.787868289755445,0.107834188892978,7.30629402273687,2.74610931722098e-13,7.96811783615434e-12
8347,MAN2B1,2080.463743266,0.1587715712345,0.0725294548740765,2.18906334688651,0.0285922361148442,0.0791235063481264,2080.463743266,0.664160983044681,0.0833310265630007,7.97015242026997,1.5847878571191502e-15,6.32030152885447e-14
8367,MAP2K1,2911.11069557341,0.438753205629148,0.091480915224944,4.79611736011046,1.6177052478505e-6,1.97697201717989e-5,2911.11069557341,0.322599824463355,0.10573344007596,3.05106713856652,0.00228029579353338,0.00878260702780588
8376,MAP2K7,2762.19384699901,0.316882803124136,0.145987672089151,2.17061344008982,0.0299604052728984,0.0819871513788417,2762.19384699901,0.44333776953083,0.168389807635806,2.63280643736872,0.00846825929800322,0.0271134045711134
8391,MAP3K4,1169.42949078089,0.263196586574226,0.105108006368427,2.50405840304555,0.0122777765437463,0.0400690871796275,1169.42949078089,0.670700489911239,0.121522715808866,5.51913677576244,3.40668966829706e-8,4.25683389469887e-7
8427,MAPK8IP3,4491.45299270216,0.543610124999346,0.0920507919970187,5.90554533215697,3.5148211625870205e-9,9.69477463350327e-8,4491.45299270216,0.821211032970744,0.106598686559715,7.70376314637531,1.32116628899688e-14,4.69039937815245e-13
8429,MAPKAP1,4854.05280084297,0.367114668233839,0.0890232797859439,4.12380524640931,3.72664026428757e-5,3.0565699768413e-4,4854.05280084297,0.784100179749825,0.102586753065141,7.64328879043409,2.11742338175154e-14,7.30248909523684e-13
8430,MAPKAPK2,6655.59723400314,0.462337708003946,0.117500509055906,3.9347719573195,8.32757265678048e-5,6.0810167672688e-4,6655.59723400314,0.368873494797084,0.13581182563183,2.71606314900041,0.00660633157761951,0.0218833222730294
8456,MARK4,1006.05932780499,0.363751615900362,0.120355060388862,3.02232091218347,0.00250844462230634,0.0108898105839178,1006.05932780499,0.781159522718635,0.140357324782791,5.5655059251629,2.61392900710897e-8,3.32977636391563e-7
8463,MAST2,4479.44006584519,0.397606383874691,0.0783580366518312,5.0742259615485,3.89076495848331e-7,5.72239749873941e-6,4479.44006584519,0.412803504966931,0.0905563090501858,4.55852838191713,5.15133039855664e-6,4.03941048922765e-5
8464,MAST3,549.008694317088,0.432056051021705,0.112004728380278,3.8574804588141,1.1456183495655e-4,7.9805703123944e-4,549.008694317088,1.13397878370744,0.126507651070228,8.96371700932087,3.13913933045535e-19,2.09731574602304e-17
8485,MBD1,2489.05349404035,0.370469032893161,0.0784584450295674,4.7218503088297,2.33708669722849e-6,2.75283400013757e-5,2489.05349404035,0.514998975304127,0.0908824076772644,5.66665197881813,1.45614677529201e-8,1.95731206484314e-7
8584,MED24,3336.61752136991,0.251274821080472,0.0862893028939958,2.91200430010608,0.00359117691637714,0.0146358022635688,3336.61752136991,0.214134910946616,0.0994327343223488,2.15356554766378,0.0312742585328582,0.0811597713911323
8652,METTL25B,671.713988566146,0.561240183250189,0.142262733309576,3.9450963031118,7.97679137053044e-5,5.8514093450436e-4,671.713988566146,0.798400237791111,0.163743857143353,4.87590955605824,1.08308228171054e-6,9.89918616489197e-6
8657,METTL3,2182.7728400007,0.383441883328988,0.136543815779651,2.80819663006762,0.00498197973908843,0.019141006122755,2182.7728400007,0.44149407027204,0.157224013224329,2.8080575048171,0.00498413259318742,0.017198914566848
8666,MEX3A,238.811623970025,1.01133342272171,0.233922634646326,4.32336710062614,1.53665720923348e-5,1.4128310415943e-4,238.811623970025,1.19830529916395,0.258820849427379,4.62986386844454,3.6590620887692e-6,2.96690453109069e-5
8750,MIER2,1431.07384310922,0.423703581072987,0.128852579781039,3.28828170761495,0.00100800920964813,0.00505231448753159,1431.07384310922,0.404352929461615,0.148012199408334,2.73188920290342,0.00629723141238176,0.0209861350915855
8756,MIIP,945.93975510375,0.528356809095091,0.116523342460746,4.5343430589719,5.77830474490309e-6,6.09786772483575e-5,945.93975510375,1.09681043584378,0.131191944210028,8.36034897148776,6.25330046198122e-17,3.0273331060062e-15
8766,MINK1,5665.32079870987,0.339871177414473,0.100454905610016,3.38332085775795,7.1614911317121e-4,0.00380713554369135,5665.32079870987,0.738670132663038,0.115843847439697,6.37642955572204,1.8126406674898003e-10,3.3743840412333402e-9
8768,MIOS,980.49875812873,0.444432808580344,0.110984376693239,4.00446280658724,6.21585693876186e-5,4.7159552130075e-4,980.49875812873,0.372623111189148,0.128956412062935,2.8895275948535,0.00385821142658062,0.0138111459252014
8880,MLKL,1012.84861249222,0.686846842551614,0.145284400210985,4.72760214829782,2.27186779474473e-6,2.68201566062265e-5,1012.84861249222,0.377804168653607,0.162862166468127,2.31977860080564,0.0203528572686979,0.0569125611902771
8917,MMRN2,44.2057454695041,0.688856328122753,0.327456919682327,2.1036548221092,0.0354085680423674,0.0934170028149942,44.2057454695041,1.74212366513186,0.441603290106022,3.94499702371694,7.98009697812262e-5,4.654885176736e-4
8933,MOB3C,951.712139950078,0.741564108075163,0.146525644164961,5.06098514223419,4.17095721473296e-7,6.07395644395488e-6,951.712139950078,0.470827246312897,0.166280829049478,2.83151851602086,0.00463275511918596,0.0161622880924761
8940,MOGS,3824.47139884827,0.68004555932402,0.144819253998821,4.69582283119312,2.65535623977599e-6,3.09145616659785e-5,3824.47139884827,0.771365530900007,0.166845737529134,4.62322587513099,3.77817926086824e-6,3.05255304316289e-5
8945,MORC2,2007.13386155671,0.480071485487182,0.130100047433048,3.69001775909601,2.242383971423e-4,0.00142476266113953,2007.13386155671,0.376838276103376,0.149889422704858,2.51410852949507,0.0119333704354086,0.0363196512192819
9159,MT1A,105.800780740243,0.932609569951689,0.403733005065769,2.30996613665451,0.0208900289781746,0.0613772412718626,105.800780740243,1.99912053188598,0.445005018011642,4.49235503190143,7.04398661522588e-6,5.33856934513519e-5
9165,MTA1,2460.80971909097,0.387038831880749,0.163319138208084,2.36983146082748,0.0177961954934397,0.0539153173306808,2460.80971909097,0.604628122755681,0.188699442971496,3.20418604970134,0.00135444919971116,0.00561439038689794
9174,MTCH1,23212.6126853601,0.240661336454833,0.107803698016807,2.23240334869878,0.0255883166953628,0.0722791373490962,23212.6126853601,0.585395391780676,0.124493783901308,4.70220579241729,2.57365906902095e-6,2.15535018981005e-5
9197,MTF2,1392.63735127703,0.382996957481235,0.105467740997754,3.63141330095797,2.8187335311022e-4,0.00173856263910688,1392.63735127703,0.264035750249301,0.122716150668407,2.15159739619568,0.0314290773911491,0.081454657485871
9206,MTHFD1L,1923.30077841786,0.565614521535974,0.134035512801066,4.21988553418267,2.44426391094073e-5,2.1246847374207e-4,1923.30077841786,0.751021789371313,0.15407013526784,4.87454488221041,1.09059589299557e-6,9.96283009009979e-6
9220,MTMR11,1333.18630133018,0.567466556036902,0.167773237080098,3.38234253515645,7.1870467832546e-4,0.0038149947373463,1333.18630133018,0.596669701583407,0.193499339191051,3.08357487977923,0.00204529631861756,0.00797590677253704
9250,MTSS1,28.4557426056521,2.2533395667075,0.614810153452042,3.66509816738619,2.4724372834609e-4,0.00154761114936465,28.4557426056521,2.00317438796048,0.603046641674892,3.3217569745466,8.9452568998726e-4,0.00390931260992261
9251,MTSS2,832.548897330895,0.545830337820409,0.190043482358274,2.87213395085762,0.00407710109727884,0.016267982476479,832.548897330895,0.498209290524886,0.220884446035338,2.25552002174558,0.0241007069924149,0.0653538117125451
9258,MTX2,1883.08250091527,0.233025070979184,0.100963484982198,2.30801334779868,0.0209983941054369,0.0616138463660443,1883.08250091527,0.560843496430273,0.117496028310431,4.77329748498811,1.81233781278474e-6,1.57306751861364e-5
9295,MYC,6036.73646406899,0.82934074830178,0.12637886465886,6.56233738560998,5.29707941955119e-11,2.3568010643571e-9,6036.73646406899,0.759975934578283,0.145894741906402,5.20907007783627,1.89789427032947e-7,2.06668200042635e-6
9317,MYL12A,9554.82051440605,0.305676597116999,0.126022796474833,2.42556589496125,0.0152845407066588,0.0477604811776097,9554.82051440605,0.394213704170408,0.145983216303372,2.70040429408803,0.00692552595898249,0.0227781240714509
9344,MYO1C,14987.1272538188,0.164285744246406,0.0765051071960874,2.14738270773651,0.0317628261665383,0.0858756240802233,14987.1272538188,0.572702908147358,0.08847112091848,6.47333166124417,9.58652074384172e-11,1.8603809709324601e-9
9353,MYO6,4300.98592862885,0.380132039837474,0.0952896253662493,3.98922798128781,6.62886880264855e-5,4.9985894611292e-4,4300.98592862885,0.281015061749434,0.111361585180392,2.52344703332144,0.0116210565769604,0.0355363706101071
9357,MYO9B,6064.14130216799,0.400389531964935,0.119039548451359,3.36350009029594,7.6960811104454e-4,0.00403679515117797,6064.14130216799,0.419347642731565,0.137300361136054,3.05423554069188,0.00225634851455939,0.00869777436759895
9368,MYRF,628.495131187187,0.716564599441529,0.122483758210021,5.85028260002315,4.9073850176681205e-9,1.30676652470477e-7,628.495131187187,1.32071508394652,0.13429959346573,9.83409591841784,8.028545144432849e-23,8.166563954219171e-21
9401,NAB2,940.518310353103,0.640658979553725,0.212346279037915,3.01704829703813,0.00255249140211913,0.0110404293475148,940.518310353103,0.643828831112917,0.242959632758803,2.64994157178397,0.008050569215574,0.0259412006081479
9451,NARS1,6720.5675813559,0.276863060461392,0.0878207544863547,3.15259259705416,0.00161827487138213,0.00752334245797711,6720.5675813559,0.444068375527893,0.101537953695473,4.37342254168052,1.2231365561157e-5,8.73706904360636e-5
9470,NBAS,2420.6784510613,0.672508769066701,0.158620592423116,4.2397317951808,2.23787005655209e-5,1.9608215220892e-4,2420.6784510613,0.650188099667605,0.183743668584309,3.53856056471015,4.0231497831128e-4,0.00194507743586224
9532,NCS1,2173.15371409913,0.467172711965513,0.103344013434127,4.52055901876982,6.16765468090668e-6,6.43967152650328e-5,2173.15371409913,0.756675056062314,0.119091158043044,6.35374673062483,2.10132707886757e-10,3.8469795844263205e-9
9536,NDEL1,3022.09481058627,0.670073486941184,0.161504914938322,4.14893557386215,3.34024792947853e-5,2.7782578832882e-4,3022.09481058627,0.477987590499337,0.186580114641653,2.5618356565884,0.010412057495194,0.0324197270864976
9542,NDRG1,12519.7669728927,0.445678635652902,0.125882396427889,3.54043653679731,3.9946569471505e-4,0.00233329117703321,12519.7669728927,0.30468768414791503,0.145755091761306,2.09040850968611,0.0365811191261412,0.0921231770852951
9551,NDUFA10,2268.53853141055,0.250953251295282,0.0834170081639495,3.00841826887453,0.0026261142816725,0.0113064020665832,2268.53853141055,0.224811415690122,0.0970396372905966,2.31669678460254,0.0205202548579706,0.0573186878214157
9616,NEDD4L,8789.60799374237,0.322972462574489,0.110875195244587,2.91293703575467,0.00358046787847519,0.0146029535313224,8789.60799374237,1.28807545692679,0.128102685580497,10.0550230550584,8.73009980601153e-24,9.75723377084227e-22
9749,NKAP,743.411417563231,0.535337773309768,0.112100634257664,4.77551065482192,1.79251799483133e-6,2.16372928783049e-5,743.411417563231,0.361514711985584,0.132057238046421,2.73756075269803,0.00618966863312331,0.0206962401239761
9799,NMT2,2929.06393748958,0.719599568769865,0.0932806677319752,7.71434838821589,1.2160189011717e-14,1.1896830222071e-12,2929.06393748958,0.398615865473455,0.110781053452317,3.59823140375742,3.2038849909391e-4,0.00158669424633326
9823,NOLC1,8923.17058849145,0.286815538754393,0.121532566579574,2.35998915209775,0.0182754694631893,0.0550377573561489,8923.17058849145,0.302713363688669,0.140141796316331,2.16005054627227,0.0307687568068746,0.080063216809064
9824,NOM1,2484.37478863104,0.392599938175136,0.12777092667399,3.07268600451542,0.0021214157775994,0.00943933145243914,2484.37478863104,0.43403066626403,0.147910861335415,2.93440699584453,0.00334185687807667,0.0122287107183622
9834,NOP53,2535.14468365666,0.645340432236598,0.0968975460777215,6.66002864220081,2.73774225859746e-11,1.31738967160989e-9,2535.14468365666,0.609610275196231,0.111251392887052,5.47957431701678,4.26350341898153e-8,5.22293592043841e-7
9845,NOTCH1,2385.36433828005,1.14381837658064,0.192725821212371,5.93495136969857,2.93932609132476e-9,8.27497399446404e-8,2385.36433828005,0.843924132602963,0.222220562990786,3.79768695230043,1.4605261388802e-4,7.9838488220152e-4
9846,NOTCH2,11546.5645663581,0.17929345967556,0.0716096764349046,2.50376022629488,0.0122881278650376,0.0400827000443992,11546.5645663581,0.361221959746832,0.0829380391038902,4.35532312615152,1.32870768881034e-5,9.41588313643833e-5
9850,NOTCH3,50.3521276071732,0.836207754501418,0.287442492308609,2.90913061525933,0.00362435402567893,0.0147438688460194,50.3521276071732,1.52170393146954,0.335203767173847,4.53963851390829,5.63507523858461e-6,4.37749753715256e-5
9862,NPC1,7399.4135092094,0.901768024451204,0.123975659378076,7.27375058116184,3.49641296745769e-13,2.5271216664384002e-11,7399.4135092094,0.9507871343715,0.143416318965403,6.62956029851012,3.3668827953817796e-11,7.03123182158968e-10
9894,NPM3,1382.99248446569,0.691020493042934,0.143818482200939,4.8048100805115,1.54898467694407e-6,1.90217896389221e-5,1382.99248446569,0.768264905494705,0.163567414688321,4.6969312742311,2.64099262963193e-6,2.20869506041839e-5
9910,NR1D1,604.494019954376,1.19559354316941,0.357363026364977,3.34559944639697,8.2104910601377e-4,0.00425369735789699,604.494019954376,1.46159314990757,0.412206808838719,3.54577633985527,3.9145830517547e-4,0.00189664010530029
9976,NSMF,3931.90721130352,0.316677548761788,0.103503528636223,3.05958215081531,0.00221645990700063,0.00978291925054016,3931.90721130352,0.908148456454203,0.119649889445532,7.59004843767627,3.19785923700921e-14,1.0663064336148899e-12
9995,NT5DC2,3352.70808830395,0.45808813233882,0.111873193140665,4.09470865610172,4.22699587204982e-5,3.4038946294796e-4,3352.70808830395,0.80157388379978,0.129114315345173,6.20824950089276,5.35780408967071e-10,9.040857488124681e-9
10062,NUMBL,1046.85043117424,0.322328708191204,0.154993677908829,2.07962487593079,0.0375599534829011,0.0981859545726621,1046.85043117424,0.867593371063383,0.178252129949677,4.86722582955008,1.13175679210936e-6,1.02921087282431e-5
10070,NUP188,7218.48047899351,0.268884754462967,0.0822182571429092,3.27037769720173,0.00107403974446304,0.00532897052254177,7218.48047899351,0.261053302031975,0.0949167298573909,2.75034024480403,0.00595334128955095,0.0200280931602767
10151,OGA,6573.65696673681,0.496559669205936,0.133037927632966,3.7324669591658,1.8961357507092e-4,0.0012339864709136,6573.65696673681,0.355685113759831,0.154000909081966,2.30962996179795,0.0209086493564033,0.0581613159082867
10226,OSBPL5,537.531882636744,0.618675660867456,0.184289279182302,3.35708980800479,7.8767523234191e-4,0.00411207341223778,537.531882636744,0.48872210223505,0.216304172529716,2.25942059517095,0.0238572344921869,0.0648592242362306
10279,P2RX4,336.078200219166,0.699613296021726,0.181720778601249,3.84993560674143,1.1814888253994e-4,8.1949879044937e-4,336.078200219166,0.831855844873464,0.202285257628065,4.11229100245639,3.91752064657239e-5,0.00024879210391736003
10292,P3H3,203.551588735598,1.40152824942806,0.364129105479231,3.84898715411255,1.1860722646459e-4,8.2171234985723e-4,203.551588735598,4.53542424161648,0.331576645591452,13.6783585391739,1.3674480570555099e-42,5.382394461097179e-40
10293,P3H4,490.902478029693,0.447919383988532,0.147565562086803,3.03539238867299,0.00240222930779393,0.0104956024136232,490.902478029693,0.383089710819229,0.167523886024959,2.28677664964238,0.022208863089856,0.0612138339328563
10318,PACS1,5848.82858170199,0.528010410509246,0.116721286881604,4.52368564994348,6.07719646451497e-6,6.37152131401013e-5,5848.82858170199,0.73176420966221,0.135091531051683,5.41680299250035,6.06741305085852e-8,7.19427509488176e-7
10350,PALM2AKAP2,18490.8591529278,0.457658496204666,0.129638715275493,3.53026096588588,4.1514995964625e-4,0.00241348505758891,18490.8591529278,0.63684930774095,0.149700524579742,4.25415548495099,2.09839460328379e-5,1.4192578515897e-4
10354,PAM,7485.52262149976,0.348102223159725,0.131079973285965,2.65564765107406,0.00791562727175323,0.0280957962974957,7485.52262149976,0.483370643883889,0.151620023063322,3.18803964092538,0.00143240897739988,0.00587566763588633
10356,PAN2,994.294223350431,1.17922279619364,0.179184501336143,6.58105353644101,4.67126332685951e-11,2.10480231531878e-9,994.294223350431,1.03763360099832,0.207485571407135,5.0009916061211,5.70361961160357e-7,5.56410219222491e-6
10497,PCGF1,712.752691800602,0.334547087381354,0.126106836392244,2.65288621102804,0.00798067697713827,0.0282700195861501,712.752691800602,0.486146757195634,0.144144258075001,3.37264046232547,7.4451101035559e-4,0.00333501146796102
10540,PDCD11,3408.09737661332,0.376692364290985,0.146947537301821,2.56344795705751,0.0103638236944164,0.0349681360294686,3408.09737661332,0.794820799491639,0.168918418537346,4.70535307146458,2.53426970870178e-6,2.12826935740976e-5
10552,PDCD7,937.974413747752,0.680751632251885,0.142415542480833,4.78003749024446,1.75262509291473e-6,2.12135920337211e-5,937.974413747752,0.636315313334619,0.164641804342628,3.86484657329445,1.1115905108753e-4,6.2543374114073e-4
10580,PDE9A,34.7919701047182,0.898633958527099,0.426258908352076,2.10818810098593,0.0350147221258537,0.0926817188945615,34.7919701047182,3.27575714034658,0.500660036557333,6.54287720440307,6.03463798842591e-11,1.2046654401151e-9
10647,PELI1,542.518242996956,0.575593379654542,0.114024902955927,5.0479620217438,4.46547884401862e-7,6.42361489600989e-6,542.518242996956,1.15584449929465,0.122599583173709,9.42780121574269,4.1877529120663504e-21,3.51034510304969e-19
10655,PER1,866.84868201372,1.51758663383761,0.182953147702036,8.29494683693119,1.08633777862552e-16,1.70237782158413e-14,866.84868201372,2.12617401919795,0.211039953120707,10.0747464532551,7.14448231085184e-24,8.08487479501772e-22
10664,PEX1,796.412717700256,0.58264377468051,0.165344212297127,3.52382322057628,4.2536794144282e-4,0.00246318361905476,796.412717700256,0.490630045405391,0.192693831107866,2.54616373853062,0.0108914087653799,0.0336748372790245
10678,PEX6,3195.71843425108,0.371871142335582,0.127357366138069,2.91990289695873,0.00350140467016192,0.0143425569972767,3195.71843425108,1.05931812018554,0.146682598377494,7.22183907227592,5.12891484685435e-13,1.4308803115122499e-11
10760,PHF2,1728.34979027519,0.493039841049604,0.11273256003031,4.37353539134606,1.22250415015795e-5,1.1521076897816e-4,1728.34979027519,0.481271402210868,0.130668411654497,3.68315032008965,2.3036922005928e-4,0.00119003283834335
10770,PHF8,2846.37768553423,0.480955166362345,0.106829298001234,4.50209048791831,6.72883200942342e-6,6.91952132536991e-5,2846.37768553423,0.611099645633189,0.124086355356271,4.92479325288126,8.44495940417666e-7,7.89387893505538e-6
10785,PHLDB3,300.220053417023,0.74409789815173,0.234064507468515,3.17902917533031,0.0014776921686614,0.00696304626686204,300.220053417023,1.705808730559,0.266038002031001,6.411898742046,1.43718286827929e-10,2.7190839094111602e-9
10844,PIGZ,78.1719015417842,0.919560071485718,0.299918624415206,3.06603190541672,0.002169201664141,0.00960305576715221,78.1719015417842,1.83841110358447,0.371249446278,4.95195648644233,7.34710352576388e-7,7.00508985979362e-6
10864,PIM1,2240.60425359345,0.958559390695169,0.116943910727442,8.19674478758671,2.46984043082629e-16,3.47110590072e-14,2240.60425359345,0.572084471551575,0.136256958707171,4.19857067836835,2.68605019483737e-5,1.7730085609816e-4
10887,PITPNA,2941.50401915295,0.68262579034263,0.118416971148479,5.76459424457585,8.18545279402032e-9,2.03293124931994e-7,2941.50401915295,0.403373422503212,0.136752240724479,2.94966590943037,0.00318117720420368,0.0117499784698719
10926,PKN1,14674.7869001475,0.341971605318869,0.0931567796722242,3.67092557860104,2.4167370717701e-4,0.0015191899207279,14674.7869001475,0.923897880031573,0.107299967111238,8.61042090603591,7.27928087686679e-18,4.01825181574848e-16
10939,PLA2G15,967.661748974785,0.214439448764637,0.099628330206772,2.15239428704247,0.0313663132815709,0.0849841058034563,967.661748974785,0.4624423697617,0.113144881536844,4.08717003792269,4.36667081722731e-5,2.7319606709301e-4
10968,PLBD2,4090.61685937253,0.213228654841122,0.0750626188210756,2.84067699995104,0.00450178830672881,0.0176679227250784,4090.61685937253,0.193922285274086,0.0869354646914898,2.23064644517934,0.0257045576987144,0.0689352319570538
10971,PLCB3,4603.2434971222,0.353026498779044,0.109414371375274,3.22650940952005,0.00125310111644726,0.00605950698253634,4603.2434971222,0.476471056306114,0.125879673614614,3.78513101142009,1.5362762393114e-4,8.3380748168384e-4
11012,PLEKHG5,578.823690700511,0.710348181541154,0.137398418395384,5.16998805253365,2.34108961319415e-7,3.68825755075107e-6,578.823690700511,1.99157178762727,0.159836336429146,12.4600690438755,1.23263855574979e-35,3.4872115141259e-33
11017,PLEKHH3,764.561169756086,0.721094204152495,0.210205954887623,3.43041758516306,6.0265301291998e-4,0.00327858050776871,764.561169756086,0.715298888767212,0.242007575926198,2.95568800286379,0.0031197249861411,0.0115583672189627
11020,PLEKHM2,3622.03210713815,0.361929234634502,0.0942546960768348,3.83990665398214,1.2308109975172e-4,8.4938430023519e-4,3622.03210713815,0.699117042526277,0.108656850086475,6.43417365743516,1.24146859342382e-10,2.37611314508792e-9
11041,PLOD3,3662.11579526143,0.327155404667045,0.101873587903659,3.21138590874441,0.00132096411872933,0.00634263357225028,3662.11579526143,0.412257756838616,0.117623692903596,3.50488703986281,4.5680105567507e-4,0.00217539187639477
11069,PLXNB2,9186.20769159996,0.217819907225842,0.0875012607596848,2.48933450026585,0.0127982489259675,0.0415137960749978,9186.20769159996,0.418524365618872,0.101242828661081,4.13386677509692,3.56710300294253e-5,2.285419921135e-4
11094,PNISR,4687.01012744267,0.458293489028703,0.0952821789664346,4.80985525310192,1.51039631088239e-6,1.85995117337311e-5,4687.01012744267,0.338978322653484,0.110777532324038,3.05999163857459,0.00221343170877912,0.00855419306705543
11124,POFUT2,2604.41019540884,1.09434245245435,0.164466422328357,6.65389589535486,2.8543460713964796e-11,1.3514641773339202e-9,2604.41019540884,0.91890106330036,0.190336567771743,4.82776943000429,1.38070818643841e-6,1.23330549697355e-5
11143,POLG,3381.09611719202,0.777799172008053,0.156930643566686,4.95632436298228,7.18392476149113e-7,9.68135005148288e-6,3381.09611719202,0.575572046630997,0.181310914000641,3.17450303421317,0.00150093321538419,0.00611381255292376
11150,POLL,926.462382060799,0.264954220060985,0.111162199697459,2.38349205739082,0.0171492545342701,0.0523313801986652,926.462382060799,0.676332069845386,0.127921767236246,5.28707572180688,1.24287200520458e-7,1.39426521228216e-6
11188,POLRMT,1958.12804245183,0.530159421943066,0.166395005262673,3.18614985531656,0.0014417989484524,0.00683205131902464,1958.12804245183,0.617930634924258,0.190974941767168,3.23566342896244,0.00121360389891,0.00510418401711136
11198,POMT1,1759.9815164616,0.24970882797709,0.0666163484093185,3.74846166053377,1.7792252875596e-4,0.0011690731499854,1759.9815164616,0.322157949552755,0.0789308413345348,4.081521799411,4.47417802504397e-5,2.791888220575e-4
11271,PPIF,4984.17284913831,0.655491178452587,0.149838316404919,4.37465659104982,1.21623791031877e-5,1.1474235970125e-4,4984.17284913831,0.368666646682611,0.17272437019919,2.13442171627232,0.0328082755013976,0.084306931057097
11299,PPOX,732.088376095022,0.442168630669572,0.128519934611235,3.44046728631713,5.8071063312812e-4,0.00318563317578464,732.088376095022,0.938663082568198,0.148050622585194,6.3401495122255,2.2954229452118002e-10,4.16859858034152e-9
11309,PPP1R13L,2682.22162741702,0.725217981215371,0.186170370292974,3.89545328869522,9.80152511867524e-5,6.9738436211454e-4,2682.22162741702,1.35281278619212,0.215368971902206,6.28137272627366,3.35596477086569e-10,5.9396967880053e-9
11315,PPP1R15A,8231.03909069117,0.412249720950986,0.135130641320978,3.05074938534305,0.0022827102232706,0.0100386687558434,8231.03909069117,1.06864245855347,0.155338662189481,6.87943647441705,6.00897862109668e-12,1.41642292963253e-10
11324,PPP1R26,1734.06229880951,0.463408560923544,0.109639107604511,4.22667213413617,2.37172853120033e-5,2.0696293034357e-4,1734.06229880951,1.00978855428641,0.126008958053538,8.01362514129652,1.11375827936633e-15,4.5418259923889105e-14
11328,PPP1R35,401.930946303694,0.422134051583715,0.151457849729545,2.78713881345543,0.00531756952638798,0.020224123963333,401.930946303694,0.97465957081882,0.172297472707351,5.65684194610498,1.54183626608445e-8,2.05873801133665e-7
11357,PPP2R5D,3862.75619437062,0.614538934218747,0.0902495847028231,6.80932700402247,9.80563666006481e-12,5.27775726372121e-10,3862.75619437062,0.404107060544318,0.104635234801115,3.86205527528486,1.1243711792004e-4,6.3164333138702e-4
11451,PRKAB2,993.487005228206,0.715637964352192,0.191402490910625,3.73891667212606,1.8481496965022e-4,0.0012067490717427,993.487005228206,0.482424211216608,0.221604134366215,2.17696394788091,0.0294832574614842,0.0772761811808964
11464,PRKCD,2154.81554446724,0.545008119284475,0.157468303976992,3.46106553204578,5.3804182102476e-4,0.00299141116694082,2154.81554446724,1.22649591811235,0.181794680861793,6.74659958310207,1.51350202941278e-11,3.32970446470811e-10
11468,PRKCI,3428.78783532372,0.540299879457681,0.101510141961162,5.3226196813359,1.02283445917315e-7,1.81850929749379e-6,3428.78783532372,0.295218306343361,0.118259650919742,2.49635699114073,0.0125476252123688,0.0379657924624247
11483,PRKX,533.52686941768,0.984102315260781,0.127741545317306,7.70385478597665,1.3202186940087501e-14,1.2845292655772999e-12,533.52686941768,0.470700460569186,0.152595727781816,3.08462410718471,0.00203809558031388,0.00795296521059551
11508,PROSER2,1664.36654093124,0.730202303339574,0.131057695498966,5.57160951563758,2.52396626307183e-8,5.51782649215753e-7,1664.36654093124,1.10869234633683,0.151510265696983,7.3176054522549,2.52434753962297e-13,7.40775308791141e-12
11552,PRRC2A,159.772531406671,0.693157126903476,0.256212738667819,2.70539681402086,0.00682228397917766,0.0248578198977938,159.772531406671,0.683300840960498,0.298136495497438,2.29190606074717,0.0219110644616931,0.0605035432581081
11674,PSTPIP2,147.589744251997,1.10935006222022,0.191929182507422,5.77999680781907,7.47020427960304e-9,1.873688064918e-7,147.589744251997,2.06814336309733,0.243545013046123,8.49183211444225,2.03404705636391e-17,1.0737159184409602e-15
11707,PTGR1,2994.33435079054,0.994710052992357,0.163253422995434,6.09304255151928,1.10784598870537e-9,3.50316727999905e-8,2994.33435079054,0.395557040338719,0.189106581770082,2.09171482365241,0.0364640336627853,0.0919139347763318
11709,PTGR3,816.278252658246,0.42019437229975,0.106521531164382,3.94468956375883,7.99034238449001e-5,5.8589226892152e-4,816.278252658246,0.34404075052819,0.125661604420554,2.73783509381898,0.00618450786201844,0.0206904470343137
11758,PTPRF,14634.1384724286,0.481934261691726,0.0930547281235897,5.17904110204535,2.23029330813777e-7,3.55162175364241e-6,14634.1384724286,1.13681021296837,0.107538286746284,10.5712137264234,4.05215968049261e-26,5.5164212913533204e-24
11795,PVR,6408.7033200838,0.539763400170452,0.124565955454461,4.33315345433833,1.46988577882926e-5,1.3599131333076e-4,6408.7033200838,0.746024084757884,0.143834154592716,5.18669635087953,2.14057320457971e-7,2.31077662227623e-6
11816,PYCR2,1820.5453731258,0.547446291702885,0.11556540452785,4.73711223475149,2.16785119464902e-6,2.56434929558081e-5,1820.5453731258,0.566368644741144,0.132615768651523,4.27074887473903,1.94817681160339e-5,1.3262369064399e-4
11840,QSOX2,3956.21379762628,0.196942367295809,0.0717574169858933,2.74455764390913,0.00605925119270775,0.0225772952121418,3956.21379762628,0.390595616291298,0.082386546126423807,4.74101215132773,2.12653176951579e-6,1.81795028679958e-5
11846,R3HDM2,644.436587064832,0.73209073204388,0.150674808735886,4.85874671543234,1.18131140168415e-6,1.49346548745978e-5,644.436587064832,0.675977810862687,0.176306936905639,3.83409650650601,1.2602665876951e-4,7.0016529109569e-4
11847,R3HDM4,2253.6172016741,0.603456700120575,0.110766122243676,5.44802587557432,5.09319500957934e-8,9.90014239622732e-7,2253.6172016741,0.731013756002583,0.128370254851098,5.69457275636414,1.23681237007734e-8,1.68881785615537e-7
11897,RAB3D,329.415981908525,0.420402827520022,0.181533083375073,2.31584689525385,0.0205666297096904,0.0605677496921997,329.415981908525,1.30676986064921,0.213226636664774,6.12854885810377,8.868419680111201e-10,1.4505113525573e-8
11900,RAB3IL1,301.982976251307,0.528995843418791,0.208542159816903,2.5366374064757,0.0111922810561955,0.0372263172319892,301.982976251307,0.927853792479789,0.22952599615958,4.04247801122575,5.28892737967588e-5,3.2417508170755e-4
11927,RABEPK,1179.11676742371,0.372934101729627,0.102433229500229,3.64075313791404,2.718416884945e-4,0.00168549461479715,1179.11676742371,0.686148833002936,0.115988493301403,5.91566295477205,3.30541467735779e-9,4.90556050395412e-8
11978,RAI14,5954.19139537647,0.468761894255298,0.102662183497418,4.56606199367546,4.96971850667504e-6,5.34335138402893e-5,5954.19139537647,0.898009491436165,0.11897943191161,7.54760278317095,4.43342635212639e-14,1.4568351639128898e-12
12089,RBCK1,3678.25488485269,0.274727803500773,0.099259346281799,2.76777768333086,0.00564399415811825,0.0212334797105369,3678.25488485269,0.553616998100676,0.114358361067917,4.84107146107041,1.29140918103577e-6,1.15983405911874e-5
12105,RBM15,1034.95739217959,0.780432537542232,0.162631347039524,4.79878296373309,1.59632660925161e-6,1.95489291816234e-5,1034.95739217959,0.494337841817399,0.188511482129396,2.62232218554242,0.0087332827092685,0.0278094999532212
12204,RECQL5,970.868394560379,0.379263835018905,0.112054474371859,3.38463802668243,7.1272175096816e-4,0.00379119157889583,970.868394560379,0.311506644217082,0.128987471674093,2.41501473107521,0.0157345733112514,0.0458760361310014
12213,RELA,5237.00207214052,0.380041697356242,0.109197808869949,3.48030515711959,5.0084297063752e-4,0.00281821649953904,5237.00207214052,0.65480874445865,0.12620749721692,5.18835060434794,2.12164870857326e-7,2.29203887335486e-6
12226,REPS1,1366.39209441453,0.203077690122373,0.0971478477919615,2.09039824080567,0.0365820407975739,0.0959695968064354,1366.39209441453,0.328960128460753,0.112706046162355,2.91874428801168,0.00351444385875644,0.0127699218355697
12305,RHBDF2,1725.01378771294,0.727651260819625,0.10483493385301,6.94092354596103,3.89544802595975e-12,2.32257891056213e-10,1725.01378771294,0.737045089317046,0.119803775404671,6.15210235927432,7.64624996485544e-10,1.26316607539847e-8
12380,RMC1,1372.25801367193,0.380715562890178,0.118978343346593,3.19987278509269,0.00137488258243222,0.00656768836517662,1372.25801367193,0.449166882536564,0.140011351396338,3.20807476006057,0.00133626757846938,0.00555555930557213
12451,RNF10,7039.71470719722,0.512543489446246,0.112481109127863,4.55670728551947,5.19617577591892e-6,5.55639375845243e-5,7039.71470719722,0.411694642216082,0.129956815282482,3.16793421969597,0.00153526253528082,0.0062270303458321
12502,RNF216,3018.66269411119,0.460079974964616,0.090363573145457,5.09143185633034,3.55369590844846e-7,5.29258596693065e-6,3018.66269411119,0.605379503445436,0.104886845087354,5.77173908645312,7.845753612334031e-9,1.11678628069906e-7
12608,RPAP1,1291.20808263539,0.31971389661184,0.098916237516308,3.23216799020615,0.00122854808358365,0.00596028707408257,1291.20808263539,0.62690047359241,0.113991389043036,5.49954236767597,3.80778208903466e-8,4.71893925421366e-7
12642,RPL13A,36091.0608403985,0.3293203417248,0.0922000385236276,3.57180264778747,3.5453253591353e-4,0.00210531929777228,36091.0608403985,0.36057236035106,0.106403058926426,3.38874054927671,7.0214412351262e-4,0.00316559300306762
12644,RPL13AP20,119.47553447461,1.1309147688816,0.211467079883799,5.34794715803065,8.89574270124261e-8,1.60576770391034e-6,119.47553447461,1.45462450436585,0.256189573793839,5.67792234018241,1.36340584028907e-8,1.84222583166223e-7
12669,RPL18A,9758.87260147735,0.267619054694542,0.0986072066052805,2.71399083198662,0.006647800595797,0.0243725161387936,9758.87260147735,0.635891764313007,0.113297557476098,5.61258140491826,1.99330384960538e-8,2.59272697564332e-7
12784,RPL4,27386.6029104046,0.342330002355908,0.102010381160533,3.35583494994676,7.9125775503157e-4,0.00412721899460019,27386.6029104046,0.566239732380741,0.117745276746223,4.80902290120017,1.51669831537992e-6,1.34416738611203e-5
13003,RRAS,2704.95723206158,0.390545319408912,0.110721072011682,3.5272899034766,4.1983680492036e-4,0.00243673226533261,2704.95723206158,1.24855779040731,0.127862116330068,9.76487662056397,1.5930579372030798e-22,1.5424549203742798e-20
13014,RRP12,2069.81546290441,0.468140178679941,0.177106920964322,2.64326304207077,0.00821112172656362,0.028907066308944,2069.81546290441,0.518712844671696,0.203384003629939,2.55041121923976,0.0107595924304819,0.033329270883471
13079,RUFY3,1377.08203120847,0.414019539977449,0.120264515346819,3.44257438516673,5.7620537517111e-4,0.00316582214816321,1377.08203120847,0.355060429069182,0.139698309047868,2.54162295513196,0.01103391296906,0.0340630909152259
13089,RUSC2,3597.45593027548,0.566206308816902,0.141591116203775,3.99888300903023,6.36421268102209e-5,4.8264444606226e-4,3597.45593027548,1.26022450950327,0.163538360060605,7.70598720102272,1.29835642200941e-14,4.62756720017762e-13
13090,RUSF1,1077.034291217,0.808477147264101,0.164994222969477,4.90003306002819,9.58205302019866e-7,1.24596425296452e-5,1077.034291217,0.903031190640934,0.191412356256126,4.7177267356377,2.38494537711402e-6,2.01784210271152e-5
13152,SAMD4B,3429.04849889868,0.261615698231853,0.125051087623122,2.09207055455853,0.0364322047298416,0.095659882859473,3429.04849889868,0.464394736731042,0.144402051726563,3.2159843380232,0.00129997926571148,0.00542212038354576
13176,SART1,3427.73002061782,0.246844674602178,0.0941503703704632,2.62181310207164,0.00874633810271504,0.0304490940290816,3427.73002061782,0.617814669096255,0.10779961827185,5.73113967378107,9.97580767109788e-9,1.39154062937518e-7
13193,SBF2,2703.97547092747,0.723243647725281,0.122253155611873,5.91595075076359,3.2996394026169304e-9,9.15830948926968e-8,2703.97547092747,0.373630677368078,0.142548873958539,2.62107070362934,0.00876540809548465,0.0279016242192377
13221,SCARB1,1796.26551489013,0.242029818092981,0.114768422546921,2.10885374846057,0.0349572075344572,0.0925986882603095,1796.26551489013,0.74256757271897,0.130971268475886,5.66969825794799,1.43049230775618e-8,1.92568726574226e-7
13329,SEC24C,4193.80776810475,0.547647810209721,0.124092780135024,4.41321251416748,1.01847933061948e-5,9.84455894465595e-5,4193.80776810475,0.386135419814613,0.143214829257869,2.69619718722945,0.00701361343085366,0.023017669889258
13354,SELENON,2728.44734634847,0.434712097578193,0.146198655710112,2.97343430051886,0.00294487443315475,0.0123787636625278,2728.44734634847,0.790884843600193,0.170144104642202,4.6483235211902,3.346437581844e-6,2.73670274872934e-5
13373,SEMA4A,13.9615992333248,3.50221469937825,0.734191532654878,4.77016492782755,1.84075142711981e-6,2.21290062942549e-5,13.9615992333248,3.2393145612087,0.725507210949714,4.46489643702966,8.01074908215774e-6,5.99102118469839e-5
13375,SEMA4C,1303.75686784673,0.600757176697116,0.138784199941581,4.32871448587084,1.4998222104244e-5,1.3803976976193e-4,1303.75686784673,0.817590103430648,0.159741689594962,5.11820117530817,3.08463484125857e-7,3.21718884999007e-6
13443,SERPINE1,70696.739906188,1.71169620083448,0.332240529910039,5.15197890304941,2.57752037604139e-7,4.01078478198076e-6,70696.739906188,1.73045096646442,0.38362154804134,4.51082838099059,6.45749505975677e-6,4.9458293380692e-5
13452,SERTAD2,3479.48230061502,0.615860540412867,0.123029766808173,5.00578483069966,5.56348774996489e-7,7.75123847965211e-6,3479.48230061502,0.582361642246829,0.142745839691053,4.07971008827468,4.50919016265108e-5,2.8098122966532e-4
13480,SEZ6L2,736.908353917581,0.547565008336738,0.165407481131994,3.31040050056614,9.3162567339776e-4,0.00474740357540365,736.908353917581,1.82986856856474,0.19002748696479,9.62949412104676,6.00242486783683e-22,5.3536898845839194e-20
13489,SF3B2,12446.0599790251,0.326173256576935,0.0993984136917818,3.28147346081744,0.00103266241939709,0.00515690527994465,12446.0599790251,0.37005431560698,0.114747360107461,3.22494840195387,0.00125995374893446,0.00527441183065678
13494,SFI1,911.464136812079,0.485733679023287,0.128093126295695,3.79203547504963,1.4941756325501e-4,0.0010064230544389,911.464136812079,0.490103200853513,0.146348282887258,3.34888248214756,8.1138202889922e-4,0.00358751721984113
13517,SGK2,32.1921848287251,2.19793800766779,0.434832490624524,5.05467750238953,4.3111863518597e-7,6.23203983010054e-6,32.1921848287251,3.0487097093233,0.62029036577158,4.91497188664377,8.87952006766587e-7,8.25745199512882e-6
13553,SH3BP5L,2909.30176101452,0.240022759237941,0.10723529421263,2.238281351306,0.0252027134493326,0.0713720853607518,2909.30176101452,1.10577120560409,0.123194559649577,8.97581198998902,2.81269395328118e-19,1.89318352111929e-17
13614,SIAH2,739.123389268685,0.746700739908044,0.140612101906558,5.31035899317013,1.09409506699351e-7,1.92778462152449e-6,739.123389268685,0.496618082685868,0.163165406715912,3.04364811562375,0.00233728352722287,0.00896585922540198
13628,SIKE1,2264.6788382653,0.399288654765725,0.0914205181572798,4.36760437168808,1.25616772026405e-5,1.1813180026784e-4,2264.6788382653,0.444487225072069,0.107446679352334,4.13681677043298,3.5215708947717e-5,2.2578457018674e-4
13636,SIPA1L1,2494.32155568506,0.413299388714532,0.0736445973688116,5.6120802269409,1.99908710719081e-8,4.50379573716729e-7,2494.32155568506,0.257061714805094,0.0872739814490885,2.94545648699494,0.00322478502644283,0.011885349681138
13639,SIPA1L3,4278.32937024979,0.519159328944466,0.181854442620259,2.85480696244828,0.00430629944259842,0.017036628804632,4278.32937024979,0.831981008261833,0.209867022693288,3.96432463559432,7.36040313248905e-5,4.3324921689482e-4
13686,SLC12A4,2025.01263163059,0.209802048744168,0.101079765942936,2.07560877082571,0.0379301495870354,0.0989346131812084,2025.01263163059,1.08862228226637,0.118428125522086,9.19226136078073,3.84668097758274e-20,2.9141425012599598e-18
13689,SLC12A7,116.067444698395,0.523746553379158,0.163610097004745,3.2011872309077,0.00136862569047687,0.00653956387667684,116.067444698395,1.24355558606098,0.214889855488534,5.78694412183332,7.16784089865699e-9,1.02270234287694e-7
13891,SLC41A1,3338.17469829887,0.27140881499718,0.122920404123943,2.20800457769008,0.0272439540591865,0.0760460180454091,3338.17469829887,0.581209546796361,0.142283776203318,4.08486169193202,4.41030784363611e-5,2.757497713715e-4
13895,SLC43A1,491.133148373884,1.03517021259529,0.183858268139021,5.63026195706663,1.79936122716449e-8,4.11136627233919e-7,491.133148373884,0.828718352916664,0.210660486316145,3.93390505931416,8.35768065526003e-5,4.8532445780672e-4
13921,SLC4A7,2871.5338057822,1.14607814891743,0.18331507806813,6.25195789127332,4.05338696230513e-10,1.44687161997139e-8,2871.5338057822,0.899209348747284,0.212436417145115,4.23283992844333,2.30758750904238e-5,1.5485982001008e-4
14022,SMARCA4,6987.81477387582,0.242924591491356,0.107376344163592,2.26236601165383,0.0236747990488445,0.0678714403500136,6987.81477387582,0.425700055009293,0.123724328596229,3.44071420584187,5.8018099495264e-4,0.00268183739969684
14226,SNRPA1,1882.98235306985,0.380866716766026,0.0971942916743841,3.91861199052706,8.90603477798837e-5,6.444955612939e-4,1882.98235306985,0.233208713876084,0.111918446252097,2.08373795103248,0.0371840101314257,0.0934295985900074
14303,SOCS7,56.6264731678785,1.04093308185663,0.315777637134712,3.29641164998828,9.7928410310309e-4,0.00493701418031898,56.6264731678785,1.47767558179905,0.385546834862854,3.83267465371538,1.2675754561913e-4,7.0379396534192e-4
14365,SPAG4,644.639116435125,0.728641745214014,0.187133383572102,3.89370261631202,9.87256682663539e-5,7.0125717355017e-4,644.639116435125,1.34920488810516,0.218156991777497,6.18455946386188,6.22761355635169e-10,1.04019530490133e-8
14475,SPRY4,3886.1710209884,1.01272475262873,0.161776170044931,6.26003664413278,3.84887020974406e-10,1.38247045992186e-8,3886.1710209884,1.09547970988757,0.187099677328069,5.85505932202492,4.768397803103861e-9,6.93466751991956e-8
14477,SPRYD3,1386.44647075165,0.799751447136981,0.148408581878065,5.38884906126298,7.09103275406553e-8,1.32037863311243e-6,1386.44647075165,0.550963155771239,0.17146759317618,3.21322032674205,0.00131255558730212,0.00546576160618496
14487,SPTBN2,1004.82914588111,0.266601152864849,0.120557456104464,2.21140327176312,0.0270079234871162,0.0755539192906562,1004.82914588111,1.79317977003325,0.138283896532931,12.9673795358104,1.87325618150482e-38,6.166759349513869e-36
14511,SRF,4498.23881403131,0.294387389080507,0.135648412051757,2.17022362906971,0.0299899088767719,0.0820552080330465,4498.23881403131,1.02820485393866,0.156714713266331,6.56099757647684,5.3448989869631e-11,1.0740814767808402e-9
14648,STARD3,2810.74049103343,0.549274967760889,0.121023569185516,4.53857848894633,5.66347155934652e-6,5.99813124239881e-5,2810.74049103343,0.966601563189446,0.139248038917015,6.94158115767428,3.87735370944331e-12,9.372946096552819e-11
14661,STAT5A,839.138762823906,0.481763676794165,0.167887639265673,2.86956013498885,0.00411043163831351,0.0163788306595985,839.138762823906,0.65167982263564606,0.19139440444786401,3.40490530282542,6.6187001361059e-4,0.00300271071571872
14701,STK32C,1075.6832107446,0.427418123623891,0.111900858244132,3.81961434729484,1.3366048679019e-4,9.1278823759382e-4,1075.6832107446,0.75805281071932,0.129743214661928,5.84271642023501,5.135640070891621e-9,7.42305286320022e-8
14735,STRN4,5500.52124944861,0.453637651424309,0.12558905091177,3.6120796210412,3.037512656634e-4,0.00184902970517961,5500.52124944861,0.52779803888328,0.145108099844041,3.63727482787345,2.7553788851094e-4,0.00139082492594903
14784,SUGP2,8076.64570451118,0.544363981436951,0.0700359840568547,7.77263272255931,7.68713902513929e-15,7.82321022167624e-13,8076.64570451118,0.173759890370449,0.0810101759237034,2.14491436895655,0.031959694162539,0.0825716641705097
14849,SYMPK,5195.32628042377,0.307315471079436,0.069228138425981,4.43916993966288,9.03064910514493e-6,8.88909029204594e-5,5195.32628042377,0.258076951315072,0.0798379092658266,3.23251139325035,0.00122707242621272,0.00515484300441011
14926,TAF4B,484.685301983553,1.10702116798523,0.131461843223747,8.42085536638255,3.73745437897684e-17,6.303127823135421e-15,484.685301983553,0.766967065181217,0.149231232832559,5.13945405813118,2.75537847620396e-7,2.89714765912595e-6
14966,TARS2,1458.99156704397,1.13885304932246,0.141490769060756,8.04895652827666,8.35028986388275e-16,1.03403449587158e-13,1458.99156704397,1.16017143671605,0.162452514273659,7.1416034519582,9.22484072653802e-13,2.4671339172038e-11
14997,TBC1D22B,1884.2882750178,0.347674403909324,0.106801363290189,3.255336759744,0.00113257983642643,0.00556022282878827,1884.2882750178,0.313618360274744,0.123920498794382,2.53080292062997,0.0113801770952803,0.0349473348858794
15033,TBRG1,2097.63113752452,0.206952943140528,0.0717962632984748,2.88250298320086,0.00394529400135831,0.015820486000012,2097.63113752452,0.38090024352095,0.0832583546643502,4.57491917845987,4.76403860427309e-6,3.76014311111458e-5
15065,TCF3,4512.15879190371,0.346063380505611,0.148876469680701,2.32450017956378,0.0200987019530897,0.0595064059831653,4512.15879190371,0.390598839031822,0.171796283804694,2.27361634595003,0.0229890637927095,0.0629522064474892
15072,TCIRG1,4582.82274071103,0.280416337719929,0.111381197696843,2.51762724336262,0.011814828520643,0.0388806882444799,4582.82274071103,0.499746151826319,0.128825695242742,3.87924280854578,1.0478212329996e-4,5.9361236685517e-4
15101,TEAD3,3038.97406965995,0.49974981552718,0.10185403820004,4.90652922906875,9.27021794358853e-7,1.21149091767576e-5,3038.97406965995,1.14270792729349,0.118481199699542,9.64463501543954,5.1795117150284e-22,4.68901195561521e-20
15196,TGFB1,4252.45703737052,0.693202576878046,0.198200930476057,3.49747387771112,4.6968670829103e-4,0.00266814432944144,4252.45703737052,0.594542248615733,0.228862523384999,2.59781391825161,0.0093819320545876,0.0295733394464421
15225,THAP3,624.397786576988,0.542586794236294,0.13437716951639,4.03779002183933,5.39571163526114e-5,4.1885881149654e-4,624.397786576988,0.438006551716796,0.153007736431279,2.86264317042242,0.00420123406343772,0.0148981415719996
15226,THAP4,1679.1901344476,0.231119573467232,0.108083191762019,2.13834889310189,0.0324884370799114,0.0875521600686458,1679.1901344476,0.493992785353662,0.123695207117353,3.99362915399785,6.5069608603504e-5,3.8780458636439e-4
15233,THAP9-AS1,1181.53584804961,0.407878475376213,0.107284261087943,3.8018482043873,1.436207139759e-4,9.7255663597911e-4,1181.53584804961,0.423739981909359,0.124549738898519,3.40217479102557,6.685186637859e-4,0.00302983702791179
15246,THEMIS2,418.767506478388,0.995769454363481,0.165631900933376,6.01194243833513,1.8331341761545702e-9,5.48330067421371e-8,418.767506478388,0.586292025233319,0.185782882889746,3.15579140615046,0.00160063286590411,0.00646033407714216
15280,TICAM1,887.29483959827,0.37781504307986,0.172663353938039,2.18815999146779,0.0286579502684887,0.0792434389997497,887.29483959827,0.547594844330779,0.199142102792772,2.74976931874928,0.00596372322983041,0.020059292736264
15284,TIE1,631.276303167519,2.32171057121637,1.05719816996302,2.19609779621316,0.0280849443016949,0.0780612452824381,631.276303167519,4.56261456363801,0.177424930993736,25.7157465869275,7.792883548348859e-146,1.4109794952640498e-141
15303,TIMM44,2262.08829899192,0.514769135107136,0.122654063314741,4.19691872568619,2.70570975500387e-5,2.314623591382e-4,2262.08829899192,0.386733096456816,0.140112850463664,2.76015436968866,0.00577740548539643,0.0195123491360917
15350,TLN1,25361.8667008394,0.283624101974123,0.0865044348531241,3.27872325223196,0.0010427784478933,0.00519862633876537,25361.8667008394,0.5517401640372,0.0999406466361332,5.5206783486802,3.37693441100931e-8,4.2264677236878e-7
15403,TMED3,3010.98674067075,0.586145469971026,0.167531691110177,3.49871398113894,4.6750778933411e-4,0.00266108258872663,3010.98674067075,0.410001247787107,0.193597563953976,2.11780168827215,0.0341918663064079,0.087132713771122
15404,TMED4,5191.51088395314,0.478843377572917,0.0976668845228408,4.90282228118921,9.44694460121895e-7,1.23276709652458e-5,5191.51088395314,0.393438480679898,0.113191686004211,3.47586023822686,5.0921758522846e-4,0.00239229205971627
15428,TMEM120B,733.99328203332,0.578076835690687,0.126265791801835,4.57825375694739,4.68873689163804e-6,5.09375171025315e-5,733.99328203332,0.533955009335575,0.144191004339615,3.70310902390237,2.1297330103178e-4,0.00110934827056431
15513,TMEM214,3700.69168200129,1.01111528453318,0.170763959905576,5.92112811797218,3.1974063907001603e-9,8.90246420857208e-8,3700.69168200129,0.48556805944672,0.197606565349679,2.45724659293315,0.0140006546687543,0.0415703268993875
15526,TMEM231,314.337201594653,0.816522246580356,0.198459243761995,4.11430695341951,3.88344395588059e-5,3.1717998504581e-4,314.337201594653,0.530136339068807,0.231522615703004,2.28978209087299,0.0220339518452003,0.0607872515784241
15564,TMEM39A,1475.24461830917,0.922601684925694,0.178603160438008,5.16565150730311,2.39602852114313e-7,3.76142491599313e-6,1475.24461830917,0.447934408428473,0.206942040214661,2.16454040930413,0.0304228987871937,0.0792943970275403
15570,TMEM44,1158.98934339992,0.476098385168422,0.104320795400695,4.56379174775015,5.02379139720221e-6,5.39813701830441e-5,1158.98934339992,0.626307703246105,0.119897952450684,5.22367305232936,1.75408379906634e-7,1.9259818839233e-6
15578,TMEM52,50.1311629379894,1.67778023236995,0.362138440429609,4.63298022264519,3.60438984294936e-6,4.05505307108941e-5,50.1311629379894,1.73322768583054,0.420169457798194,4.12506824011706,3.70624850600885e-5,2.3687022749663e-4
15667,TNFRSF10D,2285.25785032656,1.06674615992452,0.142232238168444,7.50003075013969,6.38028640451656e-14,5.2549819372641495e-12,2285.25785032656,0.83947119142592,0.162850982210606,5.15484266677789,2.53843968845571e-7,2.69250082010422e-6
15677,TNFRSF25,207.776404410636,1.38411029110487,0.192067126730732,7.20638828030848,5.74554210417359e-13,3.95904361732586e-11,207.776404410636,1.78574206524937,0.212835380565233,8.39025006325037,4.85109210665058e-17,2.4330712931583203e-15
15690,TNIK,751.092866833882,0.876542246174152,0.179694900968398,4.87794723974001,1.0719558717207e-6,1.37651882352648e-5,751.092866833882,0.945017119415672,0.210339241682467,4.49282364934209,7.02849852502901e-6,5.32906173761203e-5
15718,TOB2,1461.64075606543,0.548408684536658,0.156120504409227,3.51272682990541,4.4353323115511e-4,0.00255534374267185,1461.64075606543,0.638925990598511,0.179260401978283,3.56423383830143,3.649205289476e-4,0.00177873098707556
15762,TP53I13,1476.41648198026,0.622569242161738,0.149413423029891,4.16675576756709,3.08965205154734e-5,2.595424977647e-4,1476.41648198026,0.47623107465892,0.171858277711048,2.77106858628961,0.00558726566158125,0.0189550369249747
15787,TPM2,1462.51679830185,0.44553512491127,0.144659072901741,3.07989755481081,0.00207071807186575,0.00925140981425166,1462.51679830185,1.01956752527349,0.167733766870765,6.07848702318267,1.2132179870689101e-9,1.93537664086957e-8
15802,TPRA1,1441.54713959727,0.94184444764396,0.140453981116356,6.70571556717717,2.0042177840263698e-11,1.0082581965778101e-9,1441.54713959727,0.809674966233205,0.161458704866618,5.01474954169911,5.31025925119251e-7,5.20618854076859e-6
15825,TRAF2,1679.3410401939,0.417889171482233,0.102167945328031,4.09021802425911,4.30967875998574e-5,3.4594647090583e-4,1679.3410401939,0.542973899301449,0.116928449420256,4.6436423470385,3.42319946886351e-6,2.79065509154627e-5
15826,TRAF3,2221.55955102817,0.31314098588798,0.0728705636887324,4.29722195131584,1.72951998857781e-5,1.5617715429748e-4,2221.55955102817,0.514934090422623,0.0831375850470426,6.19375809546611,5.87463665016189e-10,9.866991761394361e-9
15828,TRAF3IP2,729.273177613063,0.554433739178497,0.134923356113799,4.10924954098288,3.96946963651567e-5,3.2332736119328e-4,729.273177613063,0.587272166420666,0.152482137570682,3.8514161447169,1.1743674316972e-4,6.5647103174775e-4
15932,TRIP10,6151.68904428254,0.333167454843715,0.073325817643203,4.54365823051409,5.5286269989024e-6,5.86936012569327e-5,6151.68904428254,0.257033612239014,0.0846756410275187,3.03550831289816,0.00240130603821383,0.00918033089693824
15942,TRMT1,2594.54636278504,0.401291712119606,0.130663460748607,3.07118539353308,0.0021321072087672,0.00947278452926591,2594.54636278504,0.683309715757473,0.14884151277495,4.59085441297983,4.41435183551242e-6,3.51942995745433e-5
15994,TSC22D2,1555.66786175135,0.538056091988472,0.147399983504533,3.65031310856235,2.6192082953033e-4,0.00163169279265273,1555.66786175135,0.869221765822387,0.171719027045154,5.06188382720002,4.15133969811827e-7,4.18741819354482e-6
16110,TTLL4,951.635344444874,0.384775576831917,0.107138648991083,3.59137977242871,3.2893191069778e-4,0.00197515302632634,951.635344444874,0.451258339071788,0.121712448054405,3.70757754268549,2.0925135343471e-4,0.0010927905985835
16145,TUBG2,983.539808928823,0.260244935540271,0.100342093856891,2.59357688819445,0.00949832983547978,0.0325520465892541,983.539808928823,0.799884470613143,0.117074545631172,6.83226628214365,8.35835135822917e-12,1.90840239208193e-10
16189,TXNIP,29396.3504701439,2.77855756624644,0.320244366608507,8.67636672479919,4.08613087814554e-18,7.95134127364849e-16,29396.3504701439,2.83379317072073,0.369741599106354,7.66425302852009,1.7987497089631702e-14,6.28729000588556e-13
16194,TXNRD1,33110.4572496557,1.29584008598058,0.174247043106269,7.43679813946847,1.0315499523567e-13,8.19133926292931e-12,33110.4572496557,0.903168095761288,0.201308968194249,4.48647719901775,7.24104624796154e-6,5.46960297728793e-5
16196,TXNRD3,449.03208692002,0.463149399914963,0.163902849219894,2.82575563584985,0.00471692331602696,0.0183334675329687,449.03208692002,0.974370460081811,0.200870063068544,4.85075000822457,1.22995491019815e-6,1.11014773699141e-5
16203,TYSND1,1359.80321097626,0.431527234919401,0.0857178896419374,5.03427273725456,4.79666349084451e-7,6.8389144199577e-6,1359.80321097626,0.246401485715415,0.0968414985428267,2.54437910836796,0.0109472198526253,0.0338358420368101
16236,UBAP2,2920.5362376571,0.322938285897681,0.0934149298751714,3.45703075867227,5.4616250564121e-4,0.00302895259940325,2920.5362376571,0.42976690391235,0.107729414575741,3.98931810411162,6.62635095964833e-5,3.9388283150161e-4
16280,UBE2R2,3648.10109653484,0.491051207539089,0.109061061307378,4.50253465033784,6.71478028455086e-6,6.90908363037924e-5,3648.10109653484,0.34137440190497,0.126399678518063,2.70075371952933,0.00691825465672805,0.0227583428079066
16312,UBQLN4,1918.34752526387,0.357479627231073,0.124984795677259,2.86018491524499,0.0042339405163337,0.016779400894881,1918.34752526387,0.430747746137911,0.144016336753997,2.99096446866092,0.00278097849539466,0.0104595755375188
16318,UBR4,17926.7239985316,0.534710585823474,0.121425073830943,4.40362578299057,1.06456513544219e-5,1.0226471717415e-4,17926.7239985316,0.376283882904968,0.140283474473811,2.68231083038376,0.00731154900591628,0.0238785906026551
16336,UCK2,2865.09448570304,0.468605089865322,0.0965054756968671,4.85573576505913,1.19940552621686e-6,1.51060263572178e-5,2865.09448570304,0.34747080579919,0.110521922710756,3.14390844166317,0.00166707590082875,0.00668380785217125
16366,ULK1,1412.27661476811,0.837042840648896,0.117268564966374,7.13782794979125,9.48172040339021e-13,6.359935791789159e-11,1412.27661476811,0.627935552322111,0.135640590406819,4.62940739522573,3.66713675144165e-6,2.97212077088642e-5
16373,UNC119B,1256.52244318825,0.383981418478186,0.0917099204481782,4.18691256738315,2.82774691477712e-5,2.4050788840957e-4,1256.52244318825,0.252925454371981,0.10711009525227,2.36135962512479,0.0182080638392869,0.051901008166582
16420,URI1,2715.10145810965,0.487084596311659,0.11290442972726,4.31413185017003,1.60231301674099e-5,1.4618113807547e-4,2715.10145810965,0.452745295877432,0.130813269774074,3.46100435115919,5.3816411372147e-4,0.00250810796474674
16445,USP20,1390.95826632862,0.616959349065715,0.101998934622644,6.04868424702886,1.46033548752875e-9,4.48951750228457e-8,1390.95826632862,1.01221974068554,0.117416065293817,8.62079425121773,6.649128786108629e-18,3.69291796936451e-16
16446,USP21,1417.45130716413,0.415884202522261,0.098069629958751,4.24070329109211,2.22820522044958e-5,1.9542871740327e-4,1417.45130716413,0.480382008613577,0.112144143094711,4.28361210275485,1.8388338288475e-5,1.2582738210549e-4
16463,USP36,2553.79114482787,0.343555039010162,0.143159393379251,2.39980787079779,0.0164036791199154,0.0504386785649353,2553.79114482787,0.820693602522578,0.16477922370022,4.9805648072214,6.33989664999008e-7,6.12214233305176e-6
16514,VAMP2,1462.56213380569,0.531316009303555,0.12571894214826,4.22622080829295,2.3764880361401e-5,2.072026102608e-4,1462.56213380569,0.697733237104528,0.146689564434191,4.75652947635243,1.96949492902502e-6,1.6964640906245e-5
16675,WBP2,5195.46440355597,0.302655069014979,0.111901631840236,2.70465286374988,0.00683758016180914,0.0248981841466824,5195.46440355597,0.370069706327729,0.129434393419003,2.85912960653158,0.00424805184290716,0.0150313126182679
16698,WDR3,2777.90219466923,0.390329156512488,0.149412037851037,2.61243446061317,0.00898999274907984,0.0310745250050177,2777.90219466923,0.813228987689773,0.171991943470325,4.72829698462059,2.26410853360722e-6,1.92369540635816e-5
16715,WDR5,3636.83973079582,0.259537986179147,0.0864010070547496,3.00387686470699,0.00266563185583279,0.011440380247961,3636.83973079582,0.417308029061133,0.0995448599353264,4.19216049258852,2.7631040496329e-5,1.8192277062783e-4
16754,WHAMM,809.431742161746,0.899659102689606,0.169708462114441,5.30120355508808,1.15041731852884e-7,2.01300295222418e-6,809.431742161746,0.622331488974748,0.196052078025285,3.17431722858089,0.00150189445646094,0.0061144856657581
16785,WRNIP1,3641.26393492323,0.330193974850942,0.0946026067674123,3.49032638881452,4.8243095336974e-4,0.00272587342765523,3641.26393492323,0.684963554986021,0.109212243774327,6.27185681123271,3.56767608647697e-10,6.2593355835031e-9
16803,XAB2,2709.90787912046,0.770043602935439,0.146058507244896,5.27215851689015,1.34828545469729e-7,2.2891120644084e-6,2709.90787912046,0.511723315166065,0.168094041793602,3.04426801631908,0.00233247241772489,0.00894929976590947
16824,XPO5,5572.05272510206,0.286538616000611,0.101615918164037,2.8198201736273,0.00480505686650341,0.0186025244844867,5572.05272510206,0.64278609520678,0.117380881042897,5.4760714819637,4.34872076606338e-8,5.31653870292664e-7
16844,XYLT2,1467.17512200579,0.538514060377442,0.0991074739393301,5.43363723211329,5.52167813728734e-8,1.06164903860026e-6,1467.17512200579,0.695941195965815,0.11357645002222,6.1275131933571,8.926319980498971e-10,1.45866380475554e-8
16857,YBX3,4742.52174669374,0.880168373698977,0.107358356418413,8.19841513099036,2.43576936642049e-16,3.45060831524593e-14,4742.52174669374,0.31578300824648,0.123831216417264,2.55010826335107,0.0107689471736688,0.033347452971857
16859,YEATS2,3097.19141697328,0.221244462828475,0.101989329752813,2.16929029109904,0.0300606518720586,0.082177852279348,3097.19141697328,0.503668892829321,0.118163509294962,4.26247405679237,2.02175976708321e-5,1.371010574637e-4
16880,YPEL2,383.209961337818,1.21499034524356,0.226049367344508,5.3748893859626,7.66297104905153e-8,1.41349886808963e-6,383.209961337818,0.662788386713626,0.260972180629348,2.53968980569223,0.0110950824177858,0.0342402526429913
16881,YPEL3,800.932305486455,0.656932457695067,0.157765640445804,4.16397674321702,3.12751985605545e-5,2.6210185334136e-4,800.932305486455,0.522403319540558,0.183105045861473,2.8530252516131,0.00433051802834529,0.0152901099238595
16916,ZBED4,1623.65439573607,0.49502903494408,0.121455735844887,4.0757979151869,4.58568308557374e-5,3.6512264424163e-4,1623.65439573607,0.496482634875754,0.140141554801867,3.54272246784819,3.9601923630029e-4,0.00191668652564908
16939,ZBTB34,813.839665294706,0.612522112402094,0.176316044017982,3.47400099527882,5.1275913179019e-4,0.00286976570977899,813.839665294706,0.432121958581665,0.20624739364619,2.09516324517998,0.0361564833462107,0.0912657587434115
16954,ZBTB48,585.650464359539,0.321769958943093,0.116281801343491,2.76715664210086,0.00565475774635767,0.0212689996118313,585.650464359539,0.768719442682683,0.130256408968131,5.90158633093257,3.6002294899108503e-9,5.29965488978259e-8
16956,ZBTB5,1246.87600484788,0.726891108891062,0.115786389314823,6.27786316848216,3.43257790786528e-10,1.24813325651906e-8,1246.87600484788,0.448116234351156,0.13478418460633,3.32469447851014,8.8515475242256e-4,0.00387303333672377
17038,ZFAND3,6378.24542099227,0.329957163385424,0.10080733421669,3.27314640298062,0.00106357372724645,0.00528296313101827,6378.24542099227,0.668922346492487,0.116827692076109,5.72571737578027,1.02997567981358e-8,1.431215629985e-7
17058,ZFP36,1262.23650221146,1.02930404758143,0.226385238642428,4.546692415786,5.44955488016369e-6,5.8063007110673e-5,1262.23650221146,0.68490727762493,0.261008500249838,2.62408035358747,0.00868832849024145,0.0276809564744522
17059,ZFP36L1,17607.7143930581,0.810786161536486,0.162126017249344,5.00096267886186,5.70447555349143e-7,7.9079752027282e-6,17607.7143930581,0.863114413404351,0.187147018042589,4.61195920956611,3.98891283634338e-6,3.21134974721357e-5
17083,ZFYVE19,1595.38320977133,0.516413370936133,0.111522336503035,4.63058242078779,3.6463859709663e-6,4.09449605414529e-5,1595.38320977133,0.615586582022781,0.12848899861877,4.7909672317491,1.65979234706962e-6,1.45460794946963e-5
17088,ZFYVE9,1640.3221807434,0.346852748375265,0.11880338529609,2.91955273421556,0.00350534081373005,0.014355359650678,1640.3221807434,0.295982005891349,0.138586090621808,2.13572664156509,0.0327017015528994,0.0841046886813633
17129,ZNF106,5036.28484223611,0.360819210162236,0.119844073044642,3.01073887924212,0.00260612863442771,0.0112367484437414,5036.28484223611,0.4334849959506,0.138784988919969,3.12342854457099,0.00178757264318178,0.00710555220141589
17156,ZNF160,1195.15579450456,0.222068115882186,0.0964895915254501,2.30147223520594,0.0213649530054961,0.0624041679663436,1195.15579450456,0.363770438808604,0.114189281486608,3.18567937439267,0.00144414547971457,0.00591292374363022
17252,ZNF318,2460.65683765666,0.672492934702115,0.0981696166232366,6.85031639965615,7.36868283942423e-12,4.15556164715045e-10,2460.65683765666,0.330723805847978,0.114128877831841,2.89781002083689,0.00375778138965934,0.0135265188551038
17264,ZNF330,1914.87109110974,0.4444407532055,0.139785348263228,3.17945162871133,0.0014755399418162,0.00695946056374359,1914.87109110974,0.562148665551403,0.160904850270841,3.49367135052283,4.7642713093901e-4,0.002255636028203
17379,ZNF516,634.453855576801,0.572117270589415,0.132071374524829,4.33187942995064,1.47841899773313e-5,1.3663801467566e-4,634.453855576801,1.09307275480865,0.154302424919056,7.08396355651607,1.4008876297369499e-12,3.61832687931772e-11
17389,ZNF526,632.198162512709,0.374341140942584,0.105951900821968,3.53312340824911,4.1068072030404e-4,0.00238985678447061,632.198162512709,0.439444608883072,0.120653281682337,3.64221016416336,2.7030724427043e-4,0.00136670845148295
17522,ZNF692,1171.48717054203,0.679923030818376,0.102210841762423,6.65216154269405,2.88819437090641e-11,1.3602166468088e-9,1171.48717054203,0.96309875354584,0.116609242462452,8.25919741186857,1.46655206194627e-16,6.705401927676581e-15
17568,ZNF766,588.663105537486,0.85961972741983,0.153000884547881,5.61839710901026,1.92737115228538e-8,4.37002411839558e-7,588.663105537486,1.0020342027893,0.18005022826861,5.56530370677676,2.61696220360761e-8,3.32977636391563e-7
17615,ZNF83,1897.49108929193,0.905488542062064,0.108433031001127,8.3506707661123,6.78763797624422e-17,1.10271094755351e-14,1897.49108929193,1.1079005124556,0.128401439438166,8.62841193450271,6.2209671471167296e-18,3.48720839522277e-16
17630,ZNF875,886.890076264476,0.422330053000506,0.11763722592558,3.59010551020374,3.3054413654332e-4,0.00198348884104006,886.890076264476,0.478994298338437,0.135564736936167,3.53332517853798,4.1036739033213e-4,0.00198030702807932
17668,ZRANB1,1039.85249653985,0.50695723825205,0.137819724231883,3.67840845044131,2.3469390261219e-4,0.00148215393275918,1039.85249653985,0.464627958643069,0.16048079671603,2.89522465086727,0.00378887269675248,0.0136179201252222
