...1,gene_name,baseMean,log2FoldChange,lfcSE,stat,pvalue,padj
3,MXRA5,253.291952088399,-4.1689726700952,0.258014416105162,-16.1579059535805,9.98978426919734e-59,6.812033893165659e-55
4,EMC10,1348.32988168787,-0.898985937272588,0.0600521666968623,-14.9700832912588,1.15176914999386e-50,5.89043537535611e-47
5,PKM,36580.7426731461,-0.62943310758654,0.0427546664199274,-14.7219744718478,4.658571890164749e-49,1.82726230805656e-45
6,TTYH3,1695.12078498974,-0.774483426566964,0.0526411973852102,-14.7124963913636,5.35932631780777e-49,1.82726230805656e-45
19,DYNLL2,2821.32692641059,-0.546022529939474,0.0444410508915535,-12.2864450544137,1.07113733342302e-34,1.15327665420183e-31
24,SLC4A2,2126.80918557525,-0.883916399765425,0.0749710171522977,-11.7901081423214,4.38977003827097e-32,3.74173023637122e-29
31,PRKAR1B,449.099336916563,-1.00505226843166,0.0874457425203538,-11.4934385536006,1.42331455557929e-30,9.3924986656405e-28
32,ARHGAP18,1110.82431838326,-1.54209106609696,0.134587963753346,-11.4578675766511,2.14736787453732e-30,1.37277201904406e-27
37,IQCE,592.185733988343,-0.673800530288244,0.0596010473220737,-11.3051793645025,1.23701138631813e-29,6.839335656732399e-27
41,ZNF544,431.88697791886,-0.749545402570398,0.0676725533673592,-11.0760620853406,1.63924837833405e-28,8.179049774531649e-26
42,MYO1B,3528.53422628173,-0.590513239122442,0.0535138345644832,-11.0347771548848,2.5969448018519e-28,1.2648976145591498e-25
64,PFKFB4,299.256167627085,-1.0608352162589,0.105052825513067,-10.0981121743075,5.6315829176903e-24,1.80008268354985e-21
69,GAPDH,27141.5421458868,-0.520579943916637,0.0521927222181872,-9.97418647259664,1.9771502855450198e-23,5.7780804844849404e-21
79,S100A10,3321.29712509761,-0.813814726259337,0.08258744415576,-9.85397640741227,6.58845723658268e-23,1.70607683150344e-20
81,LASP1,3449.13607215856,-0.494089821886299,0.0503282496964572,-9.81734562330865,9.48070027953974e-23,2.39440352615487e-20
88,TEX261,1346.76551903689,-0.579453710955154,0.0600176373230763,-9.65472379120727,4.69422565771209e-22,1.09124743499791e-19
94,CD2AP,1218.29425333286,-0.364988386766164,0.0384492874777149,-9.49272173060972,2.25079212342248e-21,4.89834622009081e-19
96,RNF20,852.881482974806,-0.40492016830044,0.0427223823267736,-9.4779398115793,2.59352807106896e-21,5.526646223943509e-19
102,ADAM10,2975.25476651775,-0.323544255447626,0.0344701148036986,-9.38622506162671,6.21892307115156e-21,1.24725989477007e-18
103,DPY19L1,1026.41116120654,-0.49288907212292,0.052682151372225997,-9.35590250748132,8.28890016903036e-21,1.6462721432801399e-18
107,IDH1,1808.65404997169,-0.527835560346924,0.0565280019766519,-9.33759449988944,9.85475340876667e-21,1.88409991105738e-18
111,BCL9,473.219414116199,-0.504340615410627,0.0549764297472254,-9.17376078675026,4.56798025350774e-20,8.41866414828899e-18
113,PTTG1IP,2848.81004762839,-0.354851961170091,0.0388249744189592,-9.13978609080055,6.257598198821379e-20,1.13284678188751e-17
118,PCYOX1,1855.61157960411,-0.344953099776131,0.0380292814254475,-9.07072358052244,1.18229233616089e-19,2.04967409498673e-17
144,RAD51C,633.956236383401,-0.634711827276165,0.0726574777633749,-8.73567108045291,2.42213819470518e-18,3.44095007285304e-16
152,TPM3,5375.1474360254,-0.396785491692723,0.0459924618784042,-8.62718531444898,6.28802480643245e-18,8.46277128060451e-16
171,FNBP1L,1149.74964675137,-0.479402856696965,0.0564345941667066,-8.49484015568215,1.9820549549026402e-17,2.37116363815458e-15
177,ATP6V0E1,1130.10029753726,-0.550364275476539,0.065127836391888,-8.45052294021993,2.90000924313138e-17,3.3517225472733704e-15
178,OLA1,2050.82808769314,-0.427014098786226,0.0505446933385079,-8.44824788878285,2.9570699725736904e-17,3.3984708106146102e-15
183,SPTBN1,3660.55213565899,-0.382627748779245,0.0454819907130884,-8.41273090250063,4.00573236796449e-17,4.4778834454344e-15
184,ALG8,713.575552347541,-0.540379566545176,0.0642472654580473,-8.41093488870804,4.06755490170943e-17,4.5222810121885806e-15
186,SH3BP4,668.941129346482,-0.629777686809922,0.0748993246905032,-8.40832263057471,4.15915772993871e-17,4.5744026710406604e-15
214,TBL1X,835.269807645206,-0.870040675756926,0.105519635420528,-8.2452964539685,1.64751248608152e-16,1.57491415550325e-14
218,SRBD1,299.11168164205,-0.643505713211557,0.0783162787813744,-8.21675548461578,2.0908276296093498e-16,1.9620211384825e-14
220,G6PC3,797.692853031529,-0.538799617310855,0.0656240657682108,-8.21039676532594,2.20458782812371e-16,2.04996605454213e-14
230,NACC2,1049.45482669508,-0.472414449227727,0.0583104335370873,-8.10171388842884,5.41902683758027e-16,4.8198709572339e-14
232,AKAP1,1489.41191007326,-0.522525491035166,0.0645842292065063,-8.09060505103196,5.93690700841629e-16,5.23497011513673e-14
240,DOP1A,421.366557309124,-0.625073242294335,0.0781490339165851,-7.99847689686769,1.2596765144810702e-15,1.0737167690307999e-13
241,UBR3,948.655982731569,-0.531966719616,0.0667870039491494,-7.96512327489689,1.6505914551162402e-15,1.4010850372329e-13
244,PGAM1,966.36956676169,-0.505276527877212,0.0635536979545722,-7.95038753273461,1.8592896824144003e-15,1.5588315177520998e-13
252,APLP2,9631.13269912806,-0.341061888180691,0.0430391757682512,-7.9244521321034,2.29154402764304e-15,1.86024270529736e-13
254,ATPSCKMT,531.445977762345,-0.680333751608098,0.0859453278736024,-7.91588988535418,2.4549081876151704e-15,1.97716759031668e-13
264,ACTR3,2999.78589598593,-0.361666463606808,0.0460153966877785,-7.85968370675517,3.851046412203131e-15,2.98412335054695e-13
270,ZHX1,1472.73783716098,-0.482339329297385,0.0617079028820156,-7.81649200135045,5.4315767613917506e-15,4.10013895969708e-13
273,PRPF19,2627.79474434691,-0.436285130320154,0.0558641221054402,-7.8097554186333,5.72990677604245e-15,4.29365212152016e-13
278,EEPD1,67.213285516921,-0.945205919911295,0.121554856671302,-7.77596178215436,7.48763119863118e-15,5.5098730730359e-13
281,GTF3C6,500.588247539116,-0.399505208208374,0.0515396350112727,-7.75141710105232,9.08726620040222e-15,6.61559447194406e-13
284,CAMK2G,847.722844214417,-0.356543816675699,0.0461864062885146,-7.71967003556114,1.1663123689112101e-14,8.40114511648473e-13
304,MB21D2,46.7940871439576,-1.26270819771688,0.16534364912168,-7.63687147601069,2.2256346913126102e-14,1.4976910815849299e-12
308,MYLIP,266.439312117546,-0.495183996491117,0.0651382129850499,-7.6020506826733,2.91474527595747e-14,1.93593974383968e-12
310,WNK1,5809.9770718273,-0.24873408938415,0.0327363131214023,-7.598109428564,3.00488196047057e-14,1.98293129888214e-12
312,UBFD1,2055.75257229054,-0.362712421062237,0.0477784655384133,-7.5915460443287,3.16110799092012e-14,2.07265340289272e-12
319,SUSD1,301.526352771736,-0.54037899252221,0.0712932396246169,-7.57966667481362,3.46443871450232e-14,2.2216935041559198e-12
331,SEPTIN7,3012.52745911643,-0.351602773464453,0.0466457067945893,-7.53773064288176,4.7822034427186e-14,2.9555751005345697e-12
332,MEGF8,886.598252861212,-0.460919871893641,0.0612230398946832,-7.52853619628367,5.13122944374716e-14,3.16173375694987e-12
337,BRCA1,1472.2820194588,-0.468508284900553,0.0623981988890998,-7.50836231239994,5.98716121106459e-14,3.6344022817432697e-12
338,EIF2AK1,2969.77702056832,-0.386750892792671,0.051529882608137,-7.50537112094254,6.125481014831741e-14,3.70736583196488e-12
343,NCOR2,3650.01215218094,-0.353658193050222,0.0472954117402187,-7.47764275724618,7.56675527418062e-14,4.5129187359741395e-12
345,LNPK,749.453723766056,-0.496836285375898,0.0665898806691625,-7.46113794443216,8.5778386536528e-14,5.08628537210943e-12
349,HELZ,1413.98352804993,-0.283239931169838,0.0381147332724539,-7.43124526531948,1.07580019678476e-13,6.30591536550883e-12
351,ANP32A,2777.00253809185,-0.261255220528311,0.0351921204989657,-7.4236850983728,1.13905794434719e-13,6.6364708107424896e-12
356,DNAAF5,977.728782285387,-0.453127800562189,0.0611423227944053,-7.41103346835313,1.25318949984047e-13,7.20126337029113e-12
359,RDX,2088.51272507936,-0.329005068714792,0.0444997153768052,-7.39341961917987,1.43099970253195e-13,8.15430666147524e-12
370,CCDC47,2025.08330536811,-0.413933713301961,0.0563203753493591,-7.34962632500764,1.98761728249736e-13,1.0989374796769898e-11
373,USP6NL,371.834966087397,-0.549478915662221,0.0748404192371052,-7.34200745083205,2.10413678744015e-13,1.1540033850043698e-11
376,LGALS3BP,5720.12861752966,-0.932191634622245,0.12719926625312,-7.32859286127664,2.32581779850419e-13,1.2654057102127698e-11
377,PSMD1,2807.81058449004,-0.381019996564542,0.0520933531344606,-7.31417683137182,2.58963938101322e-13,1.4014881697721598e-11
381,C1orf226,126.632233699918,-0.78636840577663,0.107746541547529,-7.29831690634589,2.91389677187762e-13,1.5645560698766498e-11
393,YWHAQ,4857.24709295353,-0.299336771069179,0.0412939640072369,-7.24892313599922,4.20098192128854e-13,2.18675539856997e-11
400,ANKEF1,242.582600133232,-0.56831893816266,0.0786925257530368,-7.22201927977547,5.122120858898429e-13,2.6174193925283896e-11
402,CTBP2,1231.5958489931,-0.434975413204393,0.0602405217111261,-7.22064485580402,5.174162031128819e-13,2.63303066345279e-11
408,DPP3,1220.46320806689,-0.424449044166162,0.0588816726481632,-7.208508608483,5.65679962024485e-13,2.8363026919448298e-11
425,RAD23B,4340.39607806173,-0.367509864757439,0.0515663564488491,-7.12693100824349,1.02631501318949e-12,4.9400767587805596e-11
433,NYNRIN,46.4113260294864,-1.53936310915715,0.216768402387552,-7.1014183441966,1.23482963137746e-12,5.83392835313825e-11
440,LRRCC1,360.238698005772,-0.457936917463266,0.0646635364891648,-7.08184151882877,1.42251287965453e-12,6.613714995248359e-11
441,SP3,2118.1858306089,-0.367219016366625,0.0518970618820912,-7.07591148803254,1.4846960786499899e-12,6.88717180973759e-11
446,TMEM127,893.050255426043,-0.500156656401426,0.0708259299497805,-7.06177323412576,1.6439110924718998e-12,7.54024421943893e-11
450,TNS3,2003.16057376876,-0.74600391410046,0.105853589035428,-7.04750704154946,1.82151611873768e-12,8.28061227578149e-11
467,TNRC18,1947.42118475195,-0.318641342862812,0.0457298495910218,-6.96790708284706,3.21690562161411e-12,1.40916998503982e-10
485,ARID1B,1479.77791270612,-0.34439889776766,0.049918111285804,-6.89927741448026,5.22677141112313e-12,2.2046198506669201e-10
489,AGPAT3,2207.36370483111,-0.373671259095474,0.054348190562026,-6.87550505787334,6.177061521947e-12,2.58413389681942e-10
490,RC3H1,682.427674003453,-0.334051752596924,0.0485896856286306,-6.87495192189698,6.201076927919069e-12,2.58888634111103e-10
495,ELOA,1031.85914043837,-0.369386692995533,0.0537981025543686,-6.86616582103856,6.595041031020299e-12,2.7255505933653e-10
497,DHX9,6079.67142555105,-0.396194956743938,0.0577779917253908,-6.85719501340557,7.0225737900021295e-12,2.88475485988099e-10
515,ATP5MC3,2405.86616645187,-0.319139321974972,0.0469548895223934,-6.79672181579238,1.0702647060768899e-11,4.25134079460484e-10
518,R3HDM1,1120.01101708947,-0.324651545637128,0.0479030120873595,-6.77726788964896,1.22469680337125e-11,4.83660666149916e-10
525,ATP11A,1486.09088409571,-0.31360784135814,0.0464615380939353,-6.74983769853018,1.48010629368119e-11,5.76733989520689e-10
529,PSME3,2975.06778048256,-0.349633246511771,0.0518225786884221,-6.74673579278841,1.51208250415581e-11,5.84738597117493e-10
531,POMT2,722.403082093942,-0.479607932489668,0.0711752516550973,-6.73840866504784,1.60130663998302e-11,6.169101682510861e-10
535,ARF3,2566.69504300229,-0.410224336548558,0.0609393336427646,-6.73168398842944,1.67710582800525e-11,6.412813817477261e-10
543,FKBP1A,2328.02275233494,-0.230511708238052,0.0343629805348578,-6.7081406982209,1.97119827658612e-11,7.41718026161095e-10
545,DBNL,1231.73909168873,-0.529826807851621,0.0790427749574296,-6.70303905874979,2.0412887224069e-11,7.662136402619801e-10
549,MSH3,329.497307375855,-0.452615522890023,0.0676107402444526,-6.69443229364967,2.1651049938390198e-11,8.06767811638705e-10
553,LIPH,108.668168273835,-1.32785988724371,0.19877584692418,-6.68018729534176,2.3863706399039497e-11,8.827845240599461e-10
555,CDK2AP1,3244.35648852755,-0.381430692635762,0.0571531896108472,-6.6738303711989,2.4921165568913797e-11,9.18580691969856e-10
557,MAN1A1,254.808317070718,-1.08820522662155,0.163165835162814,-6.66932036069737,2.5699072731085797e-11,9.43852658635228e-10
562,CFL1,15184.1134296907,-0.407964221375019,0.0612525079825705,-6.66036762920967,2.7314348066689398e-11,9.9425199003606e-10
564,DNAJB6,1296.15045748915,-0.511255558617185,0.0769816581397204,-6.64126456836335,3.1100321165881196e-11,1.1280483512241702e-9
577,FRK,358.176730104743,-0.820122054677419,0.124741839624278,-6.57455475362255,4.8798970648981696e-11,1.7301222574804502e-9
578,POLR3H,627.601325960878,-0.453157033554919,0.068982807371637,-6.56913006038718,5.0610064958418696e-11,1.79122854473075e-9
596,POLE3,1810.85057029208,-0.328687727181348,0.0504522728054894,-6.51482498020557,7.27744613203621e-11,2.4978979114608202e-9
597,DCTN1,1713.36290384168,-0.348344696783137,0.0535328356414736,-6.5071220795422,7.6604158100771e-11,2.62494348788521e-9
608,STAG1,886.577402580843,-0.485220236448496,0.0747399975123325,-6.49210934705252,8.464278465444639e-11,2.84792343038818e-9
614,PGM2L1,301.318543792266,-0.681873829256364,0.105179894714272,-6.48292937646231,8.995861389732959e-11,3.00123607126546e-9
636,DDX18,2023.64467038211,-0.290567436536417,0.0452247447594358,-6.42496575894532,1.31899203879257e-10,4.24255033609743e-9
637,POGLUT3,1479.92281778247,-0.472875636377857,0.073628798040245,-6.42242775876074,1.34117904476609e-10,4.30045843072947e-9
643,MMP12,39.9505279091479,-3.19944665831577,0.499323647596162,-6.40756085500557,1.47866075076407e-10,4.704348830230271e-9
668,CFAP251,57.7965081894127,-1.15671762886846,0.181989698155063,-6.3559511367665,2.07140869263235e-10,6.348208088752011e-9
681,CALM3,3389.17904842714,-0.364054599507302,0.0575372247709206,-6.32728813314778,2.49507198975957e-10,7.495108325185251e-9
682,MCFD2,1635.47626825647,-0.331700839751917,0.0524282283378828,-6.32676041643471,2.50361613495368e-10,7.50974710744097e-9
688,BCL9L,2093.09553547447,-0.520663423562871,0.0825705008291898,-6.30568324443067,2.86925307093658e-10,8.5314404174636e-9
700,MYO10,1995.46144879289,-0.403887041874313,0.0644393327725131,-6.26770986751422,3.66396633732676e-10,1.06858151556364e-8
724,PHF12,1364.53203442602,-0.308169917044666,0.049424012668027,-6.23522657123357,4.51124675146728e-10,1.27467644744152e-8
731,BLTP2,3612.32767759838,-0.269666653858676,0.0433356010855536,-6.22275097387705,4.88512442193652e-10,1.36709973050007e-8
732,CLPTM1,2100.58427087527,-0.272126718317795,0.043738991242888,-6.22160481037713,4.92095254191321e-10,1.37524489275845e-8
739,DDX1,2127.22632739846,-0.310188464340665,0.0500518997360693,-6.19733648425599,5.74266474591644e-10,1.5875783620521e-8
740,CHMP3,924.178350246019,-0.370778406576847,0.0598287113471004,-6.19733232136241,5.74281658072324e-10,1.5875783620521e-8
763,AIMP2,293.331774514962,-0.39491947845115,0.0643858121427145,-6.13364133041904,8.58900443194543e-10,2.30178155364716e-8
781,WDFY3,1024.227039861,-0.343428153686113,0.0562683296752568,-6.10340053931139,1.0383519320776301e-9,2.71631272052584e-8
790,EIF4G2,16736.4179749379,-0.336072869419606,0.0552287946962063,-6.08510236857824,1.1641690382587101e-9,3.01460835641247e-8
816,CALM1,6908.68630778288,-0.261675005546608,0.0433452378015918,-6.0369954998147,1.5701010008781102e-9,3.93622011948083e-8
821,MORC2,835.604002925826,-0.416411054731248,0.0692078092200841,-6.01682179256738,1.7787471224649902e-9,4.43213518687776e-8
827,SCRN3,244.133122469723,-0.467496706797455,0.0782407811673292,-5.97510275105314,2.2994520562653404e-9,5.68801580592745e-8
830,MPRIP,5990.72551648399,-0.377176181891631,0.063284980499122,-5.95996362670703,2.5229408375150204e-9,6.21080634332668e-8
835,SLC38A10,1989.52059728457,-0.407456566926278,0.0684089859952163,-5.95618486370738,2.58194260265798e-9,6.32560476917057e-8
849,YWHAZ,12695.6875704355,-0.246439914314685,0.0414820053950814,-5.94088718632454,2.8348365779451404e-9,6.82261786764986e-8
854,GORASP2,1738.02707575984,-0.316321267189534,0.0533658760695797,-5.92740699650666,3.0775554468310802e-9,7.37207866227441e-8
866,SPINT1,1320.64156685351,-0.39404401648297,0.0668622723314427,-5.89336860299416,3.78401016445815e-9,8.93874087001391e-8
871,PSPH,510.097756177616,-0.301514362599458,0.0512967558482263,-5.87784466315101,4.15642667176846e-9,9.76211485928444e-8
875,ST3GAL4,373.200921247922,-0.467711724552304,0.0796501251116577,-5.87207771358352,4.30366899901617e-9,1.0061732195757e-7
912,CYB561A3,385.364525526331,-0.489126379763889,0.0843079613099159,-5.80166300031692,6.566042473810391e-9,1.47282380358267e-7
913,PRRX1,5.49238160982395,-3.75176591004341,0.647087351277963,-5.79792805814219,6.7139240363950606e-9,1.50434549849435e-7
916,SUPT6H,3150.76527521162,-0.328222225957413,0.056668768942791,-5.79194205345741,6.9577150043716705e-9,1.55386436511388e-7
932,PRPF40A,3348.57778201638,-0.247405923110984,0.0429510227435503,-5.76018700621363,8.40207957300209e-9,1.84422040584661e-7
934,E2F3,946.267100236504,-0.29845217829283,0.0518327175520949,-5.7579882434848,8.51222820292159e-9,1.86240269890018e-7
944,CASKIN2,563.642160198548,-0.772002464220601,0.134399403010778,-5.74409146861085,9.24158251463618e-9,2.00270183794399e-7
979,LCMT2,222.329826586541,-0.601512280198578,0.105721966762393,-5.68956763309615,1.27361438719534e-8,2.66132068629776e-7
983,KTN1,7263.18723371957,-0.237775552462256,0.0418271370467457,-5.6847197597225,1.31027337022651e-8,2.72678151930049e-7
984,SASH1,648.274976325491,-0.427661720667547,0.0752403633358777,-5.68394013142173,1.31626371344397e-8,2.7364641042605e-7
1017,SNX17,1080.56827244319,-0.310774938233804,0.0549660551091379,-5.65394292198602,1.56808302782654e-8,3.15420594889357e-7
1037,HOXD13,64.6229170242483,-0.83382630869197,0.148236846589837,-5.62495983875804,1.85551138705862e-8,3.6595132864161e-7
1040,ELF1,1024.01015087513,-0.334605675453978,0.0595382206447791,-5.62001470366951,1.90941207862672e-8,3.7558502781218e-7
1048,CCAR1,1961.10100883147,-0.289244365450922,0.0515873474362204,-5.60688579323694,2.05999491864654e-8,4.02111794377408e-7
1052,TRRAP,3081.49867560581,-0.375744942962351,0.0671248420557469,-5.5977031968328,2.17210198189594e-8,4.22382987106893e-7
1059,DDX31,856.613299645365,-0.28546394630496,0.0510214405857257,-5.59498013046743,2.20647037497284e-8,4.26230070451551e-7
1072,PDGFC,113.160596724754,-0.706940595353393,0.127185635612905,-5.55833677244023,2.72357494518326e-8,5.19740416544906e-7
1073,PGK1,7577.62319604745,-0.363451252491831,0.0653960086162559,-5.5576977889364,2.73356145549086e-8,5.21159987837619e-7
1079,THRA,425.598696201399,-0.644508634048772,0.116152037206733,-5.54883624556361,2.87577370873747e-8,5.4522430731828e-7
1080,MRPL15,736.735608393441,-0.337516357019285,0.0608291266851987,-5.54859777563453,2.8796982409786e-8,5.4546284181203e-7
1088,NUDCD3,1191.16479409014,-0.276238945080035,0.0499283820049805,-5.5327037245565,3.15331857396574e-8,5.9289924694501e-7
1089,MTDH,3613.29854548632,-0.279446080833676,0.050510760915877403,-5.53240687264792,3.15866155394107e-8,5.93358488603971e-7
1090,DHCR24,6119.43415369721,-0.372379945757127,0.0673149984099031,-5.53190157547926,3.16777650425274e-8,5.94524806857783e-7
1093,HNRNPLL,665.882433448784,-0.310901054709525,0.0562396846165069,-5.52814363788721,3.23637029908789e-8,6.05731264487108e-7
1094,PSMD14,1716.27182748609,-0.232281971961363,0.0420454816157639,-5.52454064111077,3.30348764945592e-8,6.17728033317366e-7
1113,XPO1,6793.73405101388,-0.194535451980008,0.0354009372611441,-5.49520625809897,3.90254021956023e-8,7.16645110157482e-7
1116,HOXD9,84.6378352714123,-0.921405475324354,0.167801349468616,-5.49104925700664,3.99552892512581e-8,7.3240622958153e-7
1121,SMG7,2097.71460318794,-0.220812792752644,0.0402934924109817,-5.48011054739109,4.25060168408033e-8,7.74092598055931e-7
1138,ZNF609,1693.43163144223,-0.283265461856148,0.0519914796487961,-5.44830544869303,5.08519739332981e-8,9.14129025266678e-7
1150,NDST1,1871.7530562005,-0.291070285583332,0.0536491729092593,-5.42543845131853,5.78124492221083e-8,1.02840806411884e-6
1180,ARHGAP35,2117.95131529138,-0.351155423238227,0.0652512198286837,-5.38159170296251,7.38300754010442e-8,1.27995072243997e-6
1181,CDK8,394.915593505576,-0.327849119368227,0.0609286564215799,-5.38086901342056,7.41271191578146e-8,1.28195903838944e-6
1185,TM7SF3,1130.83843065187,-0.346352319264873,0.0644330167456983,-5.37538573790271,7.64189014255226e-8,1.31829906588498e-6
1201,SLC30A6,779.503949385266,-0.303601413266209,0.0566821131356601,-5.3562119771291,8.4984798859114e-8,1.44757204851032e-6
1202,TFDP1,3731.5801460261,-0.294456524384783,0.0549817055136811,-5.35553638494378,8.53029782124946e-8,1.45178288293927e-6
1205,STXBP5,580.014217958953,-0.300849839800586,0.0561916262039104,-5.3539977417427,8.60319339785341e-8,1.46054379535176e-6
1207,TP53I3,244.547540808993,-0.784761194269375,0.146704426220944,-5.34926732944982,8.83110141817724e-8,1.49675096695652e-6
1219,SIK2,713.492441812577,-0.278419401162166,0.0521201184755212,-5.34187966769356,9.19877125839417e-8,1.54371832348621e-6
1225,ACP2,408.046619699041,-0.546696371831432,0.10246382920057,-5.33550596436613,9.52784969147351e-8,1.58925233465036e-6
1229,EPC2,476.687515880273,-0.265103604121925,0.0496994847132005,-5.33413184566705,9.60027514144657e-8,1.5979888410787e-6
1232,LPCAT2,520.888168088013,-0.629111057477881,0.117956555310284,-5.33341327086916,9.63836087079383e-8,1.60042165855381e-6
1237,SLC35B3,321.989604785653,-0.324424336293491,0.0609228448279125,-5.32516722109556,1.0086020877773e-7,1.66798487547778e-6
1246,SYNJ2,1260.21834072382,-0.375578707831998,0.0708910240535411,-5.29797266785622,1.17095488639101e-7,1.922489896541e-6
1247,SMO,243.079494224817,-0.389383622313717,0.0735109079727517,-5.29695024931606,1.17752760450487e-7,1.93171495148688e-6
1260,GSTCD,399.402921795152,-0.552989542870112,0.104723829016199,-5.28045572879668,1.28862959361281e-7,2.09218219020137e-6
1268,SRSF9,1581.24542891868,-0.191484015102696,0.0363256660511319,-5.27131463558475,1.35450040917877e-7,2.18525353868849e-6
1269,ERC1,1896.24488835737,-0.278132933441375,0.052787677822746903,-5.26889882095787,1.3724458285689e-7,2.21246054491994e-6
1280,MED20,286.965750104517,-0.49296977011042,0.0936620613450571,-5.26328123715201,1.41506861460518e-7,2.26156708195141e-6
1283,RANBP2,2476.07107036933,-0.253862690034312,0.0483239464111641,-5.2533517828681,1.49355875649941e-7,2.38142879826254e-6
1304,TARS1,4511.11313756914,-0.281128358101602,0.0538285717191464,-5.22266055225105,1.76370522323298e-7,2.76688019568075e-6
1305,CREB3,355.384030753653,-0.392437722108099,0.0751624047463674,-5.22119699911632,1.77770307267757e-7,2.78670281668698e-6
1307,PRCP,1088.76557462539,-0.298654215707866,0.0572575365785802,-5.21598087437788,1.82847042777537e-7,2.86189897023723e-6
1312,KPNB1,8423.15251265219,-0.297300256475985,0.0570963584453187,-5.20699155902754,1.91926820186219e-7,2.99256628090662e-6
1314,PRDX3,4161.24033360188,-0.172526541263028,0.0331414825286384,-5.20575810433174,1.93206193480802e-7,3.00792929987578e-6
1327,WIPF2,1500.7198253669,-0.234262990390491,0.0451226061654481,-5.19169902402211,2.08383672325283e-7,3.21243766748931e-6
1335,NFE2L1,3282.98594166215,-0.327985561958913,0.0633750276457502,-5.17531232952302,2.27530035031688e-7,3.48657822220467e-6
1353,SKA2,1319.29850099401,-0.353013056121827,0.0684656028840972,-5.1560643776033,2.52194220961552e-7,3.81310951826347e-6
1367,AMBRA1,608.967733237548,-0.319724081448533,0.0621855900013262,-5.14144967414017,2.72626682141481e-7,4.07684505597097e-6
1385,ZFAND3,857.639902131068,-0.263293636281737,0.0514571664566131,-5.11675349445712,3.10839433588415e-7,4.59122187214311e-6
1389,DDOST,4129.02344722428,-0.18902451070867,0.0369634545597121,-5.11382155591852,3.15705611510876e-7,4.64966860667962e-6
1395,ACTR2,4857.37290390734,-0.187945647345074,0.036838449382069,-5.10188812226597,3.36281533528608e-7,4.93140597232598e-6
1406,UGGT1,2286.94836842291,-0.238632202070029,0.046899137608889,-5.08820021511014,3.61477634474061e-7,5.25942245265709e-6
1409,MPHOSPH10,746.68246138338,-0.256407513172379,0.050423473024173,-5.08508235934992,3.67466577840826e-7,5.33517656699062e-6
1425,MIPEP,366.404638020093,-0.465915817790521,0.0918654482307809,-5.0717198551088,3.94236456446405e-7,5.65957557159587e-6
1430,F2R,386.552271892846,-0.961692732777822,0.189766212269154,-5.06777640380896,4.02489800576987e-7,5.75785583944296e-6
1433,ANXA8L1,226.112954189477,-0.748423517410244,0.147792879802009,-5.06400253119686,4.10544192190898e-7,5.86078334937138e-6
1434,NRSN2,442.482328932084,-0.567475663000308,0.112072625241879,-5.06346364043458,4.11706933861176e-7,5.87328364435013e-6
1457,TSN,1665.00109496574,-0.276423056701619,0.0547847953056644,-5.04561630940399,4.52061791697878e-7,6.34717094904838e-6
1487,SPIN1,2625.13245344382,-0.186422916100378,0.0371204024951278,-5.02211462078967,5.11056679363347e-7,7.03072393391795e-6
1489,ZNF92,373.448497701829,-0.29293593983415,0.0583757319488932,-5.01811163739428,5.21818528375045e-7,7.16913474477388e-6
1490,CHD9,1818.30037401742,-0.225182510597778,0.044882699679904,-5.01713382224649,5.24480365683479e-7,7.20086902066237e-6
1496,WDR33,1480.31735106326,-0.177105455091546,0.0353283750440616,-5.01312202643513,5.35539097515336e-7,7.3232107739781e-6
1507,PDCL3,266.734502292888,-0.322046612773058,0.0644117135407232,-4.99981439819094,5.73855275570247e-7,7.78479806177133e-6
1519,SHOC2,734.762071509065,-0.294113866234315,0.0590070627706422,-4.98438411309376,6.21594871438715e-7,8.37085168593924e-6
1537,FAM43A,64.7140437172679,-0.990779877430816,0.199429481825777,-4.96807126188277,6.76221140399932e-7,9.0002965967218e-6
1546,PARP4,1918.83349530974,-0.317042332406169,0.0639094185850489,-4.96080764659528,7.02006820855777e-7,9.28910319162137e-6
1556,MARCKS,1148.40957219865,-0.441436921154687,0.0891201578727998,-4.9532780427156,7.29735866471176e-7,9.59396312365093e-6
1560,MYORG,325.142175493065,-0.401038816595473,0.0810422633929173,-4.94851451336096,7.47820151144587e-7,9.80288206581388e-6
1562,FAH,296.765446425021,-0.396402398608765,0.080113782991962,-4.94799251520224,7.49827915481185e-7,9.82024946670846e-6
1563,DPYSL3,283.069720996552,-1.33255543946821,0.269329865119378,-4.94767054102066,7.51068914819915e-7,9.82396031108892e-6
1569,RIF1,2584.8494753543,-0.260372649882432,0.0526646077933722,-4.94397776404213,7.65444380848878e-7,9.98004824667017e-6
1578,NT5C3A,508.21084706673,-0.374089817239633,0.0757981459919447,-4.93534257789615,8.00101940486625e-7,1.0375567890754e-5
1580,PLXNB2,4859.28607344315,-0.327042594206191,0.0663040577466812,-4.93246726249662,8.11973917357457e-7,1.05130065996085e-5
1583,STT3A,2637.5564107271,-0.349615486031846,0.0709133709817435,-4.93017721752156,8.21550551999724e-7,1.06101386630419e-5
1590,ASF1A,440.933601485975,-0.474509617787964,0.0964801912700535,-4.91820768119939,8.73402220947569e-7,1.12372259332858e-5
1598,SLX4IP,220.372297214339,-0.510275818630407,0.103990618697781,-4.90694088582528,9.2507899575245e-7,1.18425162804179e-5
1603,FZD10,20.5731438212281,-1.484865155643,0.302866123249315,-4.90271126962815,9.45228672002126e-7,1.20627217362118e-5
1604,POLR3B,333.814653584683,-0.311623022993409,0.063573585650059,-4.90176886842185,9.49775441700306e-7,1.21131896576454e-5
1620,ZDHHC5,2213.76233554139,-0.337214172066614,0.0689929095034899,-4.88766417438239,1.02039394830295e-6,1.28853080249589e-5
1621,ZC3H4,966.395661979475,-0.303508752711634,0.0621198080252091,-4.88586108618471,1.02977787840436e-6,1.29957841199988e-5
1622,MAP4K4,2410.77612914669,-0.395845311076954,0.081022294427471,-4.88563442783398,1.03096335184598e-6,1.3002723359256e-5
1627,WIPI2,1047.14528973278,-0.31205699429915,0.0639451770975234,-4.88007084292266,1.06047740136033e-6,1.33338575289664e-5
1644,PERP,5766.71832370595,-0.468971891630973,0.0965594383928496,-4.85682082908325,1.19285438112506e-6,1.484320077535e-5
1655,MYO5C,704.998074614914,-0.933061628510261,0.192479442832813,-4.84759107143049,1.24969667866067e-6,1.54461371596498e-5
1656,PRR15,54.1864873501949,-1.43325806316127,0.295670490785585,-4.84748430373678,1.25036922013883e-6,1.54461371596498e-5
1659,ICMT,2431.18069716086,-0.382627487852962,0.0789714127342738,-4.84513920423891,1.26522937380879e-6,1.55895933660501e-5
1667,LMBR1,1474.56243589732,-0.491636149728914,0.101592271206572,-4.83930661151624,1.30292904228338e-6,1.5979627948436e-5
1678,ATP8B1,262.342930811343,-0.836032412438791,0.173229208159297,-4.82616310102853,1.39188533486348e-6,1.69688905216343e-5
1681,PXDN,188.940646037133,-1.27772544356949,0.264961892455166,-4.82229890392894,1.41913073227609e-6,1.72701709638144e-5
1684,UBE2E3,625.469288311328,-0.332851879820544,0.069077545178303,-4.81852502084993,1.44623391387389e-6,1.7568650342113e-5
1694,SLC7A5,19801.19307902,-0.42873963573365,0.0892304922950161,-4.8048556575945,1.54863187219615e-6,1.87015125203758e-5
1695,B3GNT2,515.872166073791,-0.285493796971445,0.0594462609356479,-4.8025526328813,1.56655623213494e-6,1.89068087556251e-5
1696,ERF,1052.53267249474,-0.291509709003608,0.0607068489820493,-4.80192455862444,1.57147901959286e-6,1.89550390942282e-5
1697,BMPR2,1135.19461873749,-0.302801252992306,0.0630611154022822,-4.80171102367384,1.57315607151033e-6,1.89640858897388e-5
1711,SLC9A1,704.27014102151,-0.440438972716265,0.0919537460930231,-4.78978825148357,1.66957402371875e-6,1.99500442775785e-5
1712,CRYBG1,1339.62934611516,-0.462102374994544,0.0964754485490604,-4.7898442758683,1.6691079534911e-6,1.99500442775785e-5
1726,KITLG,7676.17735392244,-0.566969259527428,0.118651781994299,-4.77843020979383,1.766690621873e-6,2.09392758120834e-5
1749,NPTN,2477.53883670295,-0.483509462296075,0.10172468975669299,-4.75311808227227,2.00303282846543e-6,2.34282690519825e-5
1752,BPNT1,602.028124914196,-0.245351304268557,0.051628410892879,-4.75225365308304,2.01161788012993e-6,2.34883943914487e-5
1759,PLXNA2,431.624777742702,-0.744846161621284,0.156896121291787,-4.74738416404865,2.06064333672825e-6,2.39650828535814e-5
1772,POMK,1103.35617692751,-0.420292186911486,0.0889504830834456,-4.72501297735735,2.30100661459359e-6,2.65641604484994e-5
1792,KMT2C,2009.90275528232,-0.533358131388736,0.113200463290871,-4.71162498706619,2.45749300472788e-6,2.80540928558696e-5
1795,CAPRIN1,6250.27959903509,-0.311901361830305,0.0662940524343245,-4.70481665213174,2.54094203516368e-6,2.89582458013055e-5
1798,RAN,8301.56958512332,-0.23493913852956,0.049969666390484,-4.70163512186867,2.58086387492922e-6,2.93641447660885e-5
1808,TWF1,1475.03170875256,-0.237306106432631,0.050610669816454,-4.68885528077876,2.74737592533212e-6,3.10857684206412e-5
1818,TRAF4,1168.10835724088,-0.405317206766416,0.0866535344076059,-4.6774457561057,2.90470377660528e-6,3.26851073476426e-5
1822,WASF1,547.441132180432,-0.406893299129966,0.0870426028649907,-4.67464535454078,2.94462019901803e-6,3.30615232773391e-5
1835,RAB5C,720.878568060376,-0.279137074167377,0.0598299783925311,-4.66550518096498,3.07859738263775e-6,3.43209082597386e-5
1853,TASP1,203.242614169658,-0.347016816539302,0.0746446599265648,-4.64891683987436,3.33682703522195e-6,3.68383543764357e-5
1861,RAP1GAP2,1139.28260963367,-0.204093215829526,0.0439942493479164,-4.63908849121419,3.49949198022734e-6,3.84474261221862e-5
1867,DHX40,1064.69651195868,-0.218305011425184,0.0471278552853344,-4.63218642358032,3.61824116527781e-6,3.96456130252213e-5
1870,RAC1,3591.04961609123,-0.272208085409863,0.0587824125348036,-4.63077430258064,3.64300807698363e-6,3.98529498560718e-5
1876,ADAM15,2784.30988018591,-0.469838339248854,0.101588769090019,-4.62490434186208,3.74771320167377e-6,4.086725424661e-5
1878,CLSTN1,3730.01004173921,-0.349032711687415,0.0754785552645648,-4.62426328198782,3.75932125859067e-6,4.09501783743288e-5
1883,LEO1,596.860771821683,-0.314436641741093,0.0681027714324909,-4.61709024650764,3.89158062308458e-6,4.22593638447478e-5
1890,CXADR,390.741622394146,-0.59823762544628,0.129757695506493,-4.61042116316209,4.01854015245698e-6,4.34959131739749e-5
1892,AKAP9,2014.18922425431,-0.487002283402892,0.105685222117082,-4.60804522758512,4.06472260586445e-6,4.39492760825417e-5
1900,YKT6,1591.53342484188,-0.235169476869862,0.0510836979007893,-4.60361106446502,4.15227594596236e-6,4.47068994876589e-5
1911,UBE3C,3238.77204958041,-0.348178593016441,0.0758241202375089,-4.5919239409019,4.39178434873809e-6,4.70134654223627e-5
1916,PTHLH,43.3509720816894,-1.26372066443098,0.275493282632557,-4.58711970163165,4.49403037548217e-6,4.79824527094148e-5
1917,PHAX,692.56898490635194,-0.298776435574634,0.0651403991635456,-4.58665343490614,4.50407419784764e-6,4.80646039986276e-5
1919,DLAT,1200.55385401208,-0.240929818672272,0.0525544923927198,-4.58438104343003,4.55333221452473e-6,4.85396128778179e-5
1926,MAGEH1,17.0911369184596,-1.73934048541223,0.38007006289715,-4.57636803107774,4.73117927517851e-6,5.02521985629942e-5
1979,SULF2,673.882733361111,-1.03654354642405,0.228725113591447,-4.53183093954229,5.84746402595552e-6,6.04454631525882e-5
1991,ARHGEF12,3448.94200933712,-0.274522627448767,0.0607105700058286,-4.52182589329027,6.13084787567358e-6,6.2992845300178e-5
1995,C1orf53,29.7099128555489,-0.776009103629824,0.171714277337229,-4.51918801198936,6.20772507563949e-6,6.36548530688506e-5
2002,SIPA1L3,795.487922379136,-0.344940743496618,0.076481108145031,-4.51014311720624,6.47839042361089e-6,6.61980184294745e-5
2008,ITGA6,1868.92191543358,-0.851717691807937,0.189136768856071,-4.50318410830034,6.69428425716511e-6,6.819968777332e-5
2014,KDM2A,4149.27606620906,-0.351719769412254,0.0781828571962296,-4.49868145045504,6.83762224405913e-6,6.94524519596413e-5
2017,SELENOP,21.2222055689096,-1.26086663482515,0.280404184066963,-4.49660421088454,6.90473452347924e-6,7.00298235730366e-5
2020,BIRC6,2365.34480463909,-0.297435187703618,0.0661660292820043,-4.49528543470438,6.94766855740969e-6,7.03606216232326e-5
2027,PSMD12,2040.29115414355,-0.225012407743482,0.0501266844864217,-4.48887473905108,7.16003814280074e-6,7.22609276207571e-5
2030,TIMM17A,1423.06655050261,-0.185139471566827,0.0412659798328811,-4.48649159226569,7.24055732384663e-6,7.29655572285372e-5
2037,AASDHPPT,978.824184143755,-0.254637495099595,0.0568516955426064,-4.47897802641194,7.50012529571019e-6,7.53215823143561e-5
2052,RAB11A,2174.72236534995,-0.192062409725043,0.043063066228296,-4.46002634152518,8.1949580151316e-6,8.16979805631321e-5
2060,INSIG2,289.795711285588,-0.394305538173594,0.0885285762221097,-4.45399163750606,8.42883846194995e-6,8.37032759301505e-5
2077,IFI6,698.822740321962,-1.17093276469759,0.263415047540773,-4.44520074167876,8.78098353581802e-6,8.65100489260081e-5
2080,NIFK,528.028376453572,-0.363596641116063,0.0818198895576588,-4.44386619294854,8.83565680616591e-6,8.68995342710269e-5
2082,TET3,937.170327667004,-0.378548121343527,0.0851949022437606,-4.44331892371237,8.8581710379822e-6,8.7037274219021e-5
2088,TGFBR2,568.984122148532,-0.79149492943826,0.178389123551837,-4.43690127334622,9.12631246165725e-6,8.94142595920126e-5
2099,LHFPL6,71.8987660675593,-0.878709377798253,0.198785070234133,-4.42039926219455,9.85187048766762e-6,9.60170150386929e-5
2110,PELI2,113.880267509715,-2.09171193077548,0.473997523067427,-4.41291742884895,1.01986900881852e-5,9.88789588312817e-5
2117,TES,1326.3871873021899,-0.591572933730359,0.13425406894774,-4.40636874820261,1.05117954274986e-5,1.0157760938136e-4
2126,ZNF189,291.564957226545,-0.318344924988342,0.0723969840373002,-4.39721252510084,1.09649968909054e-5,1.0545883469546e-4
2131,DDX56,1737.00535998849,-0.242175661600261,0.0551244460343976,-4.39325342968786,1.11666825362664e-5,1.0706784456257e-4
2132,ZNF512B,1387.87619533546,-0.359652555487982,0.0818624404499889,-4.39337690778592,1.1160339112501e-5,1.0706784456257e-4
2141,PCDH1,566.847409015535,-1.39033735814665,0.31689695182479,-4.38734847445095,1.14740876295483e-5,1.0963354069951e-4
2164,RAB2A,1366.23911382527,-0.217124749217027,0.0496270502005092,-4.37512905441232,1.21360656405887e-5,1.1472619908018e-4
2170,GALNT7,609.094075923197,-1.67184805995554,0.382420445149176,-4.37175386714322,1.23252427217932e-5,1.1619239187084e-4
2175,NT5C3B,901.069549508427,-0.191214457268173,0.0437861498362823,-4.36700778632351,1.25960238819189e-5,1.1847211979421e-4
2185,EFNA4,135.493069640952,-0.631001414051694,0.144775102848845,-4.35849397883351,1.30960524805822e-5,1.226114167484e-4
2186,NT5C2,827.899315657003,-0.296173995003727,0.0679798094570389,-4.35679354457297,1.31981650127279e-5,1.2351091567491e-4
2206,ZSCAN29,559.83623443989,-0.333715598125607,0.0768918607900916,-4.34006401583417,1.42441214073472e-5,1.3209065803721e-4
2213,SKAP2,720.173460680764,-0.75634204138637,0.174538520006858,-4.33338177358586,1.46836150270787e-5,1.3573552309487e-4
2215,UBXN2B,588.136421347435,-0.279192304258726,0.0644574939600313,-4.33141729698407,1.48152595188887e-5,1.3682878734894e-4
2217,ZNF75A,334.516334594153,-0.422404270031737,0.0975240068105468,-4.33128502249003,1.48241638853366e-5,1.3683576363306e-4
2229,RNF144B,106.947441120814,-1.18384421584664,0.274185722372902,-4.31767272781832,1.57683001436536e-5,1.4471606820938e-4
2234,PSAP,10711.8001202842,-0.240412862136912,0.0557524085074534,-4.31215204101491,1.6167319293372e-5,1.4797979900873e-4
2238,LNX2,440.817735804278,-0.25721436215876903,0.0596964085774462,-4.30870747986582,1.64211384533958e-5,1.500997953573e-4
2260,CLTC,9792.38983798754,-0.210276785451994,0.0489221459635634,-4.29819218495863,1.72196828325617e-5,1.5586860694943e-4
2282,HOXA10,211.914044888671,-0.440939562412876,0.102988048013576,-4.28146344083297,1.8566822999315e-5,1.6644237427563e-4
2283,MINPP1,536.625402570177,-0.258072763498854,0.0602784963244131,-4.28134043208262,1.85770908545105e-5,1.6646147508135e-4
2285,SAE1,2689.95126492074,-0.333329012509836,0.0778634815528885,-4.28094153847235,1.86104247483955e-5,1.6666058706997e-4
2295,UBE4B,1320.82849925141,-0.24491870690945,0.0572849463267531,-4.27544621430619,1.90754850760676e-5,1.7003363756039e-4
2302,HNRNPM,5051.41141389595,-0.343811138708432,0.0805013620246303,-4.27087356116086,1.94708780427336e-5,1.7303030066038e-4
2305,SNX19,1301.74981211066,-0.511572228681163,0.119892908835879,-4.26690980849794,1.98199239980655e-5,1.7590390488051e-4
2308,MAIP1,285.438421625602,-0.288234109333424,0.0675900350229519,-4.26444681136128,2.00398072618921e-5,1.7762319634164e-4
2316,YWHAB,7603.43074631484,-0.178369078940611,0.0418868598572894,-4.2583540410602,2.05937613567287e-5,1.8190266669887e-4
2330,TYW1,303.274088764724,-0.344212661520786,0.081158848609005907,-4.24122159715545,2.22306516575243e-5,1.9518130513217e-4
2343,ATP5F1C,2014.59273876397,-0.133677004065558,0.0316041303565427,-4.22973208113871,2.3396979290895e-5,2.0428169242588e-4
2349,CANX,381.146609532431,-0.285294845145219,0.067522452265306,-4.22518489145287,2.38744679956269e-5,2.0791825959409e-4
2353,ZFR,3084.88072147555,-0.214045392359788,0.0506911501865162,-4.22253966564609,2.41564869475554e-5,2.1001668231455e-4
2365,FKRP,311.45630757315803,-0.314148290789498,0.0746445703333608,-4.20858864062744,2.56970721513598e-5,2.2227695771685e-4
2367,MOCS3,252.974799111453,-0.358120895009982,0.085102503188077,-4.20811235385794,2.57512827946711e-5,2.2255766460945e-4
2378,CPSF7,3085.36446144154,-0.277841926454978,0.0661479989987366,-4.20030735110045,2.66552889746103e-5,2.2930498172985e-4
2387,CILK1,308.471436467239,-0.545245620204883,0.130000338044244,-4.19418617218762,2.73853000232514e-5,2.3469672500027e-4
2389,EHD2,2646.9879860466,-0.220928435612449,0.0527548827059057,-4.18782915022417,2.81635396744138e-5,2.4116430771012e-4
2392,ACSL3,2669.55386549304,-0.359104262244345,0.085788835054535,-4.18590906399494,2.84027050786723e-5,2.429072482418e-4
2394,CARD6,313.991141075541,-1.07234779144299,0.256243975108059,-4.18487026276725,2.85329014700585e-5,2.4381686105805e-4
2400,LAPTM4A,1983.44800016015,-0.332220214270396,0.07947699137503,-4.18008040468896,2.91406041781337e-5,2.4838722486336e-4
2415,SMG6,526.092462752731,-0.242228913147872,0.0580984586227922,-4.16928295328036,3.0555944895828e-5,2.5883352576975e-4
2425,TAF6,824.39962430345,-0.221837120311915,0.0533336132621926,-4.15942417441971,3.19050913243348e-5,2.6914740339048e-4
2426,RAB6A,1428.21161447422,-0.243719757039124,0.0586068619111511,-4.15855326648621,3.20269555014416e-5,2.7002333201164e-4
2443,SF1,4997.51615687283,-0.193728509971914,0.046735510411886,-4.14521010393511,3.39502271188072e-5,2.8428972417905e-4
2454,NCBP1,1611.94151944148,-0.256228469506229,0.0619389071851904,-4.13679351397232,3.52192768167419e-5,2.9359443595765e-4
2472,GDI2,2882.62553009848,-0.157450758534005,0.0382032084830908,-4.12140144207245,3.76574569769797e-5,3.1163373680342e-4
2486,OXCT1,1918.10213094115,-0.49766479800508,0.120943695213167,-4.11484697179072,3.87436362714759e-5,3.1881680096765e-4
2488,DDX21,5694.33792749915,-0.204174040035778,0.0496338049176835,-4.11360846452121,3.89521890626688e-5,3.2014661778024e-4
2491,TMEM245,1585.6540848493,-0.206674397450278,0.0502514511033865,-4.11280456409247,3.90881280084664e-5,3.2100595530678e-4
2492,NFU1,275.381289432521,-0.374250060762157,0.0910547433734532,-4.11016545538108,3.95375717009176e-5,3.245666550103e-4
2493,B4GALT5,3469.91161282561,-0.334284929224094,0.0813439486488684,-4.10952424583023,3.96475087769936e-5,3.2533858285237e-4
2500,USP14,2188.08608644074,-0.155978816265014,0.0379913069076675,-4.10564492145791,4.03188413215645e-5,3.2992101476609e-4
2505,GPD2,1369.44318108224,-0.365076061351172,0.0889884597073721,-4.10251017437183,4.0869187738643e-5,3.3362369256561e-4
2522,ZNF787,432.814997894234,-0.305855737150902,0.0748994043419663,-4.08355366558677,4.43521807066075e-5,3.5982638513023e-4
2529,SNAPIN,419.781263053413,-0.20762939633383,0.0509050423378809,-4.07875893621098,4.527675470911e-5,3.6624221869682e-4
2531,MRPL49,1210.69289993406,-0.287370438923731,0.0704622885720254,-4.07835800890835,4.5354888649983e-5,3.6658433706546e-4
2539,MEN1,1055.06799364671,-0.207858522070471,0.0510722945687839,-4.06988806407608,4.70357313742876e-5,3.7882281760779e-4
2554,SUPT16H,6189.08492137755,-0.178734265609696,0.0440069830229411,-4.06149781993737,4.87588736818577e-5,3.9054826895448e-4
2558,DENND4C,650.261726107342,-0.222724676937766,0.0548578634800703,-4.06003192265555,4.9066007166433e-5,3.9249115853423e-4
2577,SLFN11,646.04391579011,-1.03792311728162,0.25657814374009,-4.04525148616331,5.22669851190068e-5,4.149110262241e-4
2606,TCEA1,1169.91994260891,-0.244892099411086,0.0607617744284614,-4.03036451312679,5.56904222565535e-5,4.370553350916e-4
2618,UXS1,809.962114925462,-0.249686137553496,0.0620914215810061,-4.02126624251546,5.78861334526072e-5,4.523210970359e-4
2624,LIMK2,623.3052110197,-0.376045147308446,0.0935725319091955,-4.01875571426631,5.85062901862676e-5,4.5612163808707e-4
2626,CDC42,99.0791786986493,-0.671044606823804,0.167009405653029,-4.01800487942539,5.86929821275852e-5,4.5722861210358e-4
2631,TGOLN2,728.350576494168,-0.251247962478671,0.0625664478263669,-4.01569804915134,5.9270101497056e-5,4.6067190969805e-4
2645,ASL,342.743907067455,-0.229063555571096,0.057177459097867,-4.00618633960321,6.17069747931731e-5,4.7725504096179e-4
2653,ZMPSTE24,1729.55477648506,-0.404472940876414,0.101037350292478,-4.00320217924923,6.24908541666084e-5,4.8186031047354e-4
2658,RUSC1,1079.03055591738,-0.281461492824428,0.070344714469749,-4.00117471434855,6.30287967277774e-5,4.8509409129426e-4
2659,TRAM2,754.544608154779,-0.306195359970858,0.076545875289104,-4.00015492427772,6.33010294101456e-5,4.8688458638976e-4
2660,USP40,868.609032933932,-0.312878365934054,0.0782171474891578,-4.00012498509261,6.33090384610048e-5,4.8688458638976e-4
2663,NCKAP1,4615.42009582209,-0.140412676876865,0.0351216348879793,-3.9978969465605,6.39077617702543e-5,4.9093544218328e-4
2679,GOLM1,2112.57052081549,-0.328767254875603,0.0824127376688142,-3.98927719397935,6.62749379089485e-5,5.0607928510763e-4
2701,XRCC5,7019.09344727366,-0.305761561886675,0.0768140439494706,-3.98054243945038,6.87581873105098e-5,5.2058922005754e-4
2702,DYNC2I1,468.24928069802,-0.347049663927128,0.0871866949043349,-3.98053469405998,6.87604278533255e-5,5.2058922005754e-4
2708,ZNF395,298.245399744505,-0.703866760545128,0.176966042164836,-3.97741143970156,6.96695572386513e-5,5.2618699117088e-4
2715,HADHB,1602.02271223457,-0.209580842557728,0.0527577271582865,-3.9725146219611,7.11178692073088e-5,5.3550179096642e-4
2721,PDS5B,1154.94377747639,-0.181857023521125,0.0458034301046931,-3.97038001532753,7.17580864053361e-5,5.3949105975522e-4
2736,C1QBP,3653.47788883569,-0.206244838882145,0.0521265686250805,-3.95661644957983,7.60188391431578e-5,5.6839085977762e-4
2741,RAB14,2260.08411242102,-0.180389042045175,0.0456482440536199,-3.95171919062833,7.75917573548426e-5,5.7909324341773e-4
2744,CDC73,1015.3826340936,-0.200105528253975,0.0506568709601143,-3.95021493553228,7.80810437723624e-5,5.8210783981458e-4
2761,GEMIN5,1117.35322677387,-0.231651196603352,0.0588256936809166,-3.93792545583701,8.21891175659993e-5,6.0896152772461e-4
2762,FAM118B,279.44257292511,-0.270119131781446,0.06859773401814,-3.93772674342297,8.22571908872967e-5,6.0924524039877e-4
2767,UBXN8,163.630296218358,-0.446488068057701,0.113511849631777,-3.93340492209466,8.37509754989236e-5,6.1918818423616e-4
2782,PHLPP1,288.569309043791,-0.429329323060084,0.109364880570801,-3.92565987197456,8.6492300925987e-5,6.3600754854166e-4
2787,GOLPH3,2149.59299540529,-0.175293124708495,0.0447069296950825,-3.92093856375416,8.82047504978773e-5,6.4743616108183e-4
2811,FSCN1,2412.38769540141,-0.304755292954749,0.0780577544996077,-3.90422828466429,9.45265247849507e-5,6.8791501868578e-4
2832,AGPS,1588.06491358803,-0.20646314383398,0.0530561121489992,-3.89141110178151,9.96629049215094e-5,7.199166829023e-4
2835,EGFL7,414.386458113976,-1.00145468895669,0.257467868958759,-3.88962977402474,1.0039726938705e-4,7.2431927398326e-4
2856,MEST,742.97383680334,-0.524152498347744,0.135178241503502,-3.87749161786636,1.0553896250805e-4,7.5595607704035e-4
2858,GNG11,19.1826391614071,-1.20342809972312,0.310435675142304,-3.8765779711738,1.0593587227252e-4,7.5826806825717e-4
2859,ROCK2,1954.04357840071,-0.352485081571039,0.0909305616377556,-3.87642037201145,1.0600447936302e-4,7.5849375107709e-4
2862,YDJC,578.29280577499,-0.217249827226753,0.0561012194807556,-3.87246176174969,1.0774158326811e-4,7.7011515335985e-4
2866,UBR5,4610.22987656157,-0.158113170874146,0.0408430836939185,-3.87123489644071,1.0828538119946e-4,7.7292185736125e-4
2868,SLC20A1,2051.58455558743,-0.245255529904959,0.0633600005626991,-3.87082587952729,1.0846724942689e-4,7.7368009816108e-4
2874,NCEH1,1363.9518300753,-0.537507841163926,0.138939772378522,-3.86863913739227,1.0944447740792e-4,7.7902076351211e-4
2876,SUMF2,1427.46771692271,-0.482636575363904,0.124812668153311,-3.86688773267042,1.1023314281514e-4,7.8408880478771e-4
2882,POMP,1395.53628776391,-0.256980339848261,0.0665764404030618,-3.8599291024343,1.1341992718082e-4,8.05076839118e-4
2885,NET1,1353.67913341552,-0.28526190470971,0.073954319828132,-3.85727169653715,1.1465968978352e-4,8.1303059753956e-4
2888,CBX3,4821.15321074694,-0.270249672099481,0.0700949760275204,-3.85547848669463,1.1550348840194e-4,8.1816304094133e-4
2897,HERC2,598.19509904856,-0.28481397809374,0.0739432198909289,-3.85179301785693,1.1725611443864e-4,8.2799735349371e-4
2902,ATXN7L3,1537.19766108185,-0.252415264835614,0.0656019344133715,-3.84768021084702,1.19241560159e-4,8.4027716023866e-4
2906,CDC6,1970.81354338268,-0.304530392429056,0.0791795069037874,-3.84607588929668,1.2002460211343e-4,8.4477624730223e-4
2919,AACS,950.923405567978,-0.180775378731398,0.047120153374448,-3.83647687423335,1.2481194296054e-4,8.7470980374915e-4
2934,CLASP1,1309.96917037429,-0.254123008671022,0.0663855129650278,-3.82798892892332,1.291945662155e-4,9.0059311118047e-4
2954,CNOT11,986.040926706905,-0.169703599554946,0.0444951963950779,-3.81397573904672,1.3674889856504e-4,9.4701158359686e-4
2975,SLC30A1,497.041874931276,-0.740386203055255,0.194665513580376,-3.80337631169352,1.4273727657362e-4,9.8150469474509e-4
2977,YWHAG,6339.60229061426,-0.343890197182229,0.090444401599837,-3.80222756853144,1.4340091475261e-4,9.8540561407263e-4
2979,DSTN,4109.78550258129,-0.193195384822715,0.0508231886455099,-3.80132356846491,1.4392520481314e-4,9.8834438229693e-4
2982,PSMC1,726.339864045068,-0.291461856490621,0.0766960202054684,-3.80022138971221,1.4456687411967e-4,9.9175202678276e-4
2987,TMEM59,2343.3505039754,-0.17531100369351,0.0461498760326639,-3.79873184425085,1.4543834302068e-4,9.9606032245534e-4
3010,DEGS1,1533.10637879411,-0.216456747055007,0.0571741359042852,-3.78592074250804,1.531404828952e-4,0.00104079563408213
3021,ANXA2,12024.5131717221,-0.392430838302476,0.103770181100217,-3.78173030192057,1.5574204418092e-4,0.00105357638816442
3031,GIRGL,10.317174066962,-1.30738675657609,0.345985331864449,-3.77873463458937,1.5762728800197e-4,0.00106386718266458
3032,MEX3D,501.685860368969,-0.429954118790008,0.11379406358981,-3.7783528000182,1.5786912287496e-4,0.00106514797053204
3033,TMEM98,122.446657873806,-1.14728109264561,0.303669050853191,-3.77806394633302,1.5805230025939e-4,0.00106603228038456
3041,FADD,281.470295539249,-0.333575034184656,0.0884876515240384,-3.76973542002115,1.6342069705935e-4,0.00109934140077053
3054,USP22,3980.74093535085,-0.188557409723122,0.0501317085627192,-3.76124044300664,1.6907280702754e-4,0.00113215136280277
3060,POLDIP2,2368.68736943531,-0.180738524809581,0.0480724999100493,-3.75970721613748,1.7011232600171e-4,0.00113725093235849
3061,ADAT1,1203.62272881754,-0.242402567948682,0.0645110277371569,-3.75753691192651,1.7159406135912e-4,0.00114678200366661
3064,RAB10,2178.49695661445,-0.174820574370223,0.046533867240805,-3.75684602927058,1.7206829034869e-4,0.00114882539675696
3078,EXT2,1479.5979513652,-0.289370247829822,0.0772741201846705,-3.74472394041216,1.8059223525612e-4,0.00120025190274025
3081,MRPL24,655.30938517938,-0.245421126065815,0.0655561158775598,-3.74368009422937,1.8134451448291e-4,0.00120407813462415
3088,VPS35,3059.80810013727,-0.196474080292451,0.052517032564852,-3.74114969366996,1.8318036962594e-4,0.0012131177796821
3092,BNIP3,365.469090687709,-0.589649991957937,0.157659945208088,-3.7400113971858,1.8401191122888e-4,0.00121767543439631
3115,RAB3GAP1,1515.61804983832,-0.193606444105802,0.0519767964135648,-3.72486296703109,1.9542134810444e-4,0.00128338186779219
3119,TM9SF2,3200.77733385583,-0.179895849725798,0.048344696415420003,-3.72110827173214,1.9835036740169e-4,0.00130094692719991
3124,CCT6A,7076.28752183703,-0.255042506841745,0.0685982374111336,-3.71791632652578,2.0087277544196e-4,0.00131538231985157
3132,MAZ,623.896406560349,-0.386204062016274,0.103956641044598,-3.71504944884272,2.0316396080405e-4,0.00132698759456214
3142,TMEM45A,110.956297974113,-0.651663575952869,0.17559710584083,-3.71112936533003,2.0633661524034e-4,0.00134342079502604
3146,TNS2,187.080709512221,-0.658524989754821,0.177611993306847,-3.70766060047046,2.0918275423216e-4,0.00136021983576843
3149,CPEB4,237.60864968763,-0.332779963764685,0.0897926225214093,-3.70609471491202,2.1047961397458e-4,0.00136734882917692
3154,TTL,1207.46675937052,-0.193769762771242,0.0523230408857465,-3.70333527048554,2.1278336975641e-4,0.00138012346071874
3162,STK38,1556.25748898031,-0.271743550596026,0.0734421635967535,-3.70010273782346,2.1551220154119e-4,0.00139428624507532
3167,SLC25A1,1269.43001780542,-0.250408519918652,0.0677583755750107,-3.69560984592144,2.1935961302105e-4,0.00141693703933427
3168,P4HB,8768.21720507929,-0.305733088742176,0.0827358364165169,-3.69529217306784,2.1963407342118e-4,0.00141808026631747
3174,PFKL,2996.63578157873,-0.184285153621039,0.0499294113806274,-3.69091380261177,2.2344985607554e-4,0.00144017445045285
3179,TLK1,1112.78072323627,-0.260875539094076,0.0707238288797914,-3.68865123998708,2.2544599976776e-4,0.00145075458233694
3190,LANCL2,451.79847159942,-0.318492847671791,0.0864981580753922,-3.68207664484822,2.3134183313905e-4,0.00148356109107389
3201,NEO1,1515.83387891246,-0.330890911375838,0.0900365115289818,-3.67507476418972,2.377797736815e-4,0.00151960663236565
3212,FTH1,7539.9365497695,-0.510867783452663,0.139214098963102,-3.66965549651739,2.4287756346867e-4,0.00154686996135701
3221,ENO1,29085.2009212521,-0.329147456369188,0.0898444894043186,-3.66352414657238,2.4876875281488e-4,0.00157996348225215
3243,ABTB2,174.402260305025,-0.734538102301315,0.201066170558854,-3.65321575608517,2.5897644507561e-4,0.00163363587323831
3245,ACTB,32686.2266905655,-0.236449981754504,0.0647580124455646,-3.65128534408407,2.6093113632863e-4,0.00164495169672567
3247,TFRC,6085.82851749429,-0.310164001101875,0.0849848072755148,-3.6496405774781,2.6260749485147e-4,0.00165450000682989
3258,KDELR1,2913.17730894694,-0.148187112937026,0.0406836513612092,-3.64242411826188,2.7008260668542e-4,0.00169576876864143
3264,PTDSS1,1965.86072071587,-0.191827755647315,0.0526961112885218,-3.6402639769189,2.7235866862366e-4,0.00170699794241249
3274,CCT3,8247.31367151344,-0.178142430490949,0.0490584364256523,-3.63122927411114,2.8207445233674e-4,0.00176249146959464
3278,DOCK5,2024.79555201495,-0.627033840331248,0.172834983700146,-3.62793357517885,2.8569873738679e-4,0.00178295883792606
3280,PPP1CB,2711.78130987026,-0.153379315093692,0.0422878366098439,-3.62703149155632,2.8669833898451e-4,0.00178810607335553
3285,ADGRA3,989.947176575369,-0.255889852846216,0.0706245700603437,-3.62324121233696,2.9093427404879e-4,0.00181176330113124
3296,KANSL3,1318.13199547475,-0.154808331013061,0.0427838907635253,-3.61837897980611,2.9645406882061e-4,0.00183886018370625
3301,TMEM25,271.369763802952,-0.27986291685953,0.0773837686590723,-3.61655837792696,2.9854601103467e-4,0.00185015321046237
3307,ATF2,888.688328156852,-0.244725142983249,0.0677132685648534,-3.61413867872675,3.0134774252493e-4,0.00186412784059044
3318,STON2,648.969758389517,-0.31032583954594,0.0860179673838168,-3.6076862658385,3.0893973842252e-4,0.00190475594602456
3321,PNPO,456.758361628102,-0.377193808098259,0.104626244598289,-3.60515480170859,3.1196691524002e-4,0.00192168238032674
3323,THNSL1,169.534731105998,-0.492527459578882,0.136667691234461,-3.603832442987,3.1355923944907e-4,0.00193032842654522
3339,DNAJA1,4930.52097482493,-0.269182562112408,0.0748743484478311,-3.59512393353194,3.2423718807376e-4,0.00198649899862982
3342,ACAA2,91.3186657825263,-0.771902642572988,0.214811757007012,-3.5933910384048,3.2640217749157e-4,0.00199837698979661
3344,MTPN,4124.47221924817,-0.283609366261902,0.078935274193387,-3.59293572056359,3.2697326829402e-4,0.0020002667911157
3351,ZBTB7B,1147.59171018357,-0.263988294392466,0.0735626488511894,-3.58861866062613,3.3243468019656e-4,0.00202942890265027
3370,ORC4,536.710834635896,-0.250741446365356,0.0700720801485239,-3.57833599108072,3.4578874916836e-4,0.00209905057618317
3373,LPCAT3,406.201655481194,-0.326857191273191,0.0913650113426191,-3.57748755754515,3.4691272743872e-4,0.00210400049368929
3374,SMPDL3A,43.3285769598499,-0.762053639803603,0.213057795427997,-3.57674610437401,3.4789777880737e-4,0.00210934939569131
3376,RBM4B,462.837783814209,-0.251150667718768,0.0702328933568215,-3.57596926048291,3.4893265440639e-4,0.00211434570657993
3391,COPZ2,72.3284732906743,-0.581985207391401,0.163002925294636,-3.57039731857225,3.5644016077604e-4,0.00215030857239619
3399,SCPEP1,856.625387375123,-0.532616257264997,0.149328941152907,-3.56673162719085,3.614613221669e-4,0.00217650598019943
3409,LMAN2L,394.074051073909,-0.334077577208223,0.0937745392352264,-3.56256164981216,3.6725362646005e-4,0.00220384495057006
3431,CIAO2A,800.027462125345,-0.234011060192233,0.0658396593916402,-3.55425684692934,3.790488334176e-4,0.00225872472625225
3433,MMP2,288.573459262177,-1.79130979479848,0.503979160716469,-3.55433306458924,3.7893899055684e-4,0.00225872472625225
3437,DHX8,1290.72871068584,-0.254150775323719,0.0715521523311462,-3.5519654831276,3.8236501561525e-4,0.00227583390295059
3439,HSPD1,12193.0478100356,-0.296151508728737,0.083435638976671,-3.54946054660817,3.8602130533982e-4,0.0022962599137356
3441,MRPS35,1279.05155528945,-0.185125494142149,0.0521765141588298,-3.54806175013169,3.8807722698117e-4,0.00230580767712864
3453,BROX,1194.86069249669,-0.160687658294687,0.0453225741725615,-3.54542214841733,3.9198475948112e-4,0.00232163730603726
3460,ARFGEF1,1696.21977526992,-0.245108667195446,0.0691736624401127,-3.54338137593408,3.9503098232535e-4,0.00233559214029761
3463,VPS51,532.775891709731,-0.363120851456579,0.102537388700478,-3.54135068250365,3.9808410438802e-4,0.00235160454041752
3471,SRPK2,1173.57876715911,-0.221788882807637,0.0627031721465176,-3.53712380434895,4.0451000034691e-4,0.00238405677818979
3480,SDC2,53.5436609624671,-0.798943058357086,0.226129435822624,-3.53312276860664,4.1068171396287e-4,0.00241417121337314
3493,ADGRG6,1699.83072696845,-0.331153455199948,0.0939485080326752,-3.5248399589781,4.2373871113493e-4,0.00248165554356925
3504,CDK19,409.319932885514,-0.277638895893023,0.0788804070473726,-3.5197447158999,4.31962343332e-4,0.00252187604381929
3506,CNNM3,549.887878098179,-0.211194083946761,0.0600145731340927,-3.51904667346183,4.3310050655042e-4,0.00252707845479237
3512,NAT1,67.5947074494616,-0.633156444072102,0.180163442881422,-3.51434471913832,4.4084032571155e-4,0.00256711373273023
3514,POLR1A,2353.74191932265,-0.234030795105085,0.0666011315019664,-3.5139162027326,4.4155208273119e-4,0.00257032380630867
3519,SESN3,194.379809471192,-0.836320014755182,0.238097624211325,-3.5125088607054,4.4389720268634e-4,0.00258050726779042
3522,IRAK4,329.79362880064,-0.33283907275055,0.0948137517351485,-3.51045145518868,4.473464816253e-4,0.0025976062942404
3525,STARD3NL,581.649799734638,-0.28268978286450003,0.0805483130442529,-3.50956801179923,4.4883525428956e-4,0.00260477242468129
3543,GALNT2,1800.08985818432,-0.246445545220206,0.0704937149012695,-3.49599316145229,4.7230080399833e-4,0.00272702725018174
3555,PSKH1,851.456842333709,-0.305789375760332,0.0876189675446171,-3.48999063022078,4.8303748276776e-4,0.00277978920702666
3565,ZNF343,184.250792058896,-0.2706159098418,0.0776517542877144,-3.48499415530417,4.921477914077e-4,0.0028240862184649
3573,NVL,507.638507842253,-0.209969078730628,0.0603154677730618,-3.48118130361918,4.9920745913839e-4,0.00285818275723316
3578,FAM234A,1443.89943261672,-0.196796813590007,0.0565602177356408,-3.47942107489444,5.0249835864881e-4,0.00287220143137156
3582,LRRFIP1,1665.95962136848,-0.183395731831318,0.0527401356771047,-3.47734660665525,5.064027179374e-4,0.00289209391425057
3629,RCE1,614.353180492414,-0.217493962926042,0.0630277497586706,-3.45076515913725,5.5899974829153e-4,0.00315113195117111
3632,SRD5A3,27.706721598422,-0.627441430726013,0.181917113908152,-3.44905114888092,5.6256013060065e-4,0.00316858276203125
3634,INPPL1,3770.57819195142,-0.179686621788383,0.0521043267391212,-3.44859310222061,5.6351516566083e-4,0.00317221511940666
3647,DBN1,1866.34310464236,-0.224278534578918,0.0651427363531002,-3.44287862522749,5.7555756472202e-4,0.0032284565674577698
3661,UBE4A,1054.40204900399,-0.2447441508371,0.0712383217761871,-3.43556873231832,5.9131144815483e-4,0.00330414047935086
3678,SPNS2,59.6605523665724,-0.99129361415082,0.28913323825977,-3.42850106102363,6.0692416308406e-4,0.0033757062545434
3681,APAF1,456.33720968601,-0.478560265543684,0.139629126309452,-3.42736704148016,6.094646785805e-4,0.00338707387387161
3684,EIF1AD,953.834233455479,-0.222088113071277,0.0648165713582901,-3.42640945698329,6.1161763394418e-4,0.0033962708842552
3704,CAND1,3682.63326221669,-0.140390678254647,0.0410797845358417,-3.41751252692568,6.3196185742336e-4,0.00349029258026723
3707,ITM2B,3414.07671267084,-0.249334770967568,0.073009193305512,-3.4151147229392,6.3755152827411e-4,0.00351831443590603
3708,CCT2,6236.34223408418,-0.167454078905805,0.0490389929068838,-3.41471284338507,6.3849286258838e-4,0.00352255892394026
3720,KLHL7,576.528869787351,-0.231069384254663,0.0677728221713924,-3.40946970852573,6.5089305827621e-4,0.00357938690676248
3730,INPP5A,241.642370323041,-0.31748893531301,0.0931881320391652,-3.40696747928776,6.5688953289883e-4,0.00360267806287172
3733,PRSS23,542.847855549226,-0.483944005224501,0.142079793981444,-3.40614236312664,6.5887812104045e-4,0.00360971336961021
3735,CBX1,1932.09700767945,-0.34565402785284,0.101491546445385,-3.40574205398324,6.5984490972064e-4,0.00361404211998799
3741,CCDC127,665.104009215303,-0.21292378390496,0.0625437864116796,-3.40439548228564,6.6310671219278e-4,0.00362622057922668
3747,SKA3,558.753223521797,-0.446753864982744,0.131376846868346,-3.40055249940988,6.7249820877779e-4,0.0036715494680991
3753,ITGB6,247.638632741351,-2.12910516275713,0.626855113984001,-3.39648686795505,6.8256832494361e-4,0.0037205702700164
3758,MRPL30,722.463070461793,-0.138492985729751,0.0408227935196152,-3.39254063206638,6.9247660859413e-4,0.00376955667429756
3763,ELOVL6,624.023571658897,-0.635579532630095,0.187540246179058,-3.38903006463617,7.0140319770039e-4,0.00381307606041906
3769,ADD1,2224.25615144897,-0.175942920340897,0.0519614553714704,-3.38602756760926,7.0912259588678e-4,0.00384890446910478
3782,PDCD2,1357.18143693263,-0.158332239767574,0.0468460210701612,-3.37984392592149,7.2527002422101e-4,0.00392301662757517
3783,NCOA5,1019.18131188285,-0.323698149612876,0.0957772459713503,-3.37969782206625,7.2565564562187e-4,0.00392406490681646
3788,DARS1,1574.13267629644,-0.173283870502392,0.0512904470489901,-3.37848235826216,7.2887108940913e-4,0.00393617603785942
3802,EPHA4,52.1993180486101,-1.3031167677828,0.386196362001878,-3.37423366970107,7.402150488067e-4,0.00398324366742561
3805,TOMM40,2015.27298886992,-0.209881539503477,0.0622211670771458,-3.3731533714765,7.4312546933625e-4,0.00399530032226326
3807,GLCE,820.288861516564,-0.405712248645917,0.120360433497254,-3.37081079601773,7.4947312563841e-4,0.00402731067275677
3808,UTP25,767.197257282055,-0.215341424638499,0.0638985328656595,-3.37005272235645,7.5153803087096e-4,0.00403715445459228
3815,PSMF1,1514.68092454601,-0.194191707751877,0.0577034083136209,-3.36534207297488,7.6448816801317e-4,0.00409937993526752
3817,GCC2,720.771471704143,-0.228920502423261,0.0680540533936893,-3.36380407936861,7.6876096081315e-4,0.00412013177242725
3823,PNPLA4,284.889354159004,-0.300973486552517,0.0895446558806143,-3.36115520901427,7.761719618906e-4,0.00415223583273956
3826,COL5A2,85.4770937124189,-0.657369562570954,0.195618354722797,-3.36046974478691,7.7810052439563e-4,0.00416001637300435
3828,BRD3,1256.58157535687,-0.276355125906959,0.0822468557630844,-3.36006918857801,7.7922955272273e-4,0.00416390356485139
3835,NIPA2,215.902707425568,-0.315146023591339,0.0938854308706811,-3.35670849746032,7.8876224893086e-4,0.00420748613464895
3838,SPPL2A,824.680286273793,-0.219060494069376,0.0652828822283848,-3.35555794401076,7.9205062051126e-4,0.00422172473783194
3847,SULF1,29.7312406364129,-1.51753404371011,0.453384975971877,-3.34712027114952,8.1655774604167e-4,0.00434216839375473
3850,ZMYM4,1359.38263650647,-0.117349774197722,0.0350774674825896,-3.34544602616957,8.215034631296e-4,0.0043650639857772304
3862,ARID4B,1060.92310187635,-0.129511000524733,0.038757036397197,-3.34161258351785,8.3293229549164e-4,0.00441174184316713
3864,SNRNP200,6326.01940602432,-0.130477531313976,0.0390495434399841,-3.34133308151243,8.337713310453e-4,0.00441419775341455
3867,NCKAP5L,596.038115901823,-0.230383366735988,0.0689604692090616,-3.34080335267956,8.3536367257015e-4,0.00441919696140873
3896,GJB2,205.234021180464,-0.726631678939812,0.218417229430668,-3.32680567752769,8.7847610794207e-4,0.00461267601133755
3902,APC,1105.06689562415,-0.162155974838654,0.0488181102783474,-3.32163563714542,8.949147392064e-4,0.00469176597128278
3918,ARMCX1,17.9276877440011,-1.08071623388127,0.325960586280313,-3.31548131697093,9.1485456140752e-4,0.00477671765255583
3919,ABHD15,269.297859592294,-0.226229506271798,0.0682385426271543,-3.31527458767524,9.1553145131934e-4,0.00477903212545033
3920,SSH2,928.211210605905,-0.181113980784488,0.0546546397998217,-3.31378966996832,9.2040714594597e-4,0.00480325739403489
3921,NHSL1,304.019203070975,-0.448412751105142,0.135321763108912,-3.3136780130794,9.2077473978218e-4,0.00480395022997302
3926,SEC11C,291.225610103368,-0.246253595055752,0.074380120943969,-3.31074475183034,9.3048040965925e-4,0.00484840492623517
3928,LNPEP,1219.30770603973,-0.206141817067753,0.062299113968936,-3.30890447608197,9.3661787144735e-4,0.00487790015178169
3933,EIPR1,424.965839798117,-0.326240214761179,0.0986290364009613,-3.30775019878425,9.4048659269124e-4,0.00489182156793407
3934,RAVER1,843.133725093547,-0.279956795544389,0.084663316062584,-3.3067071851691,9.4399512497079e-4,0.00490882264146607
3935,B4GALT1,5382.39560647433,-0.501890902238109,0.151787701305288,-3.30653207026743,9.4458537108774e-4,0.00491064369411484
3936,UFSP2,207.51747001327,-0.250666153633785,0.0758145201765434,-3.30630798757386,9.453411677651e-4,0.00491332425532795
3949,SERPINI1,51.5246910747681,-1.05772859568105,0.320389439969187,-3.30138407739897,9.6209082183545e-4,0.004983917939298
3955,TMEM9,996.856437669465,-0.210876664495629,0.0639252920613252,-3.29879860843389,9.7099545885662e-4,0.0050224157021062
3960,ME2,704.946688484715,-0.281348972755159,0.0853257903142732,-3.2973497428959,9.7601881878767e-4,0.00504202448887361
3968,HNRNPK,10482.2986815592,-0.190585801114302,0.057870328518828,-3.29332502497019,9.900994639591e-4,0.00510445179793632
3978,MRPL10,875.245086446108,-0.173473816902658,0.0527574976544499,-3.2881358027796,0.00100853178026296,0.00518511141411324
3979,SIK3,552.491931730768,-0.352349823817917,0.107157939813863,-3.28813547955439,0.00100853293819996,0.00518511141411324
3990,ATP1B1,2704.6935950488,-0.345221367049812,0.105117801577888,-3.28413800391382,0.00102294818107758,0.00524472454644212
4007,MLLT10,809.858401494185,-0.175831362051032,0.0536498135503984,-3.27738999290009,0.00104771547627282,0.00534828987109252
4009,CEP350,1626.75609370562,-0.162365668351138,0.0495446873466331,-3.277155978706,0.00104858425338864,0.00535068298118521
4011,IFNAR1,1512.24928172291,-0.167168265030617,0.0510221668783314,-3.27638505493602,0.00105145102314536,0.00536263614572045
4019,NUP160,1166.88579099577,-0.140069353136364,0.0427969924660931,-3.27287842124274,0.00106458258866585,0.00541880219366444
4045,PPIB,1354.30550670308,-0.191557681934823,0.058724970077525,-3.26194601175515,0.00110650214849881,0.00559597390651176
4046,ANGPTL2,2.01751888724593,-2.83098515185678,0.867970027143891,-3.26161625784741,0.00110778996383834,0.00560110214785986
4053,HSD17B12,1250.04206584525,-0.215769344999285,0.0662022477567622,-3.25924500014043,0.0011170915294544,0.00563931601509181
4071,UGP2,1106.9520388835,-0.183577260809425,0.0564153910331091,-3.25402797796238,0.0011378107331278,0.00571615770324054
4072,KRT10-AS1,161.522580530152,-0.468109490855542,0.143853223703124,-3.25407716841715,0.00113761372707588,0.00571615770324054
4073,PAM,2575.44777373115,-0.390391190124108,0.119990155887698,-3.25352681839571,0.00113981965785222,0.00572484427711339
4082,TLK2,608.463253565006,-0.161303019719662,0.0496476888523992,-3.24895324330626,0.00115830515696427,0.00580486246840229
4090,CAV1,11139.3813681163,-0.375730883864333,0.115819844933562,-3.24409762489203,0.00117823356137572,0.0058931843435362
4091,CAPZA2,1603.17433961091,-0.272550095123986,0.0840352502484986,-3.24328295944898,0.00118160798011649,0.00590861756275801
4092,CDCA7L,558.898598592145,-0.563717150533486,0.173818439203118,-3.24313780009695,0.00118221017990779,0.00591018417653315
4094,PABIR1,318.835144646314,-0.253919300981237,0.0783109362019507,-3.24245007525413,0.00118506709211548,0.00592157242389019
4103,SEC23IP,1728.56762897816,-0.134739614800846,0.0415877822300628,-3.23988459051432,0.00119578087611086,0.00596200082442112
4104,COL12A1,12777.3094511276,-0.962736840824896,0.297204306909691,-3.23930985669543,0.001198193272733,0.00597257304588181
4113,IMPDH1,1281.02508500832,-0.324746958788653,0.10031535079165,-3.23726086013631,0.00120683039748872,0.00600246278663427
4138,SSR1,3260.89875527295,-0.113792762613212,0.0352434684420267,-3.22876174348146,0.00124327427854207,0.00614636585696835
4141,UBA1,7634.93671845377,-0.120834920698371,0.0374425882073887,-3.22720534245883,0.00125005716077311,0.00617393030853101
4145,CHPF2,1020.44686014729,-0.280000156554477,0.0868097974044226,-3.2254441886327,0.00125777356570544,0.00620754495383263
4152,TOR1A,989.485887057037,-0.19122850040352601,0.0593378475095025,-3.22270706521503,0.00126985346138018,0.0062565973649938
4162,SNHG16,552.894799079919,-0.184653439534358,0.0573597184465071,-3.2192180250425,0.00128540711388776,0.00631801377433974
4167,BICD2,1421.04097159366,-0.18773331478044,0.0584205000353605,-3.21348353175357,0.00131135317883211,0.00643708506290734
4169,RNF26,672.385432084827,-0.354592044417644,0.110361819926392,-3.21299562343342,0.00131358291210112,0.00644566218106324
4183,MESD,1250.85073076122,-0.265859979144176,0.0829193759368283,-3.20624674438843,0.00134478621435183,0.00657668935859319
4225,ADNP,3239.27345898829,-0.0995183887314688,0.0311963682918476,-3.19006327276485,0.00142241647820343,0.00688718908748107
4227,ZNF416,70.2306464952232,-0.475835496575916,0.149195886674372,-3.18933388300747,0.00142601070387496,0.00690132504593569
4231,PSMD11,3146.42948976833,-0.185968579107243,0.0583482600379395,-3.18721721926792,0.00143648847820875,0.00694546083637827
4250,NME7,175.745243491606,-0.49048578295772,0.154327668617173,-3.17821028045479,0.00148187234291425,0.00713286176917571
4256,PANK2,580.44542023427,-0.260485540019696,0.0820363586545418,-3.17524502905609,0.00149710025063316,0.00719522778514274
4279,IMPACT,963.762787476628,-0.186539077732077,0.0589588556774395,-3.16388565532245,0.00155677945447653,0.00744263549900127
4288,SLC3A2,6025.86371977887,-0.325321789681966,0.102898824358503,-3.16156954863288,0.00156921340431239,0.00748451564948641
4290,SPC25,18.7756416014155,-0.709459268209291,0.224402808128812,-3.16154362828671,0.00156935307286333,0.00748451564948641
4298,MAP4K3,594.032038973084,-0.154322768995458,0.0488923554709174,-3.15637828263876,0.00159741542147343,0.00760137875717189
4306,EIF5B,2731.305050112,-0.185449066854641,0.0588240597776007,-3.15260571194471,0.00161820217646404,0.00768719051727649
4308,TCEAL1,179.07990571984,-0.425482005920315,0.13497565570631,-3.15228700830399,0.00161996957958059,0.00769259927796658
4311,RWDD1,501.409052033652,-0.161266772022304,0.0511786270567132,-3.15105701924355,0.00162680728030444,0.00771969300236324
4316,RNF214,340.454802558118,-0.320024375030342,0.101604351808932,-3.14971130008438,0.00163431876381311,0.00774635286175274
4320,SLC7A1,2939.61701120661,-0.189470366766714,0.0601998456742118,-3.14735635357084,0.00164754035741535,0.00779998451553943
4325,BZW1,2644.28022842229,-0.27269262900995,0.0867398169993777,-3.14379991154358,0.00166769426782308,0.00788733396072563
4347,HM13,2989.24353754529,-0.171104137878301,0.0546090934324713,-3.1332535869669,0.00172880009798094,0.00813574041969086
4352,GRB10,508.465149744245,-0.307249114609005,0.0980827620353788,-3.13254957581822,0.0017329515861390901,0.00814723415143496
4353,MAGEF1,814.682260711242,-0.181466711270878,0.0579340728279035,-3.13229680588719,0.00173444438212032,0.00815105185505062
4374,MTUS1,1613.74941574386,-0.683452235705477,0.218683439312864,-3.12530403698142,0.00177621371458901,0.00830727113839675
4378,TM9SF3,3582.83008593228,-0.0965743357900886,0.0309283997501986,-3.12251317785909,0.0017931407784465,0.00837877590330744
4383,ZNF518B,634.302110331827,-0.276319632727932,0.0885221214288629,-3.12147549412251,0.00179947223969674,0.00839685301265426
4402,NSD1,3565.72587190438,-0.171737810624479,0.05515239104311,-3.11387788228872,0.00184645895451606,0.00858087479157998
4406,BRF2,72.4752356256336,-0.381873842941356,0.122672834545487,-3.11294545655712,0.00185230246867014,0.00860021597857128
4426,CDC5L,1373.73277025269,-0.170116698299388,0.0547833447643041,-3.10526308737237,0.00190109847823944,0.00878688919325446
4427,ERGIC1,1868.75616361745,-0.152520248978575,0.0491222526210843,-3.10491153887169,0.00190335940039743,0.0087953519886899
4466,PRKACB,1579.81594988174,-0.57659352762768,0.186538023454047,-3.09102410838894,0.00199467437991464,0.00913682350871335
4473,LAPTM4B,4333.15927961491,-0.19396311651333,0.0628075725487416,-3.08821227508523,0.0020136457906549,0.00920928950132514
4511,SUMO3,2162.92322559227,-0.234536524728011,0.0762816792062038,-3.07461145544547,0.00210776949478505,0.00955855476719527
4513,FGD4,447.421367324194,-0.470866583803992,0.153175758044449,-3.07402809566874,0.002111895426377,0.0095709004735034
4516,ZBTB2,673.067555005011,-0.215558649154171,0.0701278911103107,-3.07379340432608,0.00211355741729617,0.00957509834055144
4526,C19orf47,356.517614551722,-0.272604267636988,0.0887861957982579,-3.07034517231041,0.00213811510354967,0.00966403461628712
4536,U2AF2,4421.54379020021,-0.158274153545182,0.051606067102603,-3.06696794449579,0.00216242045594547,0.00975234463564295
4537,CAT,760.377806522366,-0.19957858732134,0.0650956294859371,-3.06592913990418,0.00216994734332766,0.00978413330448621
4538,RAB1B,2019.15645261724,-0.263331705451391,0.0859207684912853,-3.06482018347054,0.00217800903058346,0.00981831880534284
4539,EZR,9635.6963290354,-0.212685761959254,0.0694107314558156,-3.06416252211148,0.00218280293558585,0.0098364638446611
4542,ERMAP,201.188296952553,-0.358274954344642,0.116951606499048,-3.063446198557,0.00218803545143376,0.00985322730776422
4548,SDCBP,2767.90694387901,-0.206718878292922,0.0675160691740582,-3.06177300932605,0.00220030238893407,0.00989594608969737
4554,FAM174B,76.0139845855777,-0.5388249736428,0.17607997035525,-3.06011508609237,0.00221251954755984,0.00993884769091602
4556,CCSER2,612.743918277779,-0.196911886194236,0.0644125656704734,-3.05704149717638,0.00223533327735718,0.0100369211709605
4559,ASNSD1,298.000698746435,-0.190396552683414,0.0622909441785138,-3.05656873875237,0.00223886139501389,0.0100461477424434
4569,IPO13,872.903011322835,-0.189697118851269,0.0621614368167586,-3.05168491215002,0.00227560837047927,0.0101886890862102
4570,TRIM4,538.385292408009,-0.190999428434837,0.0625924972261819,-3.05147480766982,0.00227720156920688,0.0101935913569508
4574,F11R,1188.02326081021,-0.415659600644289,0.13625877339476,-3.05051623677888,0.00228448327864221,0.0102192933336408
4577,NRBP1,1798.65667843772,-0.123205630540309,0.0404189662622879,-3.04821330018188,0.00230206461850247,0.0102891273543161
4603,PPP4R3B,1596.16455925772,-0.156970995295907,0.0516214268865867,-3.04081085632863,0.00235941996727785,0.0104836347242839
4618,ELF2,431.102286432838,-0.197602622647059,0.0650915239408537,-3.03576580610731,0.002399256415285,0.0106283214567963
4631,RNF40,1199.6420458634,-0.224074898456177,0.0739080113566659,-3.03180797782306,0.00243093792717761,0.010738436013015
4634,NPEPPS,2156.11454676584,-0.142216019269442,0.046927107384206,-3.03057288626545,0.00244090265691555,0.0107693500510833
4636,AHCYL2,481.37111945228,-0.351743656207257,0.116065980989797,-3.03054911704211,0.00244109479331637,0.0107693500510833
4642,SCAF8,1033.11902013788,-0.126201130249822,0.041693298741618,-3.02689242777158,0.0024708187067654,0.0108887415519819
4663,ITFG1,994.085526548086,-0.157680228574165,0.0522389487275634,-3.01844184109637,0.00254078164875078,0.0111466373983476
4678,MIDEAS,1292.2736560844,-0.160215774722316,0.0531465603317498,-3.01460289663568,0.00257315911671657,0.0112524831232729
4686,FAM133B,192.746355151703,-0.272494459599197,0.0905420320537718,-3.0095907217696,0.00261599939358069,0.0114202944076996
4693,SPRED2,636.383570517232,-0.260829951408593,0.0867440698134421,-3.00689086838504,0.00263934496954685,0.011505024513535
4694,CTCF,1696.7069699451,-0.319392208804107,0.106242012715025,-3.00627031286407,0.00264473774635933,0.0115239052085042
4707,PPP5C,1319.14229138829,-0.18860949416533,0.0628270134264289,-3.00204456457561,0.00268172914046038,0.0116550102031863
4710,IMP4,1207.86968280669,-0.150089649105551,0.0500185870603338,-3.00067750663386,0.00269379694904547,0.0116984086351145
4718,ACLY,4896.92202505959,-0.123499525855737,0.0412092140194446,-2.99689107871515,0.00272748146137697,0.011826216247433
4719,VEGFA,5281.33797303219,-0.223207124447583,0.0744836497696168,-2.99672646463994,0.00272895457908631,0.0118275897932984
4729,EFNB2,132.010004169021,-0.616390245126686,0.206029694946851,-2.99175439387849,0.00277379323679743,0.0119990459389226
4741,SARAF,1624.41456308297,-0.172968473931407,0.0579124170848533,-2.98672517291022,0.00281983091456532,0.0121673235644933
4744,NSRP1,692.081102655268,-0.168408618034747,0.0564292943149904,-2.98441828981033,0.00284118074303709,0.0122516936046184
4749,SOCS6,719.029074441908,-0.468124650360609,0.156933924051921,-2.98294108930668,0.00285492940001258,0.012298018685209
4752,TUBA1A,343.545203928216,-0.5068121608309,0.170018688802375,-2.98092030000305,0.00287383575512242,0.0123716452109721
4773,CREBBP,2236.30895545599,-0.201223498957961,0.0677381144396671,-2.97060968735979,0.00297209248936768,0.0127383398397223
4775,BCKDHB,292.336525705161,-0.246186305444131,0.082906366656245,-2.9694499394105,0.00298333417178884,0.0127811658957663
4779,FAM120A,4599.73534053185,-0.127357645064227,0.04292997879457,-2.96663657053415,0.00301076613224737,0.0128825021475391
4788,NUP153,2210.41550602128,-0.142268484398328,0.0479845893410443,-2.96487864858388,0.00302802348384376,0.0129359461338574
4807,FBXO21,1628.4622224534,-0.149305599768654,0.0504789585230313,-2.95777892684796,0.0030986426611439,0.0131867969459165
4829,WNT5A,3467.214372531,-2.63952492344678,0.894837196282084,-2.94972642444192,0.00318055423215758,0.0134747264096352
4832,TLE3,1820.09851093224,-0.339694513976882,0.115228562005644,-2.9480061893009,0.00319830661264166,0.0135405129086942
4838,PDIA6,2699.72670067491,-0.188931668783299,0.0641233560786307,-2.94637836097697,0.00321518848545223,0.013596557392487
4854,HOXA5,126.949977736353,-0.614256719682542,0.208942475790714,-2.93983651413133,0.00328385463931074,0.0138418034964029
4862,FAM111A,1297.9317010561,-0.397065968712341,0.135243457761154,-2.9359347600649,0.00332544252731999,0.0139918917691043
4927,C11orf58,2383.88771195996,-0.112364224835635,0.0385730456539051,-2.91302444312584,0.00357946581647924,0.014862011814028
4942,SLC16A3,3078.20074063733,-0.532003551895896,0.182973217730904,-2.90754875764554,0.00364273552522666,0.0150788022338247
4945,SPATA20,1602.98975850276,-0.25068887549439,0.0862777231200527,-2.90560374600479,0.00366545313327057,0.0151575044971328
4949,GATAD1,1038.42828406426,-0.160509903666482,0.0552626420443344,-2.90449203528332,0.00367849562609033,0.0152052909725055
4961,TRAF3IP1,432.761556490521,-0.251631755566131,0.0867167898858315,-2.90176511258572,0.00371066652315124,0.0153011701399123
4963,PDIA4,4860.40220709681,-0.219680945365391,0.0757204526778818,-2.9012101433139,0.00371724501989669,0.015322119962125
4966,PAXIP1,725.871723306842,-0.249281591590654,0.0859484152060641,-2.90036286292182,0.00372730896637776,0.0153543212898087
4977,GLG1,5042.01770109009,-0.216355040978671,0.0747354864254124,-2.8949439058592,0.00379226293091994,0.0155873664411953
4984,DOLK,411.121447910504,-0.182978490309175,0.0632417676181738,-2.89331714151191,0.00381196181472604,0.0156463288209973
4997,RBM47,699.918313090905,-0.198214183640148,0.0686886103343801,-2.88569215005559,0.00390553972767817,0.0159887184729062
5002,PPP6R1,2495.83836295964,-0.117244787775515,0.0406447663450492,-2.8846220145585,0.00391883866131417,0.0160271256486414
5008,GTPBP10,498.94648892244,-0.229195627420764,0.079515049792298,-2.88241820912454,0.00394635574117338,0.0161203273556677
5013,ZDHHC4,513.234272761754,-0.190548744034875,0.0661800242685734,-2.8792486273741,0.00398623937377074,0.0162653915291736
5020,TFAM,1496.65469129002,-0.158013741052629,0.0549424643024408,-2.87598568900757,0.00402767972321458,0.0164099271256325
5066,UPF1,2583.48294393884,-0.15203266337336,0.0531814511233186,-2.8587535721961,0.00425309037929615,0.0171743920034073
5083,TRAPPC10,968.710397339111,-0.163351026808365,0.0572737314881007,-2.85211077686292,0.00434299627193521,0.0174787870814437
5091,GTF3C4,2352.08496635757,-0.143468938313764,0.05033659680541,-2.85019145947396,0.00436929191513098,0.0175569838357562
5098,RALBP1,1462.65279219122,-0.155321247507927,0.0545783332038655,-2.84584080147259,0.00442943332938907,0.0177742090269345
5100,ABHD5,450.312288481538,-0.214225076276272,0.0752955999079027,-2.84512078445885,0.0044394585418994,0.0178074516454188
5111,POLR1B,1153.44832257982,-0.231978859321987,0.0816913311093414,-2.8396998331621,0.00451560021530857,0.0180632838491528
5119,KIF3B,1693.57506841742,-0.245239360043696,0.0864252839521544,-2.83758813195757,0.00454557957961608,0.0181654466614976
5121,RANBP1,2710.63694003903,-0.187048312664738,0.0659275569430122,-2.83717949425038,0.00455140169816288,0.0181812579223862
5127,COPS2,1772.1281413493,-0.188547986700584,0.0664846296972291,-2.83596355366994,0.00456876594430426,0.0182296167198424
5132,AFTPH,735.666997428373,-0.23331332029482,0.0823241670377528,-2.83408054633368,0.00459577467302567,0.0183195172420277
5133,SCRN1,2646.20497398703,-0.226353916144078,0.0798746864877618,-2.833862968323,0.0045989047830534,0.0183248529697942
5136,CMTM6,1968.5961853716,-0.169186697891147,0.059708728926845,-2.8335337383992,0.00460364480546279,0.0183343955452122
5145,MAPK14,1284.05529764963,-0.105541772106468,0.0372896813482877,-2.83032110466974,0.00465013082265989,0.0184893539823427
5146,SART1,1844.25154184728,-0.125783292418333,0.0444490091649334,-2.82983343794231,0.00465722427585146,0.0185033826424429
5159,LDLRAD3,502.903568735699,-0.30090654684184,0.10660745173752,-2.82256579570729,0.00476410453041224,0.0188896338681494
5162,CDC27,2132.85195435768,-0.172759072500525,0.0612157732262102,-2.82213330642953,0.00477053429381806,0.0189056218614173
5170,FBXL19,889.491288974193,-0.261040690136331,0.0926692468723936,-2.81690743096021,0.00484884987819901,0.0191862518294617
5172,WASHC5,1492.26488554479,-0.128762721331069,0.0457252815832586,-2.81600718186091,0.00486245796867845,0.0192326571278529
5185,KAT5,407.258054041676,-0.246641668648906,0.0877206329074695,-2.81167224259624,0.00492846953535951,0.0194445616578023
5187,HPSE,232.338374909465,-0.289644777396943,0.103023748692755,-2.81143698489115,0.00493207507164386,0.0194462272619439
5201,TTLL5,1002.28378582128,-0.250599285934058,0.0892411171014284,-2.8081146233214,0.00498324862737503,0.0196005224322651
5212,MTMR6,589.884157635595,-0.230287676058945,0.0821507146608901,-2.8032339950973,0.00505929478766056,0.0198576349714451
5215,ESRP2,1146.64835516559,-0.6379649837618,0.227650363406471,-2.80238948102494,0.00507255931601379,0.0198982446649461
5220,PPP2R1A,3542.94357046189,-0.132903933346954,0.04745787228357,-2.80046127126869,0.00510296303400111,0.0199983361660078
5260,ZC3H14,2558.65604016311,-0.0872400548095361,0.0313264528642782,-2.78486859611918,0.00535494193246237,0.020824568358134
5266,RAI1,1615.54479669471,-0.271807614308623,0.0976553178427838,-2.78333653827443,0.00538029660065123,0.0209010116899966
5298,COL5A1,1457.122700295,-1.14289757474727,0.412154853779824,-2.77298099067837,0.00555453653103967,0.0214484575918099
5308,ARL6IP6,796.953924141122,-0.22539485145714,0.0813701598681763,-2.76999396120508,0.00560573319648307,0.0216044619443207
5321,NOL11,1721.57020218121,-0.131512772589062,0.0475685958006623,-2.76469738859163,0.00569756242143737,0.0218964934163713
5332,RFX7,955.374126389743,-0.286461115767237,0.103771661819786,-2.76049463546913,0.00577139058362303,0.0221424106646058
5336,CBL,1853.85977816262,-0.209752758756912,0.075999839374369,-2.75991055354324,0.00578171891581384,0.0221657840818598
5346,WDR45B,2922.83586842929,-0.16155281732939,0.0586127675484053,-2.75627348932077,0.00584640904277037,0.0223676809029275
5368,CDK13,1298.04291009207,-0.147679797650829,0.0537570355587954,-2.74717153049311,0.00601116871370673,0.0229080622906666
5370,ANKRD17,2966.67462010903,-0.101200093178496,0.0368410617092885,-2.74693747908412,0.0060154600373372,0.0229158782092751
5372,PMS2,366.729314337154,-0.234310535529634,0.0853163767512908,-2.74637231973273,0.00602583359354212,0.0229468499298382
5377,MINDY2,555.828543315392,-0.161597335007652,0.0588744030090574,-2.74478086822878,0.0060551314892608,0.0230367612647217
5386,VGLL4,446.375961051116,-0.183673668545579,0.0669742257848531,-2.74245303164248,0.00609821704247424,0.0231598759921626
5407,M6PR,1759.23914570581,-0.134890163596837,0.0492904606470536,-2.7366383236449,0.00620704936800911,0.0234839298911342
5420,MRPS18A,186.56528852735,-0.212898732296518,0.077932127932536,-2.73184805733547,0.00629801786072186,0.0237665654633439
5423,HSPH1,4777.63961719462,-0.349109443735232,0.127833422314897,-2.73097158327857,0.00631479162735958,0.0238210754786825
5427,TRIM2,372.332148964472,-0.532173218373227,0.194914019025957,-2.73029729227612,0.00632772341353762,0.0238522642105655
5430,TGFBI,2735.64480592315,-0.692765756705282,0.253818652778173,-2.72937291693345,0.00634549013687223,0.0239060205764264
5441,STAMBP,1066.34390669349,-0.114678584135571,0.0420725643302983,-2.72573316984593,0.00641588419629687,0.0241223567365641
5452,ILF2,4440.19421019466,-0.181226132038364,0.0665911779997687,-2.72147358677141,0.00649915786380533,0.0243861468121544
5473,PSMB5,2169.63019530553,-0.212308073401486,0.0781782299701267,-2.71569301943282,0.00661372111348043,0.0247195137964816
5476,ANKRD11,4349.46576812237,-0.198148702089938,0.0729934160025967,-2.71461061752321,0.00663537363902152,0.024788137058704
5485,TCF12,1475.18271384346,-0.141438767730439,0.0521810519613531,-2.71053883381257,0.00671739819445666,0.0250490315656307
5498,CDS1,437.584227632201,-0.332743231191573,0.122929862303945,-2.70677299197541,0.00679406974149915,0.0252748290056098
5501,PPP4R1,1811.29804289164,-0.125292435743022,0.0463007853668528,-2.70605422241326,0.00680879276194423,0.0253203914799297
5512,PARP1,4724.05535373842,-0.18448472578899,0.0682597523096564,-2.7026867157689898,0.00687815410493226,0.0255272856539549
5517,BPTF,2451.36862112732,-0.14452919530111,0.0535003777829302,-2.70146121000333,0.0069035532648384,0.0255983304583649
5526,METTL13,874.7813020992,-0.207785886034582,0.0771189148718891,-2.6943569729911,0.00705245874826904,0.0261078806755953
5531,PAIP1,1405.74974451276,-0.134413197349341,0.049942706491353,-2.69134788225008,0.0071163944002722,0.026320752168933
5537,PFKP,2574.07773983767,-0.162687345400419,0.0605010244725415,-2.68900149739208,0.00716660977310708,0.0264777562088589
5539,POFUT1,2533.73611355693,-0.188960357763768,0.0702837864630318,-2.6885341168003,0.00717665016795787,0.026505277574637
5558,HDAC2,2654.31099630906,-0.144103592796427,0.0537136792514627,-2.68280994347456,0.00730064667838027,0.0268710559733043
5564,ANP32E,2659.51707325795,-0.236700085913988,0.088282378859331,-2.68117022867209,0.00733651848065893,0.0269739681090654
5586,TMCO1,1476.44807749752,-0.199033534776935,0.074440528236885,-2.67372544890559,0.00750138361823677,0.0274665839767799
5587,TAX1BP1,1892.61579976353,-0.236088883494346,0.088299440615584,-2.67373022805626,0.0075012767265021,0.0274665839767799
5591,SLC12A2,1080.9761849175,-0.212400417484671,0.0795061309437634,-2.67149734194596,0.00755136705518168,0.0276150010453793
5597,NCL,15397.3917473529,-0.203797589589421,0.0763035051666566,-2.67088109706495,0.00756524397811583,0.0276509194318948
5604,MFSD11,357.550091651155,-0.186501063967865,0.0698861294722165,-2.66864205209718,0.00761585661040157,0.0278011382367925
5605,PPP2R1B,720.388429617319,-0.275092973436635,0.103087967000846,-2.66852651613913,0.00761847646656457,0.027805018517885
5611,NAA35,1049.98941477996,-0.163940201950408,0.0614904705310196,-2.66610745591394,0.00767351615832421,0.0279766743986524
5617,THRAP3,3641.54729005752,-0.13819528748843,0.0518966962978173,-2.66289180905418,0.00774723186896003,0.0282152612325646
5622,SNX10,268.766298565086,-0.288082287318924,0.108284136774672,-2.66042927338834,0.00780411157531216,0.0283971381174246
5623,SLFN5,742.049310057441,-0.531905016859746,0.199936954578516,-2.66036370305352,0.00780563122112771,0.028397616555328
5645,GPX8,590.140502408098,-0.410810274484701,0.154892317512449,-2.65223144105701,0.0079961710658394,0.028977444020173
5657,ESRP1,1917.84876300544,-1.36262055661849,0.514493192748835,-2.64847149743279,0.00808566671250067,0.0292396117973531
5658,RDH14,175.432460424095,-0.203073467762562,0.0766800556631316,-2.64832186161546,0.0080892468837149,0.0292473883881505
5662,CDH3,2680.92801143775,-1.51312512545175,0.572085746884633,-2.64492715242718,0.00817085055624858,0.0295215630217551
5666,FIGNL1,884.783013228605,-0.1806074876624,0.0683237529332136,-2.6434070130624,0.00820763064898331,0.0296335157406021
5670,EMC4,569.672923845885,-0.164206228524169,0.0621676076871041,-2.64134707178432,0.0082577077703011,0.0297880317152265
5675,TANC1,976.470761008574,-0.287165104039849,0.108781756859006,-2.63982778299904,0.00829481663348296,0.0298979646923877
5676,CALD1,2079.85081644389,-0.307232011959059,0.116384567949569,-2.63980025334791,0.00829549042352215,0.0298979646923877
5690,MFSD9,241.783056183801,-0.182338952827508,0.069123938833440507,-2.63785536392635,0.00834321583002532,0.0299990195054541
5696,NUP42,411.960340406822,-0.232294203932763,0.0880987244701963,-2.63674877621353,0.00837047975158742,0.0300623076331151
5698,CD109,2654.58015985142,-0.180034281913012,0.0683021879321853,-2.63584941219981,0.00839269680693762,0.0301274376273985
5707,POSTN,5.57412382113709,-2.13130695856249,0.809628192345129,-2.63245151134011,0.00847711224517938,0.0303865928157762
5716,MBTPS2,839.632596185224,-0.128967320697219,0.0490435984874904,-2.62964636924256,0.008547372818118,0.030590203943359
5718,PHACTR2,473.592728228262,-0.369645369555608,0.140576087939059,-2.6295038862929,0.0085509554522364,0.0305923217359916
5725,AHR,336.87253896393,-0.336772514120911,0.128180605009229,-2.62732816791326,0.00860582939393147,0.0307509959671015
5727,USP12,1004.73458070192,-0.177184363311956,0.0674478469628357,-2.62698323653809,0.00861455778120937,0.0307714350497992
5728,MAD2L1BP,423.232364237505,-0.169362205942287,0.0644951113317436,-2.62596966568735,0.00864025170398738,0.0308578263108362
5765,KIF1B,1533.38528515856,-0.161337062452227,0.0617457920729954,-2.6129240072181,0.00897712605674737,0.031855172201714
5776,ZC3H15,1313.23868348544,-0.136062642913807,0.0521367961410988,-2.609723899136,0.00906153257253989,0.0320878954191533
5777,DYNC1H1,9623.31980190988,-0.152067913678751,0.0582684886442817,-2.6097796118773,0.00906005704525834,0.0320878954191533
5779,ULBP3,205.652871051903,-0.422817646622123,0.162039477400072,-2.60934960668994,0.00907145110608295,0.0321119008958538
5780,CLN6,665.390824326562,-0.213320461904678,0.0817573580122918,-2.60918976702509,0.00907568971751142,0.0321213468081542
5790,AHNAK,12507.3250907433,-0.253959626006371,0.0974289729793758,-2.60661298421087,0.00914426501592037,0.0323081570692026
5796,PEX12,121.615964303398,-0.269913186113741,0.103586202432659,-2.60568666265384,0.00916902977979926,0.0323621190830493
5800,STRADB,209.464937938368,-0.406719871135275,0.15617473972596,-2.60426155887276,0.00920724615129452,0.032474592158109
5809,MGST3,712.952402957816,-0.203308730635006,0.0781833959948677,-2.60040802843038,0.00931129745004892,0.0327891087696729
5815,USP47,1021.07801484071,-0.154591584882987,0.0594722567170441,-2.59938992425492,0.00933896247775499,0.0328541969746232
5816,TINCR,88.9855759534977,-0.42624262032259,0.1640241185507,-2.59865819788471,0.00935889100776042,0.0329186439727914
5827,RAB8A,510.803022080411,-0.155543540172118,0.0599107247468414,-2.59625535877562,0.00942459932104594,0.0330825913426118
5830,FASN,16918.0852380538,-0.213967170951242,0.0824427580424753,-2.59534222327938,0.00944967773419658,0.0331581573599416
5833,TTPAL,1288.70427546105,-0.205059407847112,0.079038287014692,-2.59443132679475,0.00947475393999708,0.0332233529911759
5838,CTSL,753.492430664643,-0.199353925361826,0.0768840704940193,-2.59291585475217,0.00951660512434417,0.0333415295476466
5851,TMEM69,826.209119559505,-0.145067571045298,0.0560650900385302,-2.58748484922796,0.0096679447226926,0.0338018228842992
5865,TASOR2,2552.93236267115,-0.133589530438989,0.051733311743934,-2.58227292890549,0.00981519287776318,0.0342351919352773
5879,ZFP36L2,430.707700205693,-0.364644284164022,0.141474144232769,-2.57746237760639,0.00995287155141482,0.0346313196798099
5892,CCDC91,396.224039016073,-0.194916534243034,0.0757074152468107,-2.57460294487131,0.0100355217288666,0.0348432905647359
5893,NUDT22,224.708732973257,-0.250574129093436,0.0973501455346313,-2.57394714427311,0.0100545632043878,0.0349034786139761
5896,NIBAN2,4015.32022347226,-0.250257812371111,0.0972659866885761,-2.5729221580035,0.0100843886061225,0.034985906022402
5915,ADM,427.542737032747,-0.914671732942004,0.356354190948698,-2.56674891491225,0.010265691631544,0.0355038467804726
5922,PHF14,683.968513747825,-0.269821649523326,0.105279344392094,-2.56291156713918,0.0103798482909291,0.0358562236554436
5932,DNAJC7,1359.72958544661,-0.103297971155338,0.0403621048071156,-2.55928107934368,0.0104888896017827,0.036165719633182
5933,RNF149,874.81050223028706,-0.228015981965279,0.0890926634042905,-2.55931266675207,0.0104879364994698,0.036165719633182
5949,PPME1,1611.56341090163,-0.338963674248392,0.132694761290594,-2.55446161515059,0.0106352155274193,0.0365654796713304
5964,PIGM,446.940008801005,-0.185744732004587,0.0728713095162491,-2.5489418707807,0.0108050308620151,0.0370621254769018
5968,ARCN1,3162.76593592907,-0.120350693254481,0.0472447330883935,-2.54738857407255,0.0108532507263324,0.0372025720691322
5973,FLT1,3.16354187479536,-1.63592673603192,0.642606328030565,-2.54576817045304,0.0109037575823327,0.037344411327939
5983,SCMH1,554.488541914902,-0.151917881706056,0.0597105381311092,-2.54423903151706,0.0109516112414462,0.0374393568125444
5985,SPP1,2.98997419424652,-1.64815333816556,0.648030459609969,-2.54332695897897,0.0109802428813825,0.0375309655178685
5990,ATG13,1110.17949659583,-0.239507550951096,0.094283238791463,-2.54029829714316,0.0110757958920487,0.0378259693762338
6004,VWA8,645.864202013796,-0.162141033403827,0.0640030172664069,-2.53333421343136,0.0112983171405626,0.0384959483251982
6008,SYT7,563.435442214075,-0.510602773877647,0.201624132916536,-2.53244870289914,0.0113268941807884,0.0385719046238085
6012,FBXO11,776.698820257277,-0.197259627889449,0.0779239821060878,-2.53143669712482,0.0113596320181837,0.0386533586487
6028,VDAC2,994.494596785558,-0.129617897940825,0.0512672654582275,-2.52827797196317,0.0114623560018642,0.0388929203400458
6031,CHST14,423.474277114193,-0.266864418908147,0.105581929756408,-2.52755769404707,0.0114858950722631,0.0389598666047564
6036,NCCRP1,9.94610868257598,-1.02890288016593,0.407225042473802,-2.52661986088962,0.0115166082579262,0.0390316857409537
6043,CLCN3,1640.41144168388,-0.150303324714021,0.059570436155193,-2.52311942659695,0.0116318889962122,0.0393702106544527
6075,KIAA2013,938.816699278779,-0.192682362889685,0.0766040721631756,-2.51530182989814,0.0118930517069114,0.0400487504145328
6081,NDRG4,219.69613113031,-0.321170853638287,0.12778716834889,-2.51332632053802,0.0119598650913455,0.0402340010152368
6106,BNIP3L,850.24395438765,-0.365612182858846,0.145840255611452,-2.50693597131995,0.0121782769801693,0.0408010173899973
6131,PRMT5,1289.4451124132,-0.144761524006899,0.0579273235566758,-2.49901972193251,0.0124537380068625,0.0415402117081993
6136,NUDT16L1,389.141076975766,-0.201774977761319,0.0807779082438047,-2.49789802865803,0.0124932125197865,0.0416515072550965
6138,HNRNPA2B1,22746.7624565033,-0.111166691661261,0.0445191704874327,-2.4970521787382,0.0125230528189487,0.0417363809312149
6141,ZNF746,520.60787563757,-0.207155923942972,0.0829784098576462,-2.49650390141675,0.0125424289052764,0.0417815450440059
6149,ZSCAN25,363.402252255665,-0.259530280978391,0.104078218009254,-2.49360803770982,0.0126452095461991,0.0420691253352733
6159,ESYT2,2915.16730856982,-0.17810603533585,0.0715123324292675,-2.4905639249288,0.0127540550149674,0.042366426598394
6163,KIDINS220,994.107142661764,-0.111915007837191,0.0449436243175091,-2.49011977864881,0.0127700050557849,0.0423877970835944
6165,EIF3J,1802.29233499783,-0.159559187131905,0.0640974188115816,-2.48932312861053,0.012798658332585,0.0424691246568844
6172,PSMD3,3208.64116497877,-0.172747805538892,0.0694710407678298,-2.48661605799473,0.012896449695474,0.0427447635489818
6175,SH3RF1,613.693795477319,-0.234712582393695,0.0944080982370929,-2.48614882384609,0.0129133949935247,0.0427666053719501
6181,PRKRA,522.796507662676,-0.125786089192105,0.0506292552808831,-2.48445465954937,0.0129750029946653,0.0429428306523003
6185,DCTN4,1580.86365395185,-0.119622242134398,0.0481802637934737,-2.48280587767561,0.013035210174594,0.0431141947520887
6211,CERS6,926.048751295833,-0.275358315431498,0.111251157739909,-2.47510516767161,0.0133196947201495,0.0438707124279662
6219,FKBP7,102.209788776205,-0.510422632467847,0.206593700444754,-2.47065922808397,0.0134864264619404,0.0443627313284957
6226,FILIP1L,107.023394691184,-1.23515549581941,0.500359295076761,-2.46853712516708,0.0135666578527631,0.0445764728066133
6240,RPTOR,1076.50027194936,-0.249069035891619,0.101139011386057,-2.46264060206105,0.0137918085481827,0.0452122516776047
6243,IGF2R,3399.120148158,-0.157643651934953,0.0640390637440798,-2.46167952368802,0.0138288170888123,0.0453141296149021
6245,PATL1,1954.75508650689,-0.131438998790255,0.0534246593378565,-2.46026835583615,0.0138833162660556,0.0454781426508726
6247,YAE1,213.633182622195,-0.235188127184248,0.0956133256105175,-2.45978398599261,0.0139020662532678,0.0455176967578584
6258,RUNDC1,487.894295658782,-0.143111036959196,0.0582151311024166,-2.45831340150079,0.0139591297187104,0.0456314983470213
6268,XRCC6,12146.2868294461,-0.165907634359303,0.0675747457454658,-2.45517215831235,0.0140817131775694,0.0459587757615727
6270,UBE2E1,420.367670949244,-0.187466600319254,0.0763750856231441,-2.45455175322836,0.0141060358209538,0.0460234728531502
6280,TMEM248,1961.88016725965,-0.19201992397204,0.0783327389121087,-2.45133677998278,0.0142326718850149,0.0463627020305335
6284,TGS1,927.53642059404,-0.129705155642013,0.0529449488377479,-2.44981170988567,0.0142930935492942,0.0465298877686046
6289,OLFML2B,85.0314541616343,-0.618643414398561,0.252621096201658,-2.44889846374794,0.0143293836170012,0.0466187516693996
6312,FAM120AOS,748.902796865793,-0.187787591359991,0.0768243078691845,-2.44437726246429,0.0145102443828328,0.0470312565761706
6324,HEXIM1,1426.05832168134,-0.130991195846485,0.0536634569727917,-2.44097572604948,0.0146476392894341,0.0473824726350336
6329,PREP,878.521163067753,-0.16446909055824,0.0674278098044627,-2.43918779262136,0.0147203163306918,0.0475799512050818
6338,NCOA6,1512.73229445661,-0.115277918276548,0.0473282805568784,-2.43570898668099,0.0148626363538602,0.0479641823459406
6350,RUNX1,1016.69751872055,-0.305244996075549,0.125489622335696,-2.43243218358719,0.0149977997790787,0.0483165338709626
6362,TENT4B,693.137997605544,-0.139053575488457,0.0572229021957332,-2.43003360809662,0.0150974228149982,0.0485457369579407
6364,TMEM260,378.478372870475,-0.208345267758938,0.0857567453537996,-2.4294913117258,0.0151200273050921,0.0486031424544734
6371,ATP2B4,1960.50527229512,-0.261375532886835,0.107687058935397,-2.42717681651644,0.0152168376122469,0.0488605944174752
6381,MACF1,3553.2232771444,-0.303030622830653,0.124958661068921,-2.42504697344281,0.0153064061116512,0.0490711722027971
6388,PEX26,902.926014111516,-0.129331624606795,0.0533692395930708,-2.42333646858979,0.0153786754777059,0.0492354806791583
6397,C1GALT1,752.900454851774,-0.157051972857695,0.0648556592980858,-2.42156158086161,0.0154539824026903,0.0494203717386019
6405,CYP20A1,193.965010994586,-1.55438507325456,0.64234378814794,-2.41986472343151,0.0155262818436366,0.0495894176530063
6421,SPTLC1,2206.14520434786,-0.0748895147024044,0.0310051040969232,-2.4153931065123,0.0157182353613912,0.050077548791151
6430,UCHL5,899.195241829991,-0.11705958888069,0.0485028921450588,-2.41345585188192,0.0158020421262525,0.0502662689747703
6434,FUCA2,1400.28455440532,-0.208237258653603,0.0863125831412248,-2.41259444538793,0.0158394331296256,0.0503603569305942
6436,MYADM,375.724112808707,-0.462799411420351,0.191863467590275,-2.41212888119306,0.0158596742113126,0.0504025719031881
6437,TGFA,566.877913867816,-0.600226999129906,0.248833786117436,-2.41216037619036,0.0158583042034077,0.0504025719031881
6445,VANGL1,1215.14928062862,-0.285297443604423,0.118346688159052,-2.41069224701073,0.0159222774423229,0.050538716778526
6447,RIC1,1174.55668821232,-0.141010384765107,0.0585214142671977,-2.40955189704199,0.0159721242866616,0.0506812077760565
6456,CCDC86,741.843699526168,-0.232381725852782,0.0965650119573427,-2.40647954308167,0.0161071060914092,0.0510230652918668
6462,GLS,5833.39438150762,-0.23252954786783,0.0966812818914059,-2.40511444737578,0.0161674016983296,0.051180617559246
6485,BEX3,1450.89733999107,-0.122273256065244,0.0509888349549422,-2.39803980956408,0.0164830737193094,0.0519960276138647
6489,ASB8,332.93691866885,-0.164641957396034,0.0687168838353522,-2.39594621011223,0.0165775228942819,0.0522617330633879
6504,WDR43,1853.75184437814,-0.186508567103021,0.078004742122034,-2.39099011200164,0.0168030054069572,0.0528504123016794
6507,APP,14346.9369899602,-0.215282403875351,0.0900762536715221,-2.3900017496333,0.0168482925349435,0.0529684217592346
6516,PLEKHG1,71.2489529697708,-0.371662054659458,0.155622650912985,-2.38822595861877,0.0169299291607209,0.0531515593678433
6520,RAB17,295.668389588062,-0.418142726948697,0.175148606022079,-2.3873597195286,0.0169698777128423,0.0532442926950328
6523,LCLAT1,551.340618546856,-0.18557566295305,0.0777807055373801,-2.38588299850102,0.0170381707424156,0.0534109175931005
6528,BMI1,457.328250586889,-0.151062532871637,0.0633225711933195,-2.38560326949538,0.0170511343343696,0.0534254947278601
6529,VPS35L,482.445451122499,-0.175154497438157,0.0734199038584878,-2.38565413781739,0.0170487762799878,0.0534254947278601
6559,LMBRD2,674.994615078359,-0.24580083134533,0.103476172872973,-2.3754341170607,0.0175283212530279,0.0546694416638501
6571,PRKAR1A,3988.52714024045,-0.130433161899945,0.0549851654524134,-2.3721518490806,0.0176848209516805,0.0550568227375633
6590,SLX9,263.110289464325,-0.16452889756785,0.0694795865649844,-2.36801779777382,0.0178836755808924,0.0555091160428514
6599,HERPUD2-AS1,140.655178734449,-0.358810925783986,0.151624269159148,-2.36644785016159,0.0179597042906179,0.0556742166436922
6621,JAK1,2640.19827490507,-0.126068641391368,0.0534034121395354,-2.36068513865685,0.0182412106665404,0.0563601339080829
6626,CLINT1,2116.949602224,-0.114362028046368,0.0484804682804157,-2.35892993823589,0.01832771562659,0.0565846783237475
6641,SHCBP1,1195.01326178681,-0.2820846417558,0.119832731517337,-2.35398657932611,0.0185732816488343,0.0572149643252353
6656,ATP6V1H,910.495662097444,-0.197711735623672,0.0841319336670949,-2.35002010539787,0.0187723970489428,0.0576963531295406
6681,PLPP1,158.709451938973,-0.196199815700658,0.0837442603705165,-2.34284492850728,0.0191373353235018,0.0585715841880427
6688,DAB2,227.909501453947,-0.413726503708735,0.176722648118424,-2.34110629347004,0.0192266923567311,0.0588010832025187
6698,ERI1,79.8234970281211,-0.578039551438162,0.247250529125032,-2.33786982573393,0.019394001995219,0.0592330693962668
6706,CCDC186,572.063952066245,-0.166764778383435,0.0714382347323641,-2.33439108634476,0.0195752531026744,0.0597153225054295
6707,MARCHF7,1617.5293432338,-0.151258242383074,0.0648000638947937,-2.33422983391883,0.01958369052618,0.059725979654471
6708,CITED2,355.097782294444,-0.370163500313671,0.158581733336547,-2.33421272756616,0.01958458579079,0.059725979654471
6726,CAP1,4734.2080996211,-0.101508378377204,0.0435525720454226,-2.33070915470474,0.0197687011368217,0.0601173492514672
6729,MINDY3,241.879928101949,-0.336523186963486,0.144401050964455,-2.33047602296415,0.0197810058386753,0.0601367270681796
6731,PRKAR2A,1373.48558267607,-0.152609143685592,0.0655011334187527,-2.3298702743043,0.0198130085430547,0.060202639866958
6779,PIGG,844.616102710272,-0.144790405844231,0.0625475513316516,-2.31488527946515,0.020619211177727,0.0622226291581002
6791,INIP,668.236767299529,-0.152426215993048,0.0659117374897912,-2.31258076024254,0.0207457003513586,0.0624937111011254
6800,IFT74,221.327222750956,-0.200259495916266,0.0866538607678553,-2.31102796969149,0.0208313100278267,0.0626685454763605
6814,DLD,2261.06449996657,-0.294275762773087,0.127530769239071,-2.30748833813927,0.0210276116211235,0.0631291239996073
6819,TMED7,2008.57913837192,-0.220320717952282,0.0955234955026898,-2.30645577606693,0.0210851784920528,0.0632555354761583
6820,USP9X,4018.18111612822,-0.177686083066399,0.0770612242922902,-2.30577809654883,0.0211230347218108,0.0633598125079301
6826,TMEM179B,208.234741912401,-0.276887553757912,0.120126588471502,-2.30496476492878,0.0211685468558495,0.0634405161192665
6831,CCDC90B,512.603307065452,-0.188629122629068,0.081866152086222,-2.30411614351194,0.0212161247666365,0.063536563365698
6837,PIGV,307.351283008671,-0.19241562787022,0.0835678078666707,-2.30250897782567,0.0213064857159912,0.0637418511687674
6842,NOP58,1537.48266953561,-0.129757854347989,0.0563776227966852,-2.30158435051323,0.0213586235116029,0.0638604737177523
6843,PFN2,1937.16637268198,-0.326549639402749,0.141885680987835,-2.30149820002448,0.0213634870107311,0.0638656808093711
6865,COL15A1,3.57406908954333,-1.36679599662913,0.595330601714698,-2.29586047263895,0.0216838604434018,0.0646156930940524
6869,RFC3,1109.66240115159,-0.187654338917196,0.0817797978976329,-2.29462952637876,0.02175436466457,0.0647897872764815
6874,ISCA1,468.126918245236,-0.130324233818138,0.0568066773773593,-2.29417103472557,0.0217806763840608,0.0648091773322802
6880,MSH6,1819.88278017757,-0.165791908027044,0.0723216036999969,-2.29242576968812,0.0218810864152149,0.0650612477901238
6884,DENR,2906.05207270099,-0.114057575650057,0.0497689316591413,-2.29174249572438,0.0219205066710524,0.065140587590023
6885,FKBP10,1810.38087024075,-0.149465326263006,0.0652230053644979,-2.29160440289007,0.0219284811891724,0.0651548205790706
6886,GOLGA1,729.085963957117,-0.163330212767078,0.0712792982657772,-2.29141162638938,0.021939617774386,0.065178443335843
6889,MFSD14B,1509.06598503989,-0.131068402909146,0.0572171464356026,-2.29071897279363,0.0219796725793791,0.0652595300372074
6890,AP3B1,1567.48575079207,-0.140708303260333,0.0614252652082092,-2.29072357739741,0.0219794060942158,0.0652595300372074
6897,TUBB6,2647.84326418938,-0.155763836898738,0.0680589930515087,-2.28865914576274,0.0220991644924443,0.0655390832853822
6902,ASCC3,2230.92359743797,-0.124456168832969,0.0543989453368126,-2.28784157601577,0.0221467486615833,0.0656412688162865
6911,PAPSS2,1021.53306533093,-0.44334641035683803,0.193950395117791,-2.28587526252566,0.0222615570277979,0.0659013617917495
6921,ARFIP1,592.977176332326,-0.115020519387987,0.0503632703887774,-2.28381752217618,0.0223822574487467,0.0661571796892085
6931,CDKN1A,1795.40962204588,-0.478857423205153,0.209862823446992,-2.28176394151156,0.0225032807184589,0.0664224332164249
6940,JRKL,239.864047308224,-0.223882062413808,0.0982056407896801,-2.27972711764368,0.0226238779386732,0.0666792088915866
6965,FHL3,238.487014799331,-0.239810091032735,0.105567960036772,-2.27161812115346,0.0231095854251099,0.0678754901710658
6967,TRMT1L,582.364940473227,-0.161732597980626,0.071222383791166,-2.27081135693027,0.0231584001509185,0.0679993385800687
6974,GNAI1,1129.27618196529,-0.201415653970171,0.0887709188633029,-2.26893735639177,0.0232721356088839,0.0682647086537048
6982,SLC30A9,1261.76555077623,-0.130903977650218,0.0577257995577232,-2.2676858294413,0.0233483621584709,0.0684098316636837
7008,MED13,2803.00588357872,-0.132420588022237,0.0585245881226737,-2.26264878181918,0.0236573484628043,0.0690481348985001
7011,B3GALT6,339.316189822898,-0.20933488480724,0.0925396561983162,-2.26211003376355,0.0236906058341502,0.0691254776136373
7014,TMEM177,256.24895789939,-0.151567805017655,0.0670417524187885,-2.26079718308762,0.0237718191215511,0.069332777839973
7027,TSR1,1694.63173564493,-0.0959723928499813,0.0425059240284166,-2.25785922888821,0.0239544371910413,0.0696996689717265
7034,TMEM104,466.483522372164,-0.234509032994794,0.103895412279621,-2.25716446808686,0.0239977997543515,0.0697928617535923
7037,ECHDC1,819.991672598993,-0.200763439047741,0.0889665196726628,-2.25661788037136,0.0240319621197429,0.0698624199351401
7050,LAMA4,166.979585500734,-0.9489314204224,0.420865858510557,-2.25471228239008,0.0241513942097586,0.0700839706463655
7059,VPS41,953.10484046975,-0.138286237115079,0.0614300830779599,-2.25111590585971,0.0243781972517055,0.0706480777982914
7069,HIGD1A,803.139150434916,-0.141561669271302,0.062957939177775,-2.24851180200757,0.0245435733875382,0.0710267195910127
7073,NAMPT,1331.56072639226,-0.240283714220113,0.106935481615354,-2.24699707328584,0.0246402141543743,0.0712660626263305
7081,TXNDC9,419.461881960701,-0.206702383649705,0.0920646679551023,-2.24518686963069,0.0247561386711783,0.0715204531558105
7094,NADK,1304.3366088597,-0.101048242435749,0.0450963579443509,-2.24071847576789,0.0250443165611614,0.072220409344753
7110,TMED2,5242.6452817519,-0.114490436596249,0.0511806537825386,-2.23698659815303,0.0252872159700846,0.0727567618987371
7113,ZNF45,333.372898580253,-0.171240944233368,0.0765813132483333,-2.23606695902535,0.025347385381869,0.0728991231206093
7115,RTL6,1423.36532197909,-0.196003781894329,0.0877128229288145,-2.2346080692603,0.0254430906256828,0.0731538025199709
7117,EIF2AK2,2589.52221644942,-0.201864711174275,0.0903574226105601,-2.23406893802528,0.0254785374419999,0.0732351328440343
7118,ERCC3,1415.78625726612,-0.0899023101003545,0.0402573960651997,-2.23318741119648,0.0255365881440574,0.0733916807618687
7125,PLOD1,2931.59855859103,-0.300691974359664,0.134751408421025,-2.23145700577886,0.0256508724126298,0.0736477048344096
7136,SNX3,1748.63987474634,-0.135378174013802,0.0607462716501085,-2.22858408156413,0.0258415911724567,0.074070538127357
7162,G3BP1,5656.14766642643,-0.111223884974299,0.0501164735549542,-2.21930788590579,0.026465785483964,0.0755948860158409
7186,TCTN1,482.232152813552,-0.4472088918755,0.202071677577612,-2.21312010290871,0.0268893664995937,0.0765376054657281
7198,QPCT,14.0500180330149,-0.904602991241022,0.409141000772041,-2.21098102985048,0.0270371507435922,0.0768406491750022
7220,B3GNT5,439.140414344347,-0.184638622758961,0.0837195603617438,-2.20544185804555,0.0274231035068839,0.077700059340765
7222,PUM1,2082.51909881272,-0.0793683167932548,0.0359957138780215,-2.20493798406693,0.0274584466212437,0.0777786544628611
7223,DDX23,2371.13146166158,-0.128048112067802,0.0580787842486924,-2.20473127535697,0.0274729571047123,0.0778089829006091
7229,KCTD3,1668.58498186468,-0.172736887297214,0.0784032941666482,-2.20318405155347,0.0275817789230423,0.078052351836862
7231,SORL1,761.009115205334,-0.372663680294271,0.169183680309863,-2.20271647721418,0.0276147381779683,0.0781311184924274
7234,TGFBRAP1,764.153889421671,-0.129775406878639,0.0589733606908879,-2.20057675801899,0.0277660004678543,0.0785193629486999
7235,FURIN,2315.50526292713,-0.185317291152015,0.0842169738885661,-2.20047435327257,0.0277732576045161,0.078529029829383007
7238,USP24,2617.17063588644,-0.0912342026672175,0.0414748049721974,-2.19975001035873,0.0278246364665387,0.0786324653127273
7242,MAPKAP1,1279.68946742289,-0.0870086154676701,0.039565002749532,-2.19913078279009,0.0278686242753877,0.0787116452853247
7251,HAT1,81.0878544253457,-0.224394031394617,0.102103520480227,-2.19771101269787,0.0279697062662337,0.0789099822215339
7253,AAK1,889.608108803311,-0.160444845816084,0.0730281096075541,-2.19702860553695,0.0280184033025582,0.0790255723645987
7260,TTC8,900.898823022186,-0.212034464285324,0.0965558517968426,-2.19597735755522,0.0280935640741817,0.0791611625710103
7272,KDM3B,2252.71346065817,-0.0780075201452363,0.0355900388190089,-2.19183577016982,0.028391367250736,0.0798682893080728
7279,IPO7,5297.08191346839,-0.12368036567695,0.0564927704788549,-2.18931315686214,0.0285740867314478,0.0802498753796303
7281,GLIS2,31.7062225646435,-0.398777271094128,0.182133994401223,-2.18947194566909,0.028562555445707,0.0802498753796303
7302,PCNT,2851.7004723923,-0.199488532627584,0.0913501646423601,-2.18377857783388,0.028978522464533,0.0811844633757034
7305,KCNK1,611.505583906934,-0.434968645707234,0.199254842377508,-2.18297653656589,0.029037537959299,0.0813170313529609
7313,SRP14,2676.66301030077,-0.135931132737416,0.0623312719839107,-2.18078547751286,0.0291992872142074,0.0816805440367893
7325,HNRNPUL1,5816.28883167085,-0.138943709946648,0.0638023926409929,-2.17771942705135,0.0294269316701818,0.0821824902630593
7327,NDRG2,211.757869926799,-0.231638156196862,0.106388238592795,-2.17729101694659,0.0294588610028139,0.0822379802858302
7329,KRCC1,264.665191393464,-0.23789233567868,0.109277109282293,-2.1769640251385,0.0294832516967002,0.0822948396724512
7335,ZBTB38,3160.01960310049,-0.240640342237653,0.110579802376785,-2.17616903869755,0.0295426231110687,0.0823931071551647
7337,SUPT5H,2226.62011147699,-0.0899756765998519,0.0413561651739373,-2.17562910442564,0.0295830052556463,0.0824832409042874
7341,EIF3A,6653.11107937312,-0.06124900646689,0.0281653747897735,-2.17462067961293,0.0296585533495303,0.0826488252106445
7346,SPINT2,1478.70160170978,-0.336838997906198,0.154958092039244,-2.17374254853945,0.0297244753208926,0.0827761491477675
7348,SERPINE2,1286.10012129653,-0.424473216454454,0.195360275359953,-2.17277138697904,0.0297975278463878,0.0829457105937618
7353,STIP1,4511.74053187505,-0.193944932118959,0.0893151769994298,-2.17146669395501,0.0298959121632177,0.083174306422269
7356,ZNF384,803.915454132888,-0.138244146139907,0.0637036662765768,-2.17011287136449,0.0299982963433007,0.0834251153201336
7359,ACADM,1324.49646660664,-0.163614003124201,0.0754163505547472,-2.16947653818687,0.0300465237020932,0.0835251712696997
7367,CENPQ,290.294754258907,-0.170888405426069,0.078833481852492,-2.16771353250417,0.0301804892040792,0.0837856268209535
7371,UBR2,951.928273350421,-0.114871633263051,0.0530054994637616,-2.16716443435432,0.0302223182102005,0.0838770809423513
7373,OSBPL5,329.001066238189,-0.25585032200483,0.118087974467024,-2.16660776137096,0.0302647750904506,0.0839721285806793
7378,OAF,467.544286523385,-0.386547184976044,0.178593753891692,-2.16439363949125,0.0304341515689072,0.0843848520798503
7382,CLOCK,1129.91370807218,-0.198072067141401,0.0915861474391381,-2.16268587204223,0.0305653484584362,0.0847027002728569
7393,IKBIP,607.905541054408,-0.299514169355242,0.138638784945317,-2.16039234239812,0.0307423097532754,0.0850663371598479
7395,TNNT1,513.296828527075,-0.539781375365859,0.249980914906594,-2.15929034249495,0.0308276489122215,0.0852794068691433
7435,LINC03057,118.53315841096,-0.513606352413266,0.238845856439786,-2.15036743810018,0.0315261618758391,0.0867308624924746
7440,SLTM,2507.12387253242,-0.106540060793702,0.049590061557404,-2.14841557860085,0.0316807563017308,0.0871093053312509
7448,EXOC6B,1012.40991185348,-0.293097653584184,0.136528090011524,-2.14679377379003,0.0318097032427051,0.0873699112830315
7459,TMED10,4363.99347786428,-0.128363127607379,0.059872364825861,-2.14394617584796,0.0320371997283763,0.0878649946163552
7464,COPS8,908.375507501319,-0.14541169194618,0.0678726069361543,-2.14242090454791,0.0321596271927535,0.0881416791910715
7465,FANCF,214.532040510853,-0.307265736127982,0.143426993588254,-2.1423145562827,0.0321681782773839,0.0881533051601397
7466,TAOK1,3727.01478808305,-0.126959907652674,0.059267794390149,-2.14213990851288,0.0321822253089361,0.0881799870271773
7468,GET1,302.983887934285,-0.160289516977435,0.0748432822205665,-2.14166872726205,0.0322201489415029,0.0882513934007819
7483,HOOK3,812.675012366333,-0.141241547321801,0.0660678802594973,-2.13782471553562,0.0325309722638446,0.0889330615530495
7485,NUAK1,260.934682775594,-0.370072602419609,0.173151474490002,-2.13727664468129,0.0325754973075967,0.089030988433067
7490,SERBP1,6815.87639423523,-0.0737097176518218,0.0345157843012148,-2.13553651305057,0.0327172109758491,0.0893586094703531
7491,DDB1,5480.80240528878,-0.15394277393649,0.072095862857782,-2.13525114804661,0.0327405009815845,0.0894102828167499
7503,DCTN5,1840.8368350932,-0.128034161563059,0.0600322372635816,-2.13275678867178,0.0329446826873298,0.0898120167556911
7520,ABHD2,2025.27719475642,-0.143528827315206,0.0673846867886758,-2.12999175562431,0.0331722940211005,0.0902401088816028
7526,HACD2,4083.104051969,-0.179992908595045,0.0845478948443,-2.12888693357195,0.0332636160855673,0.0904163957297966
7549,SEPTIN2,7185.70498110384,-0.182841880711566,0.0861444702222916,-2.122502816951,0.033795536391852,0.0915823669317946
7550,COL5A3,55.1537258776314,-0.804550332695126,0.379084868787709,-2.12234884306522,0.0338084547054591,0.0916052394582221
7564,PSMD5,1415.13334650722,-0.0979180061573153,0.0462404260107348,-2.117584430009,0.0342102779543833,0.0925224294173479
7574,NOM1,1162.05120076969,-0.150876368609447,0.0713412924143355,-2.11485331290592,0.0344424513696875,0.0930273604000128
7581,MCC,611.72159233016,-0.208372083214295,0.0986321959792089,-2.11261729646797,0.03463353708266,0.0934682117396429
7605,INTS7,1042.23112806819,-0.116457757950463,0.0552892609992878,-2.10633594744489,0.0351751808657271,0.0946067150894266
7606,EMP3,906.265054924719,-0.256470287924238,0.12176075783037,-2.10634602226719,0.0351743063526713,0.0946067150894266
7611,GOSR2,786.575950857311,-0.102942060100496,0.0489068529530832,-2.10485962364516,0.0353035292475285,0.0948895411662974
7630,GYS1,1350.89007341415,-0.182868479029409,0.0870877030325418,-2.09981975252094,0.0357446999913958,0.0958360848917411
7636,ARMC8,1069.81253931713,-0.140639396768713,0.0670327535237999,-2.09806981476271,0.0358989785790794,0.0961740970131257
7647,C9orf40,248.160777902978,-0.184843627301327,0.0881472729963181,-2.09698633909013,0.0359947846606585,0.0962920504515615
7648,EFNA3,66.0503921844305,-0.448160262870327,0.213759416741683,-2.096563836586,0.0360322033824504,0.0963795481949253
7650,GPI,4065.8571712463,-0.230341277678441,0.109898759276047,-2.09594065661709,0.0360874555357456,0.0965018885423819
7663,SCYL1,1973.75507132682,-0.126216590155242,0.060327277491926,-2.09219768241878,0.036420835740469,0.097228374884872
7664,SAP130,745.685252696116,-0.137498030930667,0.0657409618062734,-2.09151231063289,0.0364821640462327,0.0973793880341575
7687,MUL1,582.421938309751,-0.134996018640306,0.064703271623593,-2.08638628701245,0.0369436461424462,0.098303351864727
7712,CLBA1,300.082254192272,-0.227206014556803,0.109306085470736,-2.07862182218236,0.0376521236223119,0.0998767496034277
